[
    {
        "user": "UNK56SRFD",
        "type": "message",
        "subtype": "channel_join",
        "ts": "1569875404.000400",
        "text": "<@UNK56SRFD> has joined the channel"
    },
    {
        "client_msg_id": "c3b18073-924d-4782-9dfd-5078ceb914a2",
        "type": "message",
        "text": "Hello <@UNNV3R865>!! Excited that you made it here. :slightly_smiling_face:",
        "user": "UNG35QZFF",
        "ts": "1569879685.005700",
        "team": "TN9LC1S6M",
        "user_team": "TN9LC1S6M",
        "source_team": "TN9LC1S6M",
        "user_profile": {
            "avatar_hash": "90c831cac8ba",
            "image_72": "https:\/\/avatars.slack-edge.com\/2019-09-17\/764115434832_90c831cac8ba4f2fc73e_72.jpg",
            "first_name": "Cindy",
            "real_name": "Cindy Wu",
            "display_name": "cindy",
            "team": "TN9LC1S6M",
            "name": "cindy",
            "is_restricted": false,
            "is_ultra_restricted": false
        }
    },
    {
        "client_msg_id": "b4c27db2-85e7-4930-a931-150d342903f6",
        "type": "message",
        "text": "oops. I'll put this in into yourself. :slightly_smiling_face:",
        "user": "UNNV3R865",
        "ts": "1569879693.005900",
        "team": "TN9LC1S6M",
        "user_team": "TN9LC1S6M",
        "source_team": "TN9LC1S6M",
        "user_profile": {
            "avatar_hash": "gcde34fcf0c1",
            "image_72": "https:\/\/secure.gravatar.com\/avatar\/cde34fcf0c134d3ad771e0357bc64e01.jpg?s=72&d=https%3A%2F%2Fa.slack-edge.com%2Fdf10d%2Fimg%2Favatars%2Fava_0014-72.png",
            "first_name": "",
            "real_name": "Z Morris",
            "display_name": "Z Morris",
            "team": "TN9LC1S6M",
            "name": "ztopiapub",
            "is_restricted": false,
            "is_ultra_restricted": false
        },
        "reactions": [
            {
                "name": "thumbsup_all",
                "users": [
                    "UNG35QZFF"
                ],
                "count": 1
            }
        ]
    },
    {
        "type": "message",
        "text": "",
        "files": [
            {
                "id": "FNYKWBQ6T",
                "created": 1569884732,
                "timestamp": 1569884732,
                "name": "image.png",
                "title": "image.png",
                "mimetype": "image\/png",
                "filetype": "png",
                "pretty_type": "PNG",
                "user": "UNB6R8QP5",
                "editable": false,
                "size": 293555,
                "mode": "hosted",
                "is_external": false,
                "external_type": "",
                "is_public": true,
                "public_url_shared": false,
                "display_as_bot": false,
                "username": "",
                "url_private": "https:\/\/files.slack.com\/files-pri\/TN9LC1S6M-FNYKWBQ6T\/image.png?t=xoxe-757692060225-808518148580-808990851829-cb70f89030c5a979dfbdab397746fcee",
                "url_private_download": "https:\/\/files.slack.com\/files-pri\/TN9LC1S6M-FNYKWBQ6T\/download\/image.png?t=xoxe-757692060225-808518148580-808990851829-cb70f89030c5a979dfbdab397746fcee",
                "thumb_64": "https:\/\/files.slack.com\/files-tmb\/TN9LC1S6M-FNYKWBQ6T-7e0c9d4b29\/image_64.png?t=xoxe-757692060225-808518148580-808990851829-cb70f89030c5a979dfbdab397746fcee",
                "thumb_80": "https:\/\/files.slack.com\/files-tmb\/TN9LC1S6M-FNYKWBQ6T-7e0c9d4b29\/image_80.png?t=xoxe-757692060225-808518148580-808990851829-cb70f89030c5a979dfbdab397746fcee",
                "thumb_360": "https:\/\/files.slack.com\/files-tmb\/TN9LC1S6M-FNYKWBQ6T-7e0c9d4b29\/image_360.png?t=xoxe-757692060225-808518148580-808990851829-cb70f89030c5a979dfbdab397746fcee",
                "thumb_360_w": 360,
                "thumb_360_h": 200,
                "thumb_480": "https:\/\/files.slack.com\/files-tmb\/TN9LC1S6M-FNYKWBQ6T-7e0c9d4b29\/image_480.png?t=xoxe-757692060225-808518148580-808990851829-cb70f89030c5a979dfbdab397746fcee",
                "thumb_480_w": 480,
                "thumb_480_h": 267,
                "thumb_160": "https:\/\/files.slack.com\/files-tmb\/TN9LC1S6M-FNYKWBQ6T-7e0c9d4b29\/image_160.png?t=xoxe-757692060225-808518148580-808990851829-cb70f89030c5a979dfbdab397746fcee",
                "thumb_720": "https:\/\/files.slack.com\/files-tmb\/TN9LC1S6M-FNYKWBQ6T-7e0c9d4b29\/image_720.png?t=xoxe-757692060225-808518148580-808990851829-cb70f89030c5a979dfbdab397746fcee",
                "thumb_720_w": 720,
                "thumb_720_h": 400,
                "thumb_800": "https:\/\/files.slack.com\/files-tmb\/TN9LC1S6M-FNYKWBQ6T-7e0c9d4b29\/image_800.png?t=xoxe-757692060225-808518148580-808990851829-cb70f89030c5a979dfbdab397746fcee",
                "thumb_800_w": 800,
                "thumb_800_h": 445,
                "thumb_960": "https:\/\/files.slack.com\/files-tmb\/TN9LC1S6M-FNYKWBQ6T-7e0c9d4b29\/image_960.png?t=xoxe-757692060225-808518148580-808990851829-cb70f89030c5a979dfbdab397746fcee",
                "thumb_960_w": 960,
                "thumb_960_h": 534,
                "image_exif_rotation": 1,
                "original_w": 978,
                "original_h": 544,
                "permalink": "https:\/\/jelly-community.slack.com\/files\/UNB6R8QP5\/FNYKWBQ6T\/image.png",
                "permalink_public": "https:\/\/slack-files.com\/TN9LC1S6M-FNYKWBQ6T-05fd412d98",
                "is_starred": false,
                "has_rich_preview": false
            }
        ],
        "upload": true,
        "user": "UNB6R8QP5",
        "display_as_bot": false,
        "ts": "1569884735.006200",
        "client_msg_id": "dc69f991-a8fe-438c-876d-17930fad1bed",
        "thread_ts": "1569553497.001400",
        "parent_user_id": "UNG35QZFF"
    },
    {
        "user": "UNJ63Q3C2",
        "type": "message",
        "subtype": "channel_join",
        "ts": "1569899956.006700",
        "text": "<@UNJ63Q3C2> has joined the channel"
    },
    {
        "user": "UNWG10HRA",
        "type": "message",
        "subtype": "channel_join",
        "ts": "1569902755.006900",
        "text": "<@UNWG10HRA> has joined the channel"
    },
    {
        "client_msg_id": "45739fc3-3752-47bb-9483-1755a017d258",
        "type": "message",
        "text": "Hi everyone, I'm Eric a research student from University of Queensland!",
        "user": "UNWG10HRA",
        "ts": "1569903203.007700",
        "team": "TN9LC1S6M",
        "user_team": "TN9LC1S6M",
        "source_team": "TN9LC1S6M",
        "user_profile": {
            "avatar_hash": "ee171c7f1b5f",
            "image_72": "https:\/\/avatars.slack-edge.com\/2019-10-10\/790008745108_ee171c7f1b5fa98f406b_72.png",
            "first_name": "Eric",
            "real_name": "Eric Wu",
            "display_name": "Eric Wu",
            "team": "TN9LC1S6M",
            "name": "eric.lee.wu",
            "is_restricted": false,
            "is_ultra_restricted": false
        },
        "thread_ts": "1569903203.007700",
        "reply_count": 1,
        "reply_users_count": 1,
        "latest_reply": "1569903277.009000",
        "reply_users": [
            "UNG35QZFF"
        ],
        "replies": [
            {
                "user": "UNG35QZFF",
                "ts": "1569903277.009000"
            }
        ],
        "subscribed": true,
        "last_read": "1569903277.009000",
        "reactions": [
            {
                "name": "flag-au",
                "users": [
                    "UNG35QZFF"
                ],
                "count": 1
            }
        ]
    },
    {
        "client_msg_id": "152f889b-14cc-4d4a-8101-d35d2ef90087",
        "type": "message",
        "text": "<@UNWG10HRA> you made it. Yayayaya",
        "user": "UNG35QZFF",
        "ts": "1569903228.008000",
        "team": "TN9LC1S6M",
        "user_team": "TN9LC1S6M",
        "source_team": "TN9LC1S6M",
        "user_profile": {
            "avatar_hash": "90c831cac8ba",
            "image_72": "https:\/\/avatars.slack-edge.com\/2019-09-17\/764115434832_90c831cac8ba4f2fc73e_72.jpg",
            "first_name": "Cindy",
            "real_name": "Cindy Wu",
            "display_name": "cindy",
            "team": "TN9LC1S6M",
            "name": "cindy",
            "is_restricted": false,
            "is_ultra_restricted": false
        }
    },
    {
        "client_msg_id": "4ce76ea3-c84a-43c1-a621-e22014fd115f",
        "type": "message",
        "text": "I need to fix the settings so that new members get sent to <#CNNGS9C00|introduce-yourself> instead of @honolulu-sciencehack :woman-facepalming::skin-tone-2:",
        "user": "UNG35QZFF",
        "ts": "1569903255.008600",
        "team": "TN9LC1S6M",
        "user_team": "TN9LC1S6M",
        "source_team": "TN9LC1S6M",
        "user_profile": {
            "avatar_hash": "90c831cac8ba",
            "image_72": "https:\/\/avatars.slack-edge.com\/2019-09-17\/764115434832_90c831cac8ba4f2fc73e_72.jpg",
            "first_name": "Cindy",
            "real_name": "Cindy Wu",
            "display_name": "cindy",
            "team": "TN9LC1S6M",
            "name": "cindy",
            "is_restricted": false,
            "is_ultra_restricted": false
        }
    },
    {
        "client_msg_id": "e4e6bd12-eeb7-430d-9bef-35929af46150",
        "type": "message",
        "text": "would be awesome if you could join <#CNNGS9C00|introduce-yourself> and give a short intro :slightly_smiling_face:",
        "user": "UNG35QZFF",
        "ts": "1569903277.009000",
        "team": "TN9LC1S6M",
        "user_team": "TN9LC1S6M",
        "source_team": "TN9LC1S6M",
        "user_profile": {
            "avatar_hash": "90c831cac8ba",
            "image_72": "https:\/\/avatars.slack-edge.com\/2019-09-17\/764115434832_90c831cac8ba4f2fc73e_72.jpg",
            "first_name": "Cindy",
            "real_name": "Cindy Wu",
            "display_name": "cindy",
            "team": "TN9LC1S6M",
            "name": "cindy",
            "is_restricted": false,
            "is_ultra_restricted": false
        },
        "thread_ts": "1569903203.007700",
        "parent_user_id": "UNWG10HRA"
    }
]