[
    {
        "user": "UNQBNM9RD",
        "type": "message",
        "subtype": "channel_join",
        "ts": "1569276571.000200",
        "text": "<@UNQBNM9RD> has joined the channel"
    },
    {
        "client_msg_id": "8d158274-4adb-47c1-bcef-8e5eabbc6233",
        "type": "message",
        "text": "hi",
        "user": "UNJ95CKPG",
        "ts": "1569277408.000400",
        "team": "TN9LC1S6M",
        "user_team": "TN9LC1S6M",
        "source_team": "TN9LC1S6M",
        "user_profile": {
            "avatar_hash": "3c827ecd0300",
            "image_72": "https:\/\/avatars.slack-edge.com\/2019-09-23\/759234742083_3c827ecd0300e7312f4f_72.png",
            "first_name": "Denny",
            "real_name": "Denny",
            "display_name": "denny",
            "team": "TN9LC1S6M",
            "name": "denny",
            "is_restricted": false,
            "is_ultra_restricted": false
        }
    },
    {
        "client_msg_id": "485a5d50-555c-45c1-98c4-5df6931c60ba",
        "type": "message",
        "text": "this is third denny",
        "user": "UNJ95CKPG",
        "ts": "1569277412.000600",
        "team": "TN9LC1S6M",
        "user_team": "TN9LC1S6M",
        "source_team": "TN9LC1S6M",
        "user_profile": {
            "avatar_hash": "3c827ecd0300",
            "image_72": "https:\/\/avatars.slack-edge.com\/2019-09-23\/759234742083_3c827ecd0300e7312f4f_72.png",
            "first_name": "Denny",
            "real_name": "Denny",
            "display_name": "denny",
            "team": "TN9LC1S6M",
            "name": "denny",
            "is_restricted": false,
            "is_ultra_restricted": false
        }
    },
    {
        "client_msg_id": "4d4fbfe5-d596-42b4-80f4-eff6c5474268",
        "type": "message",
        "text": "but why",
        "user": "UN74A97FV",
        "ts": "1569277448.000800",
        "team": "TN9LC1S6M",
        "user_team": "TN9LC1S6M",
        "source_team": "TN9LC1S6M",
        "user_profile": {
            "avatar_hash": "gece0186c6ef",
            "image_72": "https:\/\/secure.gravatar.com\/avatar\/ece0186c6ef6197201c058eb16af0684.jpg?s=72&d=https%3A%2F%2Fa.slack-edge.com%2Fdf10d%2Fimg%2Favatars%2Fava_0015-72.png",
            "first_name": "Skander",
            "real_name": "Skander",
            "display_name": "skander",
            "team": "TN9LC1S6M",
            "name": "skanderm",
            "is_restricted": false,
            "is_ultra_restricted": false
        }
    },
    {
        "client_msg_id": "56c65d57-31fa-4883-9212-fcd832a9ec90",
        "type": "message",
        "text": "i have no idea how i ended up with so many dennys",
        "user": "UNJ95CKPG",
        "ts": "1569277461.001100",
        "team": "TN9LC1S6M",
        "user_team": "TN9LC1S6M",
        "source_team": "TN9LC1S6M",
        "user_profile": {
            "avatar_hash": "3c827ecd0300",
            "image_72": "https:\/\/avatars.slack-edge.com\/2019-09-23\/759234742083_3c827ecd0300e7312f4f_72.png",
            "first_name": "Denny",
            "real_name": "Denny",
            "display_name": "denny",
            "team": "TN9LC1S6M",
            "name": "denny",
            "is_restricted": false,
            "is_ultra_restricted": false
        }
    },
    {
        "client_msg_id": "577b25ca-1dba-4235-b1b6-45a4f9923661",
        "type": "message",
        "text": "im trying to set up a slack auto inviter",
        "user": "UNJ95CKPG",
        "ts": "1569277465.001300",
        "team": "TN9LC1S6M",
        "user_team": "TN9LC1S6M",
        "source_team": "TN9LC1S6M",
        "user_profile": {
            "avatar_hash": "3c827ecd0300",
            "image_72": "https:\/\/avatars.slack-edge.com\/2019-09-23\/759234742083_3c827ecd0300e7312f4f_72.png",
            "first_name": "Denny",
            "real_name": "Denny",
            "display_name": "denny",
            "team": "TN9LC1S6M",
            "name": "denny",
            "is_restricted": false,
            "is_ultra_restricted": false
        }
    },
    {
        "client_msg_id": "a868e459-82ca-4f12-a358-1d65d6b879b3",
        "type": "message",
        "text": "since our slack is still private :disappointed:",
        "user": "UNJ95CKPG",
        "ts": "1569277474.001700",
        "team": "TN9LC1S6M",
        "user_team": "TN9LC1S6M",
        "source_team": "TN9LC1S6M",
        "user_profile": {
            "avatar_hash": "3c827ecd0300",
            "image_72": "https:\/\/avatars.slack-edge.com\/2019-09-23\/759234742083_3c827ecd0300e7312f4f_72.png",
            "first_name": "Denny",
            "real_name": "Denny",
            "display_name": "denny",
            "team": "TN9LC1S6M",
            "name": "denny",
            "is_restricted": false,
            "is_ultra_restricted": false
        }
    },
    {
        "user": "UNB3ACN0K",
        "type": "message",
        "subtype": "channel_join",
        "ts": "1569279941.001900",
        "text": "<@UNB3ACN0K> has joined the channel"
    },
    {
        "user": "UNQQ455U6",
        "type": "message",
        "subtype": "channel_join",
        "ts": "1569282272.002100",
        "text": "<@UNQQ455U6> has joined the channel"
    },
    {
        "user": "UN9RWGMKL",
        "type": "message",
        "subtype": "channel_join",
        "ts": "1569286055.002300",
        "text": "<@UN9RWGMKL> has joined the channel"
    },
    {
        "user": "UNG74ENGZ",
        "type": "message",
        "subtype": "channel_join",
        "ts": "1569286637.002500",
        "text": "<@UNG74ENGZ> has joined the channel"
    },
    {
        "user": "UNG7J4S9X",
        "type": "message",
        "subtype": "channel_join",
        "ts": "1569287895.002700",
        "text": "<@UNG7J4S9X> has joined the channel"
    },
    {
        "user": "UNG7NLK6V",
        "type": "message",
        "subtype": "channel_join",
        "ts": "1569288334.002900",
        "text": "<@UNG7NLK6V> has joined the channel"
    },
    {
        "user": "UNB64GBTM",
        "type": "message",
        "subtype": "channel_join",
        "ts": "1569288603.003200",
        "text": "<@UNB64GBTM> has joined the channel"
    },
    {
        "user": "UNG7S3FMX",
        "type": "message",
        "subtype": "channel_join",
        "ts": "1569288656.003400",
        "text": "<@UNG7S3FMX> has joined the channel"
    },
    {
        "user": "UNB6R8QP5",
        "type": "message",
        "subtype": "channel_join",
        "ts": "1569290621.003600",
        "text": "<@UNB6R8QP5> has joined the channel"
    },
    {
        "user": "UNB6RDSP5",
        "type": "message",
        "subtype": "channel_join",
        "ts": "1569290639.003800",
        "text": "<@UNB6RDSP5> has joined the channel"
    },
    {
        "user": "UNG91CV2M",
        "type": "message",
        "subtype": "channel_join",
        "ts": "1569293075.004800",
        "text": "<@UNG91CV2M> has joined the channel"
    }
]