[
    {
        "client_msg_id": "f464ad2f-231f-4236-bb0f-3d74bca25687",
        "type": "message",
        "text": "honolulu science hack is relocated to the university of hawaii cancer center this week. i’m gonna update the website tomorrow.",
        "user": "UNG35QZFF",
        "ts": "1570528679.001800",
        "team": "TN9LC1S6M",
        "user_team": "TN9LC1S6M",
        "source_team": "TN9LC1S6M",
        "user_profile": {
            "avatar_hash": "90c831cac8ba",
            "image_72": "https:\/\/avatars.slack-edge.com\/2019-09-17\/764115434832_90c831cac8ba4f2fc73e_72.jpg",
            "first_name": "Cindy",
            "real_name": "Cindy Wu",
            "display_name": "cindy",
            "team": "TN9LC1S6M",
            "name": "cindy",
            "is_restricted": false,
            "is_ultra_restricted": false
        }
    }
]