[
    {
        "type": "message",
        "subtype": "bot_message",
        "text": "",
        "ts": "1570652181.000100",
        "bot_id": "BNV3HU52B",
        "attachments": [
            {
                "fallback": "<https:\/\/twitter.com\/hnlscihack|@hnlscihack>: Excited that University of Hawaii Cancer Center is hosting us this Thursday October 10th at 5pm. Website is updated. <http:\/\/hnlsciencehack.org\/>",
                "ts": 1570652175,
                "author_name": "Honolulu Science Hack",
                "author_link": "https:\/\/twitter.com\/hnlscihack\/status\/1182027014389125121",
                "author_icon": "https:\/\/pbs.twimg.com\/profile_images\/1176413008580378624\/inE9s84w_normal.jpg",
                "author_subname": "@hnlscihack",
                "pretext": "<https:\/\/twitter.com\/hnlscihack\/status\/1182027014389125121>",
                "text": "Excited that University of Hawaii Cancer Center is hosting us this Thursday October 10th at 5pm. Website is updated. <http:\/\/hnlsciencehack.org\/>",
                "service_name": "twitter",
                "service_url": "https:\/\/twitter.com\/",
                "from_url": "https:\/\/twitter.com\/hnlscihack\/status\/1182027014389125121",
                "id": 1,
                "footer": "Twitter",
                "footer_icon": "https:\/\/a.slack-edge.com\/80588\/img\/services\/twitter_pixel_snapped_32.png"
            }
        ]
    },
    {
        "type": "message",
        "subtype": "bot_message",
        "text": "",
        "ts": "1570652271.000200",
        "bot_id": "BNV3HU52B",
        "attachments": [
            {
                "fallback": "<https:\/\/twitter.com\/hnlscihack|@hnlscihack>: We'll put up some contact details on the website later today. founders at jellypbc dot com is a good contact source if you can't find us or @cindywu or @dennyluan.",
                "ts": 1570652265,
                "author_name": "Honolulu Science Hack",
                "author_link": "https:\/\/twitter.com\/hnlscihack\/status\/1182027391608053760",
                "author_icon": "https:\/\/pbs.twimg.com\/profile_images\/1176413008580378624\/inE9s84w_normal.jpg",
                "author_subname": "@hnlscihack",
                "pretext": "<https:\/\/twitter.com\/hnlscihack\/status\/1182027391608053760>",
                "text": "We'll put up some contact details on the website later today. founders at jellypbc dot com is a good contact source if you can't find us or @cindywu or @dennyluan.",
                "service_name": "twitter",
                "service_url": "https:\/\/twitter.com\/",
                "from_url": "https:\/\/twitter.com\/hnlscihack\/status\/1182027391608053760",
                "id": 1,
                "footer": "Twitter",
                "footer_icon": "https:\/\/a.slack-edge.com\/80588\/img\/services\/twitter_pixel_snapped_32.png"
            }
        ]
    },
    {
        "type": "message",
        "subtype": "bot_message",
        "text": "",
        "ts": "1570655011.000300",
        "bot_id": "BNV3HU52B",
        "attachments": [
            {
                "fallback": "<https:\/\/twitter.com\/hnlscihack|@hnlscihack>: <https:\/\/twitter.com\/cindywu|@cindywu> <https:\/\/twitter.com\/dennyluan|@dennyluan> Thursday before 5pm we will post a sign up near the first floor elevators at the University of Hawai'i Cancer Center with a cell phone number. DMs for this account are open. <https:\/\/t.co\/FALmmJyKEv> is up to date.",
                "ts": 1570655006,
                "author_name": "Honolulu Science Hack",
                "author_link": "https:\/\/twitter.com\/hnlscihack\/status\/1182038885485776897",
                "author_icon": "https:\/\/pbs.twimg.com\/profile_images\/1176413008580378624\/inE9s84w_normal.jpg",
                "author_subname": "@hnlscihack",
                "pretext": "<https:\/\/twitter.com\/hnlscihack\/status\/1182038885485776897>",
                "text": "<https:\/\/twitter.com\/cindywu|@cindywu> <https:\/\/twitter.com\/dennyluan|@dennyluan> Thursday before 5pm we will post a sign up near the first floor elevators at the University of Hawai'i Cancer Center with a cell phone number. DMs for this account are open. <https:\/\/t.co\/FALmmJyKEv> is up to date.",
                "service_name": "twitter",
                "service_url": "https:\/\/twitter.com\/",
                "from_url": "https:\/\/twitter.com\/hnlscihack\/status\/1182038885485776897",
                "id": 1,
                "footer": "Twitter",
                "footer_icon": "https:\/\/a.slack-edge.com\/80588\/img\/services\/twitter_pixel_snapped_32.png"
            }
        ]
    }
]