[
    {
        "type": "message",
        "text": "",
        "files": [
            {
                "id": "FNX2SH0NN",
                "created": 1570776672,
                "timestamp": 1570776672,
                "name": "Image from iOS.jpg",
                "title": "Image from iOS",
                "mimetype": "image\/jpeg",
                "filetype": "jpg",
                "pretty_type": "JPEG",
                "user": "UNG35QZFF",
                "editable": false,
                "size": 968311,
                "mode": "hosted",
                "is_external": false,
                "external_type": "",
                "is_public": true,
                "public_url_shared": false,
                "display_as_bot": false,
                "username": "",
                "url_private": "https:\/\/files.slack.com\/files-pri\/TN9LC1S6M-FNX2SH0NN\/image_from_ios.jpg?t=xoxe-757692060225-808518148580-808990851829-cb70f89030c5a979dfbdab397746fcee",
                "url_private_download": "https:\/\/files.slack.com\/files-pri\/TN9LC1S6M-FNX2SH0NN\/download\/image_from_ios.jpg?t=xoxe-757692060225-808518148580-808990851829-cb70f89030c5a979dfbdab397746fcee",
                "thumb_64": "https:\/\/files.slack.com\/files-tmb\/TN9LC1S6M-FNX2SH0NN-c68cbe013c\/image_from_ios_64.jpg?t=xoxe-757692060225-808518148580-808990851829-cb70f89030c5a979dfbdab397746fcee",
                "thumb_80": "https:\/\/files.slack.com\/files-tmb\/TN9LC1S6M-FNX2SH0NN-c68cbe013c\/image_from_ios_80.jpg?t=xoxe-757692060225-808518148580-808990851829-cb70f89030c5a979dfbdab397746fcee",
                "thumb_360": "https:\/\/files.slack.com\/files-tmb\/TN9LC1S6M-FNX2SH0NN-c68cbe013c\/image_from_ios_360.jpg?t=xoxe-757692060225-808518148580-808990851829-cb70f89030c5a979dfbdab397746fcee",
                "thumb_360_w": 360,
                "thumb_360_h": 270,
                "thumb_480": "https:\/\/files.slack.com\/files-tmb\/TN9LC1S6M-FNX2SH0NN-c68cbe013c\/image_from_ios_480.jpg?t=xoxe-757692060225-808518148580-808990851829-cb70f89030c5a979dfbdab397746fcee",
                "thumb_480_w": 480,
                "thumb_480_h": 360,
                "thumb_160": "https:\/\/files.slack.com\/files-tmb\/TN9LC1S6M-FNX2SH0NN-c68cbe013c\/image_from_ios_160.jpg?t=xoxe-757692060225-808518148580-808990851829-cb70f89030c5a979dfbdab397746fcee",
                "thumb_720": "https:\/\/files.slack.com\/files-tmb\/TN9LC1S6M-FNX2SH0NN-c68cbe013c\/image_from_ios_720.jpg?t=xoxe-757692060225-808518148580-808990851829-cb70f89030c5a979dfbdab397746fcee",
                "thumb_720_w": 720,
                "thumb_720_h": 540,
                "thumb_800": "https:\/\/files.slack.com\/files-tmb\/TN9LC1S6M-FNX2SH0NN-c68cbe013c\/image_from_ios_800.jpg?t=xoxe-757692060225-808518148580-808990851829-cb70f89030c5a979dfbdab397746fcee",
                "thumb_800_w": 800,
                "thumb_800_h": 600,
                "thumb_960": "https:\/\/files.slack.com\/files-tmb\/TN9LC1S6M-FNX2SH0NN-c68cbe013c\/image_from_ios_960.jpg?t=xoxe-757692060225-808518148580-808990851829-cb70f89030c5a979dfbdab397746fcee",
                "thumb_960_w": 960,
                "thumb_960_h": 720,
                "thumb_1024": "https:\/\/files.slack.com\/files-tmb\/TN9LC1S6M-FNX2SH0NN-c68cbe013c\/image_from_ios_1024.jpg?t=xoxe-757692060225-808518148580-808990851829-cb70f89030c5a979dfbdab397746fcee",
                "thumb_1024_w": 1024,
                "thumb_1024_h": 768,
                "image_exif_rotation": 1,
                "original_w": 4032,
                "original_h": 3024,
                "thumb_tiny": "AwAkADBxnwRuAAPQ4xThKCeGX\/P40y5jO3GOh71B5WewpWAvqNwzx+FMk4ONufxosRiNh05qK6iLzFsdhQkMeFLDOKXy6gijxMvyirSuGPQih3QDNQOIR\/vVTy3ard837peP4qrGUelAEls75YDJweRS3DHzmp1lHtaRmIOTUV0T57Y6YFABExN0n1qyYNmSrNz6mqcJP2hCema0GcbeGFAiufn+8SaQxr6Uopx61BQ0DvTJEAIIqQdKbL0FUIiFISQeKVe9I3WmI\/\/Z",
                "permalink": "https:\/\/jelly-community.slack.com\/files\/UNG35QZFF\/FNX2SH0NN\/image_from_ios.jpg",
                "permalink_public": "https:\/\/slack-files.com\/TN9LC1S6M-FNX2SH0NN-a2266836c6",
                "is_starred": false,
                "has_rich_preview": false
            }
        ],
        "upload": true,
        "user": "UNG35QZFF",
        "display_as_bot": false,
        "ts": "1570776678.000200",
        "client_msg_id": "869476B7-48DF-422D-A52A-52062E38A201"
    },
    {
        "type": "message",
        "text": "",
        "files": [
            {
                "id": "FP9RU2BRB",
                "created": 1570776681,
                "timestamp": 1570776681,
                "name": "Image from iOS.jpg",
                "title": "Image from iOS",
                "mimetype": "image\/jpeg",
                "filetype": "jpg",
                "pretty_type": "JPEG",
                "user": "UNG35QZFF",
                "editable": false,
                "size": 984241,
                "mode": "hosted",
                "is_external": false,
                "external_type": "",
                "is_public": true,
                "public_url_shared": false,
                "display_as_bot": false,
                "username": "",
                "url_private": "https:\/\/files.slack.com\/files-pri\/TN9LC1S6M-FP9RU2BRB\/image_from_ios.jpg?t=xoxe-757692060225-808518148580-808990851829-cb70f89030c5a979dfbdab397746fcee",
                "url_private_download": "https:\/\/files.slack.com\/files-pri\/TN9LC1S6M-FP9RU2BRB\/download\/image_from_ios.jpg?t=xoxe-757692060225-808518148580-808990851829-cb70f89030c5a979dfbdab397746fcee",
                "thumb_64": "https:\/\/files.slack.com\/files-tmb\/TN9LC1S6M-FP9RU2BRB-9fda90716b\/image_from_ios_64.jpg?t=xoxe-757692060225-808518148580-808990851829-cb70f89030c5a979dfbdab397746fcee",
                "thumb_80": "https:\/\/files.slack.com\/files-tmb\/TN9LC1S6M-FP9RU2BRB-9fda90716b\/image_from_ios_80.jpg?t=xoxe-757692060225-808518148580-808990851829-cb70f89030c5a979dfbdab397746fcee",
                "thumb_360": "https:\/\/files.slack.com\/files-tmb\/TN9LC1S6M-FP9RU2BRB-9fda90716b\/image_from_ios_360.jpg?t=xoxe-757692060225-808518148580-808990851829-cb70f89030c5a979dfbdab397746fcee",
                "thumb_360_w": 360,
                "thumb_360_h": 270,
                "thumb_480": "https:\/\/files.slack.com\/files-tmb\/TN9LC1S6M-FP9RU2BRB-9fda90716b\/image_from_ios_480.jpg?t=xoxe-757692060225-808518148580-808990851829-cb70f89030c5a979dfbdab397746fcee",
                "thumb_480_w": 480,
                "thumb_480_h": 360,
                "thumb_160": "https:\/\/files.slack.com\/files-tmb\/TN9LC1S6M-FP9RU2BRB-9fda90716b\/image_from_ios_160.jpg?t=xoxe-757692060225-808518148580-808990851829-cb70f89030c5a979dfbdab397746fcee",
                "thumb_720": "https:\/\/files.slack.com\/files-tmb\/TN9LC1S6M-FP9RU2BRB-9fda90716b\/image_from_ios_720.jpg?t=xoxe-757692060225-808518148580-808990851829-cb70f89030c5a979dfbdab397746fcee",
                "thumb_720_w": 720,
                "thumb_720_h": 540,
                "thumb_800": "https:\/\/files.slack.com\/files-tmb\/TN9LC1S6M-FP9RU2BRB-9fda90716b\/image_from_ios_800.jpg?t=xoxe-757692060225-808518148580-808990851829-cb70f89030c5a979dfbdab397746fcee",
                "thumb_800_w": 800,
                "thumb_800_h": 600,
                "thumb_960": "https:\/\/files.slack.com\/files-tmb\/TN9LC1S6M-FP9RU2BRB-9fda90716b\/image_from_ios_960.jpg?t=xoxe-757692060225-808518148580-808990851829-cb70f89030c5a979dfbdab397746fcee",
                "thumb_960_w": 960,
                "thumb_960_h": 720,
                "thumb_1024": "https:\/\/files.slack.com\/files-tmb\/TN9LC1S6M-FP9RU2BRB-9fda90716b\/image_from_ios_1024.jpg?t=xoxe-757692060225-808518148580-808990851829-cb70f89030c5a979dfbdab397746fcee",
                "thumb_1024_w": 1024,
                "thumb_1024_h": 768,
                "image_exif_rotation": 1,
                "original_w": 4032,
                "original_h": 3024,
                "thumb_tiny": "AwAkADB8cqgYBxjjFWFlxVHcfbFO3YIxn8KQy+wSZcN1HQ+lY04CXDJ6N+FXBLjIz0qjMS05b3oAkPWilCk0EYNAh2aXePWosgHpUi8jNAxH6HBwT6mq+DuHINWTbq3OSPrUDIVOOtAiYkdu9NpinBp1ABTNxU5FP7io270AWNxI\/DNIyjyQ\/ctigf8AstK3\/HqP9\/8ApQMgPWnU09aWgD\/\/2Q==",
                "permalink": "https:\/\/jelly-community.slack.com\/files\/UNG35QZFF\/FP9RU2BRB\/image_from_ios.jpg",
                "permalink_public": "https:\/\/slack-files.com\/TN9LC1S6M-FP9RU2BRB-c5f4b66e90",
                "is_starred": false,
                "has_rich_preview": false
            }
        ],
        "upload": true,
        "user": "UNG35QZFF",
        "display_as_bot": false,
        "ts": "1570776686.000500",
        "client_msg_id": "570159CC-26FC-4D26-BE3F-F8935E55C4A9"
    }
]