[
    {
        "type": "message",
        "text": "maybe redesign this today for <http:\/\/localiahawaii.com|localiahawaii.com>",
        "files": [
            {
                "id": "FPRL227A8",
                "created": 1571943079,
                "timestamp": 1571943079,
                "name": "image.png",
                "title": "image.png",
                "mimetype": "image\/png",
                "filetype": "png",
                "pretty_type": "PNG",
                "user": "UNG35QZFF",
                "editable": false,
                "size": 441199,
                "mode": "hosted",
                "is_external": false,
                "external_type": "",
                "is_public": true,
                "public_url_shared": false,
                "display_as_bot": false,
                "username": "",
                "url_private": "https:\/\/files.slack.com\/files-pri\/TN9LC1S6M-FPRL227A8\/image.png?t=xoxe-757692060225-808518148580-808990851829-cb70f89030c5a979dfbdab397746fcee",
                "url_private_download": "https:\/\/files.slack.com\/files-pri\/TN9LC1S6M-FPRL227A8\/download\/image.png?t=xoxe-757692060225-808518148580-808990851829-cb70f89030c5a979dfbdab397746fcee",
                "thumb_64": "https:\/\/files.slack.com\/files-tmb\/TN9LC1S6M-FPRL227A8-7dc22cf40f\/image_64.png?t=xoxe-757692060225-808518148580-808990851829-cb70f89030c5a979dfbdab397746fcee",
                "thumb_80": "https:\/\/files.slack.com\/files-tmb\/TN9LC1S6M-FPRL227A8-7dc22cf40f\/image_80.png?t=xoxe-757692060225-808518148580-808990851829-cb70f89030c5a979dfbdab397746fcee",
                "thumb_360": "https:\/\/files.slack.com\/files-tmb\/TN9LC1S6M-FPRL227A8-7dc22cf40f\/image_360.png?t=xoxe-757692060225-808518148580-808990851829-cb70f89030c5a979dfbdab397746fcee",
                "thumb_360_w": 360,
                "thumb_360_h": 182,
                "thumb_480": "https:\/\/files.slack.com\/files-tmb\/TN9LC1S6M-FPRL227A8-7dc22cf40f\/image_480.png?t=xoxe-757692060225-808518148580-808990851829-cb70f89030c5a979dfbdab397746fcee",
                "thumb_480_w": 480,
                "thumb_480_h": 243,
                "thumb_160": "https:\/\/files.slack.com\/files-tmb\/TN9LC1S6M-FPRL227A8-7dc22cf40f\/image_160.png?t=xoxe-757692060225-808518148580-808990851829-cb70f89030c5a979dfbdab397746fcee",
                "thumb_720": "https:\/\/files.slack.com\/files-tmb\/TN9LC1S6M-FPRL227A8-7dc22cf40f\/image_720.png?t=xoxe-757692060225-808518148580-808990851829-cb70f89030c5a979dfbdab397746fcee",
                "thumb_720_w": 720,
                "thumb_720_h": 364,
                "thumb_800": "https:\/\/files.slack.com\/files-tmb\/TN9LC1S6M-FPRL227A8-7dc22cf40f\/image_800.png?t=xoxe-757692060225-808518148580-808990851829-cb70f89030c5a979dfbdab397746fcee",
                "thumb_800_w": 800,
                "thumb_800_h": 405,
                "thumb_960": "https:\/\/files.slack.com\/files-tmb\/TN9LC1S6M-FPRL227A8-7dc22cf40f\/image_960.png?t=xoxe-757692060225-808518148580-808990851829-cb70f89030c5a979dfbdab397746fcee",
                "thumb_960_w": 960,
                "thumb_960_h": 486,
                "image_exif_rotation": 1,
                "original_w": 990,
                "original_h": 501,
                "thumb_tiny": "AwAYADC\/IxTHfNN8044X9aWdgu3IJ+gpikMDgYx60APEpPal8w+lJhTg8g4p2FzjmgBPMPp+tJ5y+YsZxlugobaqk88DNVo2WS8jbHIB5\/CkMdfnGz8ahhlSNSDnJPQVLqH\/ACz\/ABqkOtUI0Fu4dowGOPanC6iIyAcfSs+Lo\/1NPX\/V0gLclxGY2GCMjqelQW7ZvEGex\/lUcn+pf6Utr\/x\/J9D\/ACpDP\/\/Z",
                "permalink": "https:\/\/jelly-community.slack.com\/files\/UNG35QZFF\/FPRL227A8\/image.png",
                "permalink_public": "https:\/\/slack-files.com\/TN9LC1S6M-FPRL227A8-aa2a37a327",
                "is_starred": false,
                "has_rich_preview": false
            }
        ],
        "upload": true,
        "user": "UNG35QZFF",
        "display_as_bot": false,
        "ts": "1571943082.000200",
        "client_msg_id": "b5caa577-a664-4b77-bf8e-59769d197962"
    },
    {
        "type": "message",
        "subtype": "bot_message",
        "text": "",
        "ts": "1571972661.000500",
        "bot_id": "BNV3HU52B",
        "attachments": [
            {
                "fallback": "<https:\/\/twitter.com\/hnlscihack|@hnlscihack>: we’re hereeeeeee <https:\/\/pbs.twimg.com\/media\/EHsUhztU0AAfBl0.jpg>",
                "ts": 1571972655,
                "author_name": "Honolulu Science Hack",
                "author_link": "https:\/\/twitter.com\/hnlscihack\/status\/1187565505709670401",
                "author_icon": "https:\/\/pbs.twimg.com\/profile_images\/1176413008580378624\/inE9s84w_normal.jpg",
                "author_subname": "@hnlscihack",
                "pretext": "<https:\/\/twitter.com\/hnlscihack\/status\/1187565505709670401>",
                "text": "we’re hereeeeeee <https:\/\/pbs.twimg.com\/media\/EHsUhztU0AAfBl0.jpg>",
                "service_name": "twitter",
                "service_url": "https:\/\/twitter.com\/",
                "from_url": "https:\/\/twitter.com\/hnlscihack\/status\/1187565505709670401",
                "image_url": "https:\/\/pbs.twimg.com\/media\/EHsUhztU0AAfBl0.jpg",
                "image_width": 1200,
                "image_height": 900,
                "image_bytes": 234465,
                "id": 1,
                "footer": "Twitter",
                "footer_icon": "https:\/\/a.slack-edge.com\/80588\/img\/services\/twitter_pixel_snapped_32.png"
            }
        ]
    },
    {
        "type": "message",
        "text": "maybe make some of these stickers today",
        "files": [
            {
                "id": "FPF5L1C4T",
                "created": 1571972753,
                "timestamp": 1571972753,
                "name": "0717191356_HDR (1).jpg",
                "title": "0717191356_HDR (1).jpg",
                "mimetype": "image\/jpeg",
                "filetype": "jpg",
                "pretty_type": "JPEG",
                "user": "UNG35QZFF",
                "editable": false,
                "size": 738328,
                "mode": "hosted",
                "is_external": false,
                "external_type": "",
                "is_public": true,
                "public_url_shared": false,
                "display_as_bot": false,
                "username": "",
                "url_private": "https:\/\/files.slack.com\/files-pri\/TN9LC1S6M-FPF5L1C4T\/0717191356_hdr__1_.jpg?t=xoxe-757692060225-808518148580-808990851829-cb70f89030c5a979dfbdab397746fcee",
                "url_private_download": "https:\/\/files.slack.com\/files-pri\/TN9LC1S6M-FPF5L1C4T\/download\/0717191356_hdr__1_.jpg?t=xoxe-757692060225-808518148580-808990851829-cb70f89030c5a979dfbdab397746fcee",
                "thumb_64": "https:\/\/files.slack.com\/files-tmb\/TN9LC1S6M-FPF5L1C4T-9c7f824de7\/0717191356_hdr__1__64.jpg?t=xoxe-757692060225-808518148580-808990851829-cb70f89030c5a979dfbdab397746fcee",
                "thumb_80": "https:\/\/files.slack.com\/files-tmb\/TN9LC1S6M-FPF5L1C4T-9c7f824de7\/0717191356_hdr__1__80.jpg?t=xoxe-757692060225-808518148580-808990851829-cb70f89030c5a979dfbdab397746fcee",
                "thumb_360": "https:\/\/files.slack.com\/files-tmb\/TN9LC1S6M-FPF5L1C4T-9c7f824de7\/0717191356_hdr__1__360.jpg?t=xoxe-757692060225-808518148580-808990851829-cb70f89030c5a979dfbdab397746fcee",
                "thumb_360_w": 250,
                "thumb_360_h": 360,
                "thumb_480": "https:\/\/files.slack.com\/files-tmb\/TN9LC1S6M-FPF5L1C4T-9c7f824de7\/0717191356_hdr__1__480.jpg?t=xoxe-757692060225-808518148580-808990851829-cb70f89030c5a979dfbdab397746fcee",
                "thumb_480_w": 334,
                "thumb_480_h": 480,
                "thumb_160": "https:\/\/files.slack.com\/files-tmb\/TN9LC1S6M-FPF5L1C4T-9c7f824de7\/0717191356_hdr__1__160.jpg?t=xoxe-757692060225-808518148580-808990851829-cb70f89030c5a979dfbdab397746fcee",
                "thumb_720": "https:\/\/files.slack.com\/files-tmb\/TN9LC1S6M-FPF5L1C4T-9c7f824de7\/0717191356_hdr__1__720.jpg?t=xoxe-757692060225-808518148580-808990851829-cb70f89030c5a979dfbdab397746fcee",
                "thumb_720_w": 500,
                "thumb_720_h": 720,
                "thumb_800": "https:\/\/files.slack.com\/files-tmb\/TN9LC1S6M-FPF5L1C4T-9c7f824de7\/0717191356_hdr__1__800.jpg?t=xoxe-757692060225-808518148580-808990851829-cb70f89030c5a979dfbdab397746fcee",
                "thumb_800_w": 800,
                "thumb_800_h": 1151,
                "thumb_960": "https:\/\/files.slack.com\/files-tmb\/TN9LC1S6M-FPF5L1C4T-9c7f824de7\/0717191356_hdr__1__960.jpg?t=xoxe-757692060225-808518148580-808990851829-cb70f89030c5a979dfbdab397746fcee",
                "thumb_960_w": 667,
                "thumb_960_h": 960,
                "thumb_1024": "https:\/\/files.slack.com\/files-tmb\/TN9LC1S6M-FPF5L1C4T-9c7f824de7\/0717191356_hdr__1__1024.jpg?t=xoxe-757692060225-808518148580-808990851829-cb70f89030c5a979dfbdab397746fcee",
                "thumb_1024_w": 711,
                "thumb_1024_h": 1024,
                "image_exif_rotation": 1,
                "original_w": 1712,
                "original_h": 2464,
                "thumb_tiny": "AwAwACGbzYv7p\/75NAlix3B+hqELB\/z0P\/fRpwSL\/nsR\/wADoAm82L+9SbkPcfjimiNO1w3\/AH3R5OfuzsfyNIYuIvRaMRei0n2Zv+ezf98ij7M3\/PZv++RTEZ2as2o\/eHcvbuKqA1OtwRHtxkjuTUzu1ZDW5YNvuYkOMH2ptsxScoe\/FKPLKeau4Z7Kcc1CzkSB8c5zUwbe45WNHNGaj81P71Hmp\/erQkylTJ5pSpHapBnOBT84OMfWgZEjEDrx3FSE5Az+Bpr5D5IxmnlJI0+ZflNAhPJ\/2h+dHk\/7Q\/Om7qN1AH\/\/2Q==",
                "permalink": "https:\/\/jelly-community.slack.com\/files\/UNG35QZFF\/FPF5L1C4T\/0717191356_hdr__1_.jpg",
                "permalink_public": "https:\/\/slack-files.com\/TN9LC1S6M-FPF5L1C4T-34a7eb9b7e",
                "is_starred": false,
                "has_rich_preview": false
            }
        ],
        "upload": true,
        "user": "UNG35QZFF",
        "display_as_bot": false,
        "ts": "1571972756.000600",
        "client_msg_id": "12a25240-65eb-40f1-8551-391d3a1ab9f2"
    },
    {
        "type": "message",
        "subtype": "bot_message",
        "text": "",
        "ts": "1571975863.000900",
        "bot_id": "BNV3HU52B",
        "attachments": [
            {
                "fallback": "<https:\/\/twitter.com\/cindywu|@cindywu>: i made some very bad sticker <https:\/\/twitter.com\/hnlscihack|@hnlscihack> tonight and soon the internet will have the opportunity to buy them",
                "ts": 1571975858,
                "author_name": "cindy",
                "author_link": "https:\/\/twitter.com\/cindywu\/status\/1187578941499793408",
                "author_icon": "https:\/\/pbs.twimg.com\/profile_images\/976567431282900992\/zD0IsJLQ_normal.jpg",
                "author_subname": "@cindywu",
                "pretext": "<https:\/\/twitter.com\/cindywu\/status\/1187578941499793408>",
                "text": "i made some very bad sticker <https:\/\/twitter.com\/hnlscihack|@hnlscihack> tonight and soon the internet will have the opportunity to buy them",
                "service_name": "twitter",
                "service_url": "https:\/\/twitter.com\/",
                "from_url": "https:\/\/twitter.com\/cindywu\/status\/1187578941499793408",
                "id": 1,
                "footer": "Twitter",
                "footer_icon": "https:\/\/a.slack-edge.com\/80588\/img\/services\/twitter_pixel_snapped_32.png"
            }
        ]
    },
    {
        "type": "message",
        "subtype": "bot_message",
        "text": "",
        "ts": "1571975884.001000",
        "bot_id": "BNV3HU52B",
        "attachments": [
            {
                "fallback": "<https:\/\/twitter.com\/cindywu|@cindywu>: i made some very bad stickers <https:\/\/twitter.com\/hnlscihack|@hnlscihack> tonight and soon the internet will have the opportunity to buy them",
                "ts": 1571975878,
                "author_name": "cindy",
                "author_link": "https:\/\/twitter.com\/cindywu\/status\/1187579025750839297",
                "author_icon": "https:\/\/pbs.twimg.com\/profile_images\/976567431282900992\/zD0IsJLQ_normal.jpg",
                "author_subname": "@cindywu",
                "pretext": "<https:\/\/twitter.com\/cindywu\/status\/1187579025750839297>",
                "text": "i made some very bad stickers <https:\/\/twitter.com\/hnlscihack|@hnlscihack> tonight and soon the internet will have the opportunity to buy them",
                "service_name": "twitter",
                "service_url": "https:\/\/twitter.com\/",
                "from_url": "https:\/\/twitter.com\/cindywu\/status\/1187579025750839297",
                "id": 1,
                "footer": "Twitter",
                "footer_icon": "https:\/\/a.slack-edge.com\/80588\/img\/services\/twitter_pixel_snapped_32.png"
            }
        ]
    },
    {
        "type": "message",
        "subtype": "bot_message",
        "text": "",
        "ts": "1571982189.001100",
        "bot_id": "BNV3HU52B",
        "attachments": [
            {
                "fallback": "<https:\/\/twitter.com\/cindywu|@cindywu>: <https:\/\/twitter.com\/hnlscihack|@hnlscihack> <https:\/\/www.figma.com\/file\/1GC1Cmq2tdBX0gexl2Bq6r\/NSS-State-Stickers?node-id=0%3A1>",
                "ts": 1571982182,
                "author_name": "cindy",
                "author_link": "https:\/\/twitter.com\/cindywu\/status\/1187605467465273344",
                "author_icon": "https:\/\/pbs.twimg.com\/profile_images\/976567431282900992\/zD0IsJLQ_normal.jpg",
                "author_subname": "@cindywu",
                "pretext": "<https:\/\/twitter.com\/cindywu\/status\/1187605467465273344>",
                "text": "<https:\/\/twitter.com\/hnlscihack|@hnlscihack> <https:\/\/www.figma.com\/file\/1GC1Cmq2tdBX0gexl2Bq6r\/NSS-State-Stickers?node-id=0%3A1>",
                "service_name": "twitter",
                "service_url": "https:\/\/twitter.com\/",
                "from_url": "https:\/\/twitter.com\/cindywu\/status\/1187605467465273344",
                "id": 1,
                "footer": "Twitter",
                "footer_icon": "https:\/\/a.slack-edge.com\/80588\/img\/services\/twitter_pixel_snapped_32.png"
            }
        ]
    }
]