[
    {
        "client_msg_id": "0da5ea96-1d61-450d-b686-0d49e13f72c6",
        "type": "message",
        "text": "yesterday at science hack a friend requested a graphic designer make some letter head for <http:\/\/sfbaycaving.org|sfbaycaving.org>, so denny and i made this in about 30 min: <https:\/\/www.figma.com\/file\/t4GEUgbR0iBMMZalbSWbM6\/sfbc?node-id=1%3A29>",
        "user": "UNG35QZFF",
        "ts": "1571428679.001100",
        "team": "TN9LC1S6M",
        "user_team": "TN9LC1S6M",
        "source_team": "TN9LC1S6M",
        "user_profile": {
            "avatar_hash": "90c831cac8ba",
            "image_72": "https:\/\/avatars.slack-edge.com\/2019-09-17\/764115434832_90c831cac8ba4f2fc73e_72.jpg",
            "first_name": "Cindy",
            "real_name": "Cindy Wu",
            "display_name": "cindy",
            "team": "TN9LC1S6M",
            "name": "cindy",
            "is_restricted": false,
            "is_ultra_restricted": false
        },
        "attachments": [
            {
                "service_name": "Figma",
                "title": "sfbc",
                "title_link": "https:\/\/www.figma.com\/file\/t4GEUgbR0iBMMZalbSWbM6\/sfbc?node-id=1%3A29",
                "text": "Created with Figma",
                "fallback": "Figma: sfbc",
                "thumb_url": "https:\/\/www.figma.com\/file\/t4GEUgbR0iBMMZalbSWbM6\/thumbnail?ver=thumbnails\/75d1b204-e683-46d7-aff8-fb4f1d2d04be",
                "from_url": "https:\/\/www.figma.com\/file\/t4GEUgbR0iBMMZalbSWbM6\/sfbc?node-id=1%3A29",
                "thumb_width": 800,
                "thumb_height": 236,
                "service_icon": "https:\/\/static.figma.com\/app\/icon\/1\/touch-76.png",
                "id": 1,
                "original_url": "https:\/\/www.figma.com\/file\/t4GEUgbR0iBMMZalbSWbM6\/sfbc?node-id=1%3A29"
            }
        ],
        "thread_ts": "1571428679.001100",
        "reply_count": 1,
        "reply_users_count": 1,
        "latest_reply": "1571435199.002000",
        "reply_users": [
            "UNB6R8QP5"
        ],
        "replies": [
            {
                "user": "UNB6R8QP5",
                "ts": "1571435199.002000"
            }
        ],
        "subscribed": true,
        "last_read": "1571435199.002000"
    },
    {
        "client_msg_id": "7fb9ff27-0ab9-4665-8f83-a3f67bc453d0",
        "type": "message",
        "text": "thinking of using science hack to make more things for free for scientists and science things that we  want to support for funsies and for free",
        "user": "UNG35QZFF",
        "ts": "1571428711.001900",
        "team": "TN9LC1S6M",
        "user_team": "TN9LC1S6M",
        "source_team": "TN9LC1S6M",
        "user_profile": {
            "avatar_hash": "90c831cac8ba",
            "image_72": "https:\/\/avatars.slack-edge.com\/2019-09-17\/764115434832_90c831cac8ba4f2fc73e_72.jpg",
            "first_name": "Cindy",
            "real_name": "Cindy Wu",
            "display_name": "cindy",
            "team": "TN9LC1S6M",
            "name": "cindy",
            "is_restricted": false,
            "is_ultra_restricted": false
        }
    },
    {
        "client_msg_id": "3854d4a7-f069-437c-b5e5-876c4749bfea",
        "type": "message",
        "text": "looks nice!",
        "user": "UNB6R8QP5",
        "ts": "1571435199.002000",
        "team": "TN9LC1S6M",
        "user_team": "TN9LC1S6M",
        "source_team": "TN9LC1S6M",
        "user_profile": {
            "avatar_hash": "g646bcfc1178",
            "image_72": "https:\/\/secure.gravatar.com\/avatar\/646bcfc117871a691cb1deeca3686725.jpg?s=72&d=https%3A%2F%2Fa.slack-edge.com%2Fdf10d%2Fimg%2Favatars%2Fava_0003-72.png",
            "first_name": "",
            "real_name": "riceballthief",
            "display_name": "riceballthief",
            "team": "TN9LC1S6M",
            "name": "riceballthief",
            "is_restricted": false,
            "is_ultra_restricted": false
        },
        "thread_ts": "1571428679.001100",
        "parent_user_id": "UNG35QZFF",
        "reactions": [
            {
                "name": "blush",
                "users": [
                    "UNG35QZFF"
                ],
                "count": 1
            }
        ]
    },
    {
        "type": "message",
        "subtype": "bot_message",
        "text": "",
        "ts": "1571441562.002300",
        "bot_id": "BNV3HU52B",
        "attachments": [
            {
                "fallback": "<https:\/\/twitter.com\/cindywu|@cindywu>: if you're in honolulu, you can come make with us <https:\/\/twitter.com\/hnlscihack|@hnlscihack>",
                "ts": 1571441557,
                "author_name": "cindy",
                "author_link": "https:\/\/twitter.com\/cindywu\/status\/1185337920015650817",
                "author_icon": "https:\/\/pbs.twimg.com\/profile_images\/976567431282900992\/zD0IsJLQ_normal.jpg",
                "author_subname": "@cindywu",
                "pretext": "<https:\/\/twitter.com\/cindywu\/status\/1185337920015650817>",
                "text": "if you're in honolulu, you can come make with us <https:\/\/twitter.com\/hnlscihack|@hnlscihack>",
                "service_name": "twitter",
                "service_url": "https:\/\/twitter.com\/",
                "from_url": "https:\/\/twitter.com\/cindywu\/status\/1185337920015650817",
                "id": 1,
                "footer": "Twitter",
                "footer_icon": "https:\/\/a.slack-edge.com\/80588\/img\/services\/twitter_pixel_snapped_32.png"
            }
        ]
    }
]