[
    {
        "user": "UNQRW3EPN",
        "type": "message",
        "subtype": "channel_join",
        "ts": "1569438941.000200",
        "text": "<@UNQRW3EPN> has joined the channel"
    },
    {
        "type": "message",
        "text": "I've missed you all it's so good to be back",
        "user": "UNQRW3EPN",
        "ts": "1569439918.000300",
        "team": "TN9LC1S6M",
        "user_team": "TN9LC1S6M",
        "source_team": "TN9LC1S6M",
        "user_profile": {
            "avatar_hash": "g45293e1c21b",
            "image_72": "https:\/\/secure.gravatar.com\/avatar\/45293e1c21bd09727dbc2ac098ab4cc4.jpg?s=72&d=https%3A%2F%2Fa.slack-edge.com%2Fdf10d%2Fimg%2Favatars%2Fava_0002-72.png",
            "first_name": "",
            "real_name": "Jeff Maxim",
            "display_name": "Jeff Maxim",
            "team": "TN9LC1S6M",
            "name": "frey.maxim",
            "is_restricted": false,
            "is_ultra_restricted": false
        },
        "attachments": [
            {
                "fallback": "[September 23rd, 2019 6:24 PM] denny: i have no idea how i ended up with so many dennys",
                "ts": "1569277461.001100",
                "author_id": "UNJ95CKPG",
                "author_subname": "Denny",
                "channel_id": "CNJ9570MC",
                "channel_name": "honolulu-science-hack",
                "is_msg_unfurl": true,
                "text": "i have no idea how i ended up with so many dennys",
                "author_name": "Denny",
                "author_link": "https:\/\/jelly-community.slack.com\/team\/UNJ95CKPG",
                "author_icon": "https:\/\/avatars.slack-edge.com\/2019-09-23\/759234742083_3c827ecd0300e7312f4f_48.png",
                "mrkdwn_in": [
                    "text"
                ],
                "color": "D0D0D0",
                "from_url": "https:\/\/jelly-community.slack.com\/archives\/CNJ9570MC\/p1569277461001100",
                "is_share": true,
                "footer": "Posted in #honolulu-science-hack"
            }
        ],
        "thread_ts": "1569439918.000300",
        "reply_count": 1,
        "reply_users_count": 1,
        "latest_reply": "1569446227.000400",
        "reply_users": [
            "UNG35QZFF"
        ],
        "replies": [
            {
                "user": "UNG35QZFF",
                "ts": "1569446227.000400"
            }
        ],
        "subscribed": true,
        "last_read": "1569446227.000400",
        "reactions": [
            {
                "name": "fire",
                "users": [
                    "UN74A97FV"
                ],
                "count": 1
            }
        ]
    },
    {
        "client_msg_id": "9af40584-bb63-4ab7-8077-b27a90cda8ef",
        "type": "message",
        "text": "we’ve missed you too jerf!",
        "user": "UNG35QZFF",
        "ts": "1569446227.000400",
        "team": "TN9LC1S6M",
        "user_team": "TN9LC1S6M",
        "source_team": "TN9LC1S6M",
        "user_profile": {
            "avatar_hash": "90c831cac8ba",
            "image_72": "https:\/\/avatars.slack-edge.com\/2019-09-17\/764115434832_90c831cac8ba4f2fc73e_72.jpg",
            "first_name": "Cindy",
            "real_name": "Cindy Wu",
            "display_name": "cindy",
            "team": "TN9LC1S6M",
            "name": "cindy",
            "is_restricted": false,
            "is_ultra_restricted": false
        },
        "thread_ts": "1569439918.000300",
        "parent_user_id": "UNQRW3EPN"
    }
]