[
    {
        "user": "UN74A97FV",
        "type": "message",
        "subtype": "channel_join",
        "ts": "1568919848.000200",
        "text": "<@UN74A97FV> has joined the channel"
    },
    {
        "client_msg_id": "8b49dabb-7904-4386-ad72-4f101db38ee5",
        "type": "message",
        "text": "<https:\/\/hnlsciencehack.org\/>",
        "user": "UNG35QZFF",
        "ts": "1568920017.000700",
        "team": "TN9LC1S6M",
        "user_team": "TN9LC1S6M",
        "source_team": "TN9LC1S6M",
        "user_profile": {
            "avatar_hash": "90c831cac8ba",
            "image_72": "https:\/\/avatars.slack-edge.com\/2019-09-17\/764115434832_90c831cac8ba4f2fc73e_72.jpg",
            "first_name": "Cindy",
            "real_name": "Cindy Wu",
            "display_name": "cindy",
            "team": "TN9LC1S6M",
            "name": "cindy",
            "is_restricted": false,
            "is_ultra_restricted": false
        },
        "attachments": [
            {
                "title": "Honolulu Science Hack :rainbow:",
                "title_link": "https:\/\/hnlsciencehack.org\/",
                "text": "An open community meetup to hack on science projects every Thursday",
                "fallback": "Honolulu Science Hack 🌈",
                "image_url": "http:\/\/hnlsciencehack.org\/public\/coffeetalk1.png",
                "from_url": "https:\/\/hnlsciencehack.org\/",
                "image_width": 333,
                "image_height": 250,
                "image_bytes": 246481,
                "service_name": "hnlsciencehack.org",
                "id": 1,
                "original_url": "https:\/\/hnlsciencehack.org\/"
            }
        ]
    },
    {
        "client_msg_id": "be1b2b09-1a33-4755-a34f-cee720768542",
        "type": "message",
        "text": "<https:\/\/twitter.com\/hnlscihack>",
        "user": "UN4JSK003",
        "ts": "1568938297.001000",
        "team": "TN9LC1S6M",
        "user_team": "TN9LC1S6M",
        "source_team": "TN9LC1S6M",
        "user_profile": {
            "avatar_hash": "59d6fc6540ac",
            "image_72": "https:\/\/avatars.slack-edge.com\/2019-09-19\/754186684418_59d6fc6540aca4bd36fd_72.png",
            "first_name": "denny",
            "real_name": "denny luan",
            "display_name": "denny",
            "team": "TN9LC1S6M",
            "name": "dennyluan",
            "is_restricted": false,
            "is_ultra_restricted": false
        },
        "attachments": [
            {
                "title": "hnlscihack (@hnlscihack) | Twitter",
                "title_link": "https:\/\/twitter.com\/hnlscihack",
                "text": "The latest Tweets from hnlscihack (@hnlscihack). Honolulu Science Hack meetup",
                "fallback": "hnlscihack (@hnlscihack) | Twitter",
                "from_url": "https:\/\/twitter.com\/hnlscihack",
                "service_icon": "https:\/\/abs.twimg.com\/icons\/apple-touch-icon-192x192.png",
                "service_name": "twitter.com",
                "id": 1,
                "original_url": "https:\/\/twitter.com\/hnlscihack"
            }
        ]
    }
]