[
    {
        "client_msg_id": "aef79da6-0b2e-4527-82cf-cdf632324b05",
        "type": "message",
        "text": "hi dennys",
        "user": "UNB6R8QP5",
        "ts": "1569352578.005100",
        "team": "TN9LC1S6M",
        "user_team": "TN9LC1S6M",
        "source_team": "TN9LC1S6M",
        "user_profile": {
            "avatar_hash": "g646bcfc1178",
            "image_72": "https:\/\/secure.gravatar.com\/avatar\/646bcfc117871a691cb1deeca3686725.jpg?s=72&d=https%3A%2F%2Fa.slack-edge.com%2Fdf10d%2Fimg%2Favatars%2Fava_0003-72.png",
            "first_name": "",
            "real_name": "riceballthief",
            "display_name": "riceballthief",
            "team": "TN9LC1S6M",
            "name": "riceballthief",
            "is_restricted": false,
            "is_ultra_restricted": false
        }
    },
    {
        "client_msg_id": "bd119e2e-c0bc-4907-a2cb-a06404cb61bc",
        "type": "message",
        "text": "hallo",
        "user": "UNJ95CKPG",
        "ts": "1569352589.005400",
        "team": "TN9LC1S6M",
        "user_team": "TN9LC1S6M",
        "source_team": "TN9LC1S6M",
        "user_profile": {
            "avatar_hash": "3c827ecd0300",
            "image_72": "https:\/\/avatars.slack-edge.com\/2019-09-23\/759234742083_3c827ecd0300e7312f4f_72.png",
            "first_name": "Denny",
            "real_name": "Denny",
            "display_name": "denny",
            "team": "TN9LC1S6M",
            "name": "denny",
            "is_restricted": false,
            "is_ultra_restricted": false
        }
    },
    {
        "client_msg_id": "58841eac-2f6e-47a2-8453-0143938f9293",
        "type": "message",
        "text": "hallo <@UNB6R8QP5>",
        "user": "UNG35QZFF",
        "ts": "1569352596.005600",
        "team": "TN9LC1S6M",
        "user_team": "TN9LC1S6M",
        "source_team": "TN9LC1S6M",
        "user_profile": {
            "avatar_hash": "90c831cac8ba",
            "image_72": "https:\/\/avatars.slack-edge.com\/2019-09-17\/764115434832_90c831cac8ba4f2fc73e_72.jpg",
            "first_name": "Cindy",
            "real_name": "Cindy Wu",
            "display_name": "cindy",
            "team": "TN9LC1S6M",
            "name": "cindy",
            "is_restricted": false,
            "is_ultra_restricted": false
        }
    },
    {
        "client_msg_id": "8e45e9bb-4fcb-458b-a289-f802a8785681",
        "type": "message",
        "text": "hi cindy",
        "user": "UNB6R8QP5",
        "ts": "1569352600.005700",
        "team": "TN9LC1S6M",
        "user_team": "TN9LC1S6M",
        "source_team": "TN9LC1S6M",
        "user_profile": {
            "avatar_hash": "g646bcfc1178",
            "image_72": "https:\/\/secure.gravatar.com\/avatar\/646bcfc117871a691cb1deeca3686725.jpg?s=72&d=https%3A%2F%2Fa.slack-edge.com%2Fdf10d%2Fimg%2Favatars%2Fava_0003-72.png",
            "first_name": "",
            "real_name": "riceballthief",
            "display_name": "riceballthief",
            "team": "TN9LC1S6M",
            "name": "riceballthief",
            "is_restricted": false,
            "is_ultra_restricted": false
        }
    },
    {
        "client_msg_id": "bf1118ce-12b3-43b1-b2ec-a1c16df8fc62",
        "type": "message",
        "text": "velcome",
        "user": "UNG35QZFF",
        "ts": "1569352604.005900",
        "team": "TN9LC1S6M",
        "user_team": "TN9LC1S6M",
        "source_team": "TN9LC1S6M",
        "user_profile": {
            "avatar_hash": "90c831cac8ba",
            "image_72": "https:\/\/avatars.slack-edge.com\/2019-09-17\/764115434832_90c831cac8ba4f2fc73e_72.jpg",
            "first_name": "Cindy",
            "real_name": "Cindy Wu",
            "display_name": "cindy",
            "team": "TN9LC1S6M",
            "name": "cindy",
            "is_restricted": false,
            "is_ultra_restricted": false
        }
    },
    {
        "client_msg_id": "0b25d445-de0f-49b0-a607-781b49848a24",
        "type": "message",
        "text": ":blowfish:",
        "user": "UNB6R8QP5",
        "ts": "1569352654.006100",
        "team": "TN9LC1S6M",
        "user_team": "TN9LC1S6M",
        "source_team": "TN9LC1S6M",
        "user_profile": {
            "avatar_hash": "g646bcfc1178",
            "image_72": "https:\/\/secure.gravatar.com\/avatar\/646bcfc117871a691cb1deeca3686725.jpg?s=72&d=https%3A%2F%2Fa.slack-edge.com%2Fdf10d%2Fimg%2Favatars%2Fava_0003-72.png",
            "first_name": "",
            "real_name": "riceballthief",
            "display_name": "riceballthief",
            "team": "TN9LC1S6M",
            "name": "riceballthief",
            "is_restricted": false,
            "is_ultra_restricted": false
        }
    },
    {
        "user": "UNPP3CW6Q",
        "type": "message",
        "subtype": "channel_join",
        "ts": "1569380990.006300",
        "text": "<@UNPP3CW6Q> has joined the channel"
    },
    {
        "user": "UNPPANK60",
        "type": "message",
        "subtype": "channel_join",
        "ts": "1569381834.006500",
        "text": "<@UNPPANK60> has joined the channel"
    },
    {
        "user": "UNCQ6MBDZ",
        "type": "message",
        "subtype": "channel_join",
        "ts": "1569386230.006700",
        "text": "<@UNCQ6MBDZ> has joined the channel"
    }
]