[
    {
        "type": "message",
        "subtype": "bot_message",
        "text": "",
        "ts": "1571015423.000300",
        "bot_id": "BNV3HU52B",
        "attachments": [
            {
                "fallback": "<https:\/\/twitter.com\/hnlscihack|@hnlscihack>: About last Thursday... <https:\/\/pbs.twimg.com\/media\/EGzQ9KmUYAAWf5b.jpg>",
                "ts": 1571015417,
                "author_name": "Honolulu Science Hack",
                "author_link": "https:\/\/twitter.com\/hnlscihack\/status\/1183550559594246145",
                "author_icon": "https:\/\/pbs.twimg.com\/profile_images\/1176413008580378624\/inE9s84w_normal.jpg",
                "author_subname": "@hnlscihack",
                "pretext": "<https:\/\/twitter.com\/hnlscihack\/status\/1183550559594246145>",
                "text": "About last Thursday... <https:\/\/pbs.twimg.com\/media\/EGzQ9KmUYAAWf5b.jpg>",
                "service_name": "twitter",
                "service_url": "https:\/\/twitter.com\/",
                "from_url": "https:\/\/twitter.com\/hnlscihack\/status\/1183550559594246145",
                "image_url": "https:\/\/pbs.twimg.com\/media\/EGzQ9KmUYAAWf5b.jpg",
                "image_width": 1200,
                "image_height": 900,
                "image_bytes": 127979,
                "id": 1,
                "footer": "Twitter",
                "footer_icon": "https:\/\/a.slack-edge.com\/80588\/img\/services\/twitter_pixel_snapped_32.png"
            }
        ]
    }
]