[
    {
        "client_msg_id": "863f6961-9234-4c36-b7a0-5059c8344a55",
        "type": "message",
        "text": "this only applies to people who are in honolulu, but we are going to nerdnite tonight at 7pm <https:\/\/honolulu.nerdnite.com\/2019\/09\/22\/nerd-nite-honolulu-71-isotopies-fishies-galaxies\/>",
        "user": "UNG35QZFF",
        "ts": "1569970327.009900",
        "team": "TN9LC1S6M",
        "user_team": "TN9LC1S6M",
        "source_team": "TN9LC1S6M",
        "user_profile": {
            "avatar_hash": "90c831cac8ba",
            "image_72": "https:\/\/avatars.slack-edge.com\/2019-09-17\/764115434832_90c831cac8ba4f2fc73e_72.jpg",
            "first_name": "Cindy",
            "real_name": "Cindy Wu",
            "display_name": "cindy",
            "team": "TN9LC1S6M",
            "name": "cindy",
            "is_restricted": false,
            "is_ultra_restricted": false
        }
    }
]