[
    {
        "user": "UNS38F4DB",
        "type": "message",
        "subtype": "channel_join",
        "ts": "1569493534.000700",
        "text": "<@UNS38F4DB> has joined the channel"
    },
    {
        "client_msg_id": "ef112ab3-6a17-4a71-8c55-0d6aa366bf4b",
        "type": "message",
        "text": "small thing: Might I suggest changing “Honolulu” to Oahu or Hawaii Science Hack? just thinking that it might alienate people from other parts of the island or other islands. (unless you want to be town-centric).",
        "user": "UNG35QZFF",
        "ts": "1569533951.001000",
        "team": "TN9LC1S6M",
        "user_team": "TN9LC1S6M",
        "source_team": "TN9LC1S6M",
        "user_profile": {
            "avatar_hash": "90c831cac8ba",
            "image_72": "https:\/\/avatars.slack-edge.com\/2019-09-17\/764115434832_90c831cac8ba4f2fc73e_72.jpg",
            "first_name": "Cindy",
            "real_name": "Cindy Wu",
            "display_name": "cindy",
            "team": "TN9LC1S6M",
            "name": "cindy",
            "is_restricted": false,
            "is_ultra_restricted": false
        }
    },
    {
        "type": "message",
        "text": "",
        "files": [
            {
                "id": "FNLQQDR25",
                "created": 1569553415,
                "timestamp": 1569553415,
                "name": "Image from iOS.jpg",
                "title": "Image from iOS",
                "mimetype": "image\/jpeg",
                "filetype": "jpg",
                "pretty_type": "JPEG",
                "user": "UNG35QZFF",
                "editable": false,
                "size": 1036317,
                "mode": "hosted",
                "is_external": false,
                "external_type": "",
                "is_public": true,
                "public_url_shared": false,
                "display_as_bot": false,
                "username": "",
                "url_private": "https:\/\/files.slack.com\/files-pri\/TN9LC1S6M-FNLQQDR25\/image_from_ios.jpg?t=xoxe-757692060225-808518148580-808990851829-cb70f89030c5a979dfbdab397746fcee",
                "url_private_download": "https:\/\/files.slack.com\/files-pri\/TN9LC1S6M-FNLQQDR25\/download\/image_from_ios.jpg?t=xoxe-757692060225-808518148580-808990851829-cb70f89030c5a979dfbdab397746fcee",
                "thumb_64": "https:\/\/files.slack.com\/files-tmb\/TN9LC1S6M-FNLQQDR25-8f63cf0c22\/image_from_ios_64.jpg?t=xoxe-757692060225-808518148580-808990851829-cb70f89030c5a979dfbdab397746fcee",
                "thumb_80": "https:\/\/files.slack.com\/files-tmb\/TN9LC1S6M-FNLQQDR25-8f63cf0c22\/image_from_ios_80.jpg?t=xoxe-757692060225-808518148580-808990851829-cb70f89030c5a979dfbdab397746fcee",
                "thumb_360": "https:\/\/files.slack.com\/files-tmb\/TN9LC1S6M-FNLQQDR25-8f63cf0c22\/image_from_ios_360.jpg?t=xoxe-757692060225-808518148580-808990851829-cb70f89030c5a979dfbdab397746fcee",
                "thumb_360_w": 360,
                "thumb_360_h": 270,
                "thumb_480": "https:\/\/files.slack.com\/files-tmb\/TN9LC1S6M-FNLQQDR25-8f63cf0c22\/image_from_ios_480.jpg?t=xoxe-757692060225-808518148580-808990851829-cb70f89030c5a979dfbdab397746fcee",
                "thumb_480_w": 480,
                "thumb_480_h": 360,
                "thumb_160": "https:\/\/files.slack.com\/files-tmb\/TN9LC1S6M-FNLQQDR25-8f63cf0c22\/image_from_ios_160.jpg?t=xoxe-757692060225-808518148580-808990851829-cb70f89030c5a979dfbdab397746fcee",
                "thumb_720": "https:\/\/files.slack.com\/files-tmb\/TN9LC1S6M-FNLQQDR25-8f63cf0c22\/image_from_ios_720.jpg?t=xoxe-757692060225-808518148580-808990851829-cb70f89030c5a979dfbdab397746fcee",
                "thumb_720_w": 720,
                "thumb_720_h": 540,
                "thumb_800": "https:\/\/files.slack.com\/files-tmb\/TN9LC1S6M-FNLQQDR25-8f63cf0c22\/image_from_ios_800.jpg?t=xoxe-757692060225-808518148580-808990851829-cb70f89030c5a979dfbdab397746fcee",
                "thumb_800_w": 800,
                "thumb_800_h": 600,
                "thumb_960": "https:\/\/files.slack.com\/files-tmb\/TN9LC1S6M-FNLQQDR25-8f63cf0c22\/image_from_ios_960.jpg?t=xoxe-757692060225-808518148580-808990851829-cb70f89030c5a979dfbdab397746fcee",
                "thumb_960_w": 960,
                "thumb_960_h": 720,
                "thumb_1024": "https:\/\/files.slack.com\/files-tmb\/TN9LC1S6M-FNLQQDR25-8f63cf0c22\/image_from_ios_1024.jpg?t=xoxe-757692060225-808518148580-808990851829-cb70f89030c5a979dfbdab397746fcee",
                "thumb_1024_w": 1024,
                "thumb_1024_h": 768,
                "image_exif_rotation": 1,
                "original_w": 4032,
                "original_h": 3024,
                "permalink": "https:\/\/jelly-community.slack.com\/files\/UNG35QZFF\/FNLQQDR25\/image_from_ios.jpg",
                "permalink_public": "https:\/\/slack-files.com\/TN9LC1S6M-FNLQQDR25-8668158fc9",
                "is_starred": false,
                "has_rich_preview": false
            }
        ],
        "upload": true,
        "user": "UNG35QZFF",
        "display_as_bot": false,
        "ts": "1569553420.001100",
        "client_msg_id": "4251FE5C-6E1E-4F96-A1FB-FE97CC006260"
    },
    {
        "type": "message",
        "text": "",
        "files": [
            {
                "id": "FNVDT49F0",
                "created": 1569553492,
                "timestamp": 1569553492,
                "name": "Image from iOS.jpg",
                "title": "Image from iOS",
                "mimetype": "image\/jpeg",
                "filetype": "jpg",
                "pretty_type": "JPEG",
                "user": "UNG35QZFF",
                "editable": false,
                "size": 1072693,
                "mode": "hosted",
                "is_external": false,
                "external_type": "",
                "is_public": true,
                "public_url_shared": false,
                "display_as_bot": false,
                "username": "",
                "url_private": "https:\/\/files.slack.com\/files-pri\/TN9LC1S6M-FNVDT49F0\/image_from_ios.jpg?t=xoxe-757692060225-808518148580-808990851829-cb70f89030c5a979dfbdab397746fcee",
                "url_private_download": "https:\/\/files.slack.com\/files-pri\/TN9LC1S6M-FNVDT49F0\/download\/image_from_ios.jpg?t=xoxe-757692060225-808518148580-808990851829-cb70f89030c5a979dfbdab397746fcee",
                "thumb_64": "https:\/\/files.slack.com\/files-tmb\/TN9LC1S6M-FNVDT49F0-62132860e5\/image_from_ios_64.jpg?t=xoxe-757692060225-808518148580-808990851829-cb70f89030c5a979dfbdab397746fcee",
                "thumb_80": "https:\/\/files.slack.com\/files-tmb\/TN9LC1S6M-FNVDT49F0-62132860e5\/image_from_ios_80.jpg?t=xoxe-757692060225-808518148580-808990851829-cb70f89030c5a979dfbdab397746fcee",
                "thumb_360": "https:\/\/files.slack.com\/files-tmb\/TN9LC1S6M-FNVDT49F0-62132860e5\/image_from_ios_360.jpg?t=xoxe-757692060225-808518148580-808990851829-cb70f89030c5a979dfbdab397746fcee",
                "thumb_360_w": 360,
                "thumb_360_h": 270,
                "thumb_480": "https:\/\/files.slack.com\/files-tmb\/TN9LC1S6M-FNVDT49F0-62132860e5\/image_from_ios_480.jpg?t=xoxe-757692060225-808518148580-808990851829-cb70f89030c5a979dfbdab397746fcee",
                "thumb_480_w": 480,
                "thumb_480_h": 360,
                "thumb_160": "https:\/\/files.slack.com\/files-tmb\/TN9LC1S6M-FNVDT49F0-62132860e5\/image_from_ios_160.jpg?t=xoxe-757692060225-808518148580-808990851829-cb70f89030c5a979dfbdab397746fcee",
                "thumb_720": "https:\/\/files.slack.com\/files-tmb\/TN9LC1S6M-FNVDT49F0-62132860e5\/image_from_ios_720.jpg?t=xoxe-757692060225-808518148580-808990851829-cb70f89030c5a979dfbdab397746fcee",
                "thumb_720_w": 720,
                "thumb_720_h": 540,
                "thumb_800": "https:\/\/files.slack.com\/files-tmb\/TN9LC1S6M-FNVDT49F0-62132860e5\/image_from_ios_800.jpg?t=xoxe-757692060225-808518148580-808990851829-cb70f89030c5a979dfbdab397746fcee",
                "thumb_800_w": 800,
                "thumb_800_h": 600,
                "thumb_960": "https:\/\/files.slack.com\/files-tmb\/TN9LC1S6M-FNVDT49F0-62132860e5\/image_from_ios_960.jpg?t=xoxe-757692060225-808518148580-808990851829-cb70f89030c5a979dfbdab397746fcee",
                "thumb_960_w": 960,
                "thumb_960_h": 720,
                "thumb_1024": "https:\/\/files.slack.com\/files-tmb\/TN9LC1S6M-FNVDT49F0-62132860e5\/image_from_ios_1024.jpg?t=xoxe-757692060225-808518148580-808990851829-cb70f89030c5a979dfbdab397746fcee",
                "thumb_1024_w": 1024,
                "thumb_1024_h": 768,
                "image_exif_rotation": 1,
                "original_w": 4032,
                "original_h": 3024,
                "permalink": "https:\/\/jelly-community.slack.com\/files\/UNG35QZFF\/FNVDT49F0\/image_from_ios.jpg",
                "permalink_public": "https:\/\/slack-files.com\/TN9LC1S6M-FNVDT49F0-4901b5182e",
                "is_starred": false,
                "has_rich_preview": false
            }
        ],
        "upload": true,
        "user": "UNG35QZFF",
        "display_as_bot": false,
        "ts": "1569553497.001400",
        "client_msg_id": "D3B777E0-8C18-4B23-8C76-C51400672FF4",
        "thread_ts": "1569553497.001400",
        "reply_count": 1,
        "reply_users_count": 1,
        "latest_reply": "1569884735.006200",
        "reply_users": [
            "UNB6R8QP5"
        ],
        "replies": [
            {
                "user": "UNB6R8QP5",
                "ts": "1569884735.006200"
            }
        ],
        "subscribed": true,
        "last_read": "1569891327.006500"
    },
    {
        "type": "message",
        "subtype": "bot_add",
        "text": "added an integration to this channel: <https:\/\/jelly-community.slack.com\/services\/BNV3HU52B|twitter>",
        "user": "UNG35QZFF",
        "bot_id": "BNV3HU52B",
        "bot_link": "<https:\/\/jelly-community.slack.com\/services\/BNV3HU52B|twitter>",
        "ts": "1569553902.001700"
    },
    {
        "type": "message",
        "subtype": "bot_message",
        "text": "",
        "ts": "1569553937.001800",
        "bot_id": "BNV3HU52B",
        "thread_ts": "1569553937.001800",
        "reply_count": 1,
        "reply_users_count": 1,
        "latest_reply": "1569553951.001900",
        "reply_users": [
            "UNG35QZFF"
        ],
        "replies": [
            {
                "user": "UNG35QZFF",
                "ts": "1569553951.001900"
            }
        ],
        "subscribed": true,
        "last_read": "1569553951.001900",
        "attachments": [
            {
                "fallback": "<https:\/\/twitter.com\/hnlscihack|@hnlscihack>: test",
                "ts": 1569553931,
                "author_name": "Honolulu Science Hack",
                "author_link": "https:\/\/twitter.com\/hnlscihack\/status\/1177420643379240960",
                "author_icon": "https:\/\/pbs.twimg.com\/profile_images\/1176413008580378624\/inE9s84w_normal.jpg",
                "author_subname": "@hnlscihack",
                "pretext": "<https:\/\/twitter.com\/hnlscihack\/status\/1177420643379240960>",
                "text": "test",
                "service_name": "twitter",
                "service_url": "https:\/\/twitter.com\/",
                "from_url": "https:\/\/twitter.com\/hnlscihack\/status\/1177420643379240960",
                "id": 1,
                "footer": "Twitter",
                "footer_icon": "https:\/\/a.slack-edge.com\/80588\/img\/services\/twitter_pixel_snapped_32.png"
            }
        ]
    },
    {
        "client_msg_id": "d95270d1-27bf-4ee8-91e0-9d36386547ae",
        "type": "message",
        "text": "twitter slack bot works",
        "user": "UNG35QZFF",
        "ts": "1569553951.001900",
        "team": "TN9LC1S6M",
        "user_team": "TN9LC1S6M",
        "source_team": "TN9LC1S6M",
        "user_profile": {
            "avatar_hash": "90c831cac8ba",
            "image_72": "https:\/\/avatars.slack-edge.com\/2019-09-17\/764115434832_90c831cac8ba4f2fc73e_72.jpg",
            "first_name": "Cindy",
            "real_name": "Cindy Wu",
            "display_name": "cindy",
            "team": "TN9LC1S6M",
            "name": "cindy",
            "is_restricted": false,
            "is_ultra_restricted": false
        },
        "thread_ts": "1569553937.001800"
    },
    {
        "user": "UNEFY63TL",
        "type": "message",
        "subtype": "channel_join",
        "ts": "1569560108.000200",
        "text": "<@UNEFY63TL> has joined the channel"
    },
    {
        "user": "UNFSARXC3",
        "type": "message",
        "subtype": "channel_join",
        "ts": "1569565667.000400",
        "text": "<@UNFSARXC3> has joined the channel"
    }
]