[
    {
        "client_msg_id": "49bf54ed-2b95-4fa1-85f7-bef0e6a46b7f",
        "type": "message",
        "text": "updated <https:\/\/hnlsciencehack.org\/> we’re at coffee talk tomorrow at 5pm",
        "user": "UNG35QZFF",
        "ts": "1571265038.000300",
        "team": "TN9LC1S6M",
        "user_team": "TN9LC1S6M",
        "source_team": "TN9LC1S6M",
        "user_profile": {
            "avatar_hash": "90c831cac8ba",
            "image_72": "https:\/\/avatars.slack-edge.com\/2019-09-17\/764115434832_90c831cac8ba4f2fc73e_72.jpg",
            "first_name": "Cindy",
            "real_name": "Cindy Wu",
            "display_name": "cindy",
            "team": "TN9LC1S6M",
            "name": "cindy",
            "is_restricted": false,
            "is_ultra_restricted": false
        },
        "attachments": [
            {
                "title": "Honolulu Science Hack :rainbow:",
                "title_link": "https:\/\/hnlsciencehack.org\/",
                "text": "An open community meetup to hack on science projects every Thursday",
                "fallback": "Honolulu Science Hack 🌈",
                "image_url": "http:\/\/hnlsciencehack.org\/public\/coffeetalk1.png",
                "from_url": "https:\/\/hnlsciencehack.org\/",
                "image_width": 333,
                "image_height": 250,
                "image_bytes": 246481,
                "service_name": "hnlsciencehack.org",
                "id": 1,
                "original_url": "https:\/\/hnlsciencehack.org\/"
            }
        ]
    }
]