[
    {
        "type": "message",
        "subtype": "bot_message",
        "text": "",
        "ts": "1570170246.010000",
        "bot_id": "BNV3HU52B",
        "attachments": [
            {
                "fallback": "<https:\/\/twitter.com\/hnlscihack|@hnlscihack>: Didn't get a photo today at 5pm. I have transformed into full-on islander left my phone at home and surprise surprise the world still continues to turn. We were graced with the presence of some friends new and old @breckyunits @heyzk and @joyce. :sparkles:",
                "ts": 1570170240,
                "author_name": "Honolulu Science Hack",
                "author_link": "https:\/\/twitter.com\/hnlscihack\/status\/1180005631291314176",
                "author_icon": "https:\/\/pbs.twimg.com\/profile_images\/1176413008580378624\/inE9s84w_normal.jpg",
                "author_subname": "@hnlscihack",
                "pretext": "<https:\/\/twitter.com\/hnlscihack\/status\/1180005631291314176>",
                "text": "Didn't get a photo today at 5pm. I have transformed into full-on islander left my phone at home and surprise surprise the world still continues to turn. We were graced with the presence of some friends new and old @breckyunits @heyzk and @joyce. :sparkles:",
                "service_name": "twitter",
                "service_url": "https:\/\/twitter.com\/",
                "from_url": "https:\/\/twitter.com\/hnlscihack\/status\/1180005631291314176",
                "id": 1,
                "footer": "Twitter",
                "footer_icon": "https:\/\/a.slack-edge.com\/80588\/img\/services\/twitter_pixel_snapped_32.png"
            }
        ],
        "reactions": [
            {
                "name": "grin",
                "users": [
                    "UNJ63Q3C2"
                ],
                "count": 1
            }
        ]
    },
    {
        "type": "message",
        "subtype": "bot_message",
        "text": "",
        "ts": "1570170256.010100",
        "bot_id": "BNV3HU52B",
        "attachments": [
            {
                "fallback": "<https:\/\/twitter.com\/hnlscihack|@hnlscihack>: <https:\/\/twitter.com\/breckyunits|@breckyunits> <https:\/\/twitter.com\/heyzk|@heyzk> <https:\/\/twitter.com\/joyce|@joyce> And then there were five.",
                "ts": 1570170251,
                "author_name": "Honolulu Science Hack",
                "author_link": "https:\/\/twitter.com\/hnlscihack\/status\/1180005676191383554",
                "author_icon": "https:\/\/pbs.twimg.com\/profile_images\/1176413008580378624\/inE9s84w_normal.jpg",
                "author_subname": "@hnlscihack",
                "pretext": "<https:\/\/twitter.com\/hnlscihack\/status\/1180005676191383554>",
                "text": "<https:\/\/twitter.com\/breckyunits|@breckyunits> <https:\/\/twitter.com\/heyzk|@heyzk> <https:\/\/twitter.com\/joyce|@joyce> And then there were five.",
                "service_name": "twitter",
                "service_url": "https:\/\/twitter.com\/",
                "from_url": "https:\/\/twitter.com\/hnlscihack\/status\/1180005676191383554",
                "id": 1,
                "footer": "Twitter",
                "footer_icon": "https:\/\/a.slack-edge.com\/80588\/img\/services\/twitter_pixel_snapped_32.png"
            }
        ]
    }
]