[
    {
        "type": "message",
        "text": "we’re in the PACE newsletter!",
        "files": [
            {
                "id": "FP726AZ6K",
                "created": 1570508925,
                "timestamp": 1570508925,
                "name": "image.png",
                "title": "image.png",
                "mimetype": "image\/png",
                "filetype": "png",
                "pretty_type": "PNG",
                "user": "UNG35QZFF",
                "editable": false,
                "size": 125092,
                "mode": "hosted",
                "is_external": false,
                "external_type": "",
                "is_public": true,
                "public_url_shared": false,
                "display_as_bot": false,
                "username": "",
                "url_private": "https:\/\/files.slack.com\/files-pri\/TN9LC1S6M-FP726AZ6K\/image.png?t=xoxe-757692060225-808518148580-808990851829-cb70f89030c5a979dfbdab397746fcee",
                "url_private_download": "https:\/\/files.slack.com\/files-pri\/TN9LC1S6M-FP726AZ6K\/download\/image.png?t=xoxe-757692060225-808518148580-808990851829-cb70f89030c5a979dfbdab397746fcee",
                "thumb_64": "https:\/\/files.slack.com\/files-tmb\/TN9LC1S6M-FP726AZ6K-49adb4a5bf\/image_64.png?t=xoxe-757692060225-808518148580-808990851829-cb70f89030c5a979dfbdab397746fcee",
                "thumb_80": "https:\/\/files.slack.com\/files-tmb\/TN9LC1S6M-FP726AZ6K-49adb4a5bf\/image_80.png?t=xoxe-757692060225-808518148580-808990851829-cb70f89030c5a979dfbdab397746fcee",
                "thumb_360": "https:\/\/files.slack.com\/files-tmb\/TN9LC1S6M-FP726AZ6K-49adb4a5bf\/image_360.png?t=xoxe-757692060225-808518148580-808990851829-cb70f89030c5a979dfbdab397746fcee",
                "thumb_360_w": 358,
                "thumb_360_h": 360,
                "thumb_480": "https:\/\/files.slack.com\/files-tmb\/TN9LC1S6M-FP726AZ6K-49adb4a5bf\/image_480.png?t=xoxe-757692060225-808518148580-808990851829-cb70f89030c5a979dfbdab397746fcee",
                "thumb_480_w": 477,
                "thumb_480_h": 480,
                "thumb_160": "https:\/\/files.slack.com\/files-tmb\/TN9LC1S6M-FP726AZ6K-49adb4a5bf\/image_160.png?t=xoxe-757692060225-808518148580-808990851829-cb70f89030c5a979dfbdab397746fcee",
                "image_exif_rotation": 1,
                "original_w": 662,
                "original_h": 666,
                "thumb_tiny": "AwAwAC+6zsCcHp7U0yP6\/pT5NmRuYg47Zpx256mmKxAZZP8AIpDNL\/kVY+X1NL8vqaLisyqZ5fX9Kkgkd92\/t04qbI\/vGlNFxpDWL5G1QR7mlwc9BTJCuRukK8dAcU\/j+8aQw5\/uil59BSAj1pcj1oAXFIaWkNADHLAjCbvxp\/4CmshbBDsv0p2D60AGPYUY9QKMH+9Rg\/3qAFpDS0hoA\/\/Z",
                "permalink": "https:\/\/jelly-community.slack.com\/files\/UNG35QZFF\/FP726AZ6K\/image.png",
                "permalink_public": "https:\/\/slack-files.com\/TN9LC1S6M-FP726AZ6K-7ef118d969",
                "is_starred": false,
                "has_rich_preview": false
            }
        ],
        "upload": true,
        "user": "UNG35QZFF",
        "display_as_bot": false,
        "ts": "1570508927.000300",
        "client_msg_id": "387fa670-109e-498c-a1ad-b0e19d14b8fb"
    },
    {
        "client_msg_id": "233ee3ba-7892-4e79-91df-55ed47e5c727",
        "type": "message",
        "text": "also this week’s science hack is moving to the cancer center. i’m working on updating the website.",
        "user": "UNG35QZFF",
        "ts": "1570508944.001000",
        "team": "TN9LC1S6M",
        "user_team": "TN9LC1S6M",
        "source_team": "TN9LC1S6M",
        "user_profile": {
            "avatar_hash": "90c831cac8ba",
            "image_72": "https:\/\/avatars.slack-edge.com\/2019-09-17\/764115434832_90c831cac8ba4f2fc73e_72.jpg",
            "first_name": "Cindy",
            "real_name": "Cindy Wu",
            "display_name": "cindy",
            "team": "TN9LC1S6M",
            "name": "cindy",
            "is_restricted": false,
            "is_ultra_restricted": false
        }
    }
]