[
    {
        "client_msg_id": "3ef48ec8-b453-4cd1-a38b-b0955f910069",
        "type": "message",
        "text": "Let's see. Hello, I am Denny (he\/him). I live in Honolulu.\n\nMany moons ago, I did research in synthetic biology, where I made programmable DNA circuits in bacteria and studied a thing when DNA\/RNA folds into complex shapes called DNA origami. I also have a background in economics, mainly my favorites were game theory and labor economics, but also things like the economics of science. I also dabble in what you could call 'theory'.\n\nI like to make internet things, I previously helped to make <http:\/\/experiment.com|experiment.com>. I like languages like spanish, chinese, ruby, and elixir. I don't so much like js.\n\nI believe science should be fun and science should reward all humans. I really like ideas like digital commons, open science, making all scientists good communicators and storytellers, and capital democratization.\n\nI like to :man-surfing::ocean:",
        "user": "UNJ95CKPG",
        "ts": "1570838086.027400",
        "team": "TN9LC1S6M",
        "user_team": "TN9LC1S6M",
        "source_team": "TN9LC1S6M",
        "user_profile": {
            "avatar_hash": "3c827ecd0300",
            "image_72": "https:\/\/avatars.slack-edge.com\/2019-09-23\/759234742083_3c827ecd0300e7312f4f_72.png",
            "first_name": "Denny",
            "real_name": "Denny",
            "display_name": "denny",
            "team": "TN9LC1S6M",
            "name": "denny",
            "is_restricted": false,
            "is_ultra_restricted": false
        },
        "edited": {
            "user": "UNJ95CKPG",
            "ts": "1570838108.000000"
        },
        "reactions": [
            {
                "name": "desert_island",
                "users": [
                    "UNG35QZFF",
                    "UP6MCAL2U"
                ],
                "count": 2
            },
            {
                "name": "wave",
                "users": [
                    "UNQRW3EPN",
                    "UNVFX3UKT",
                    "UP7Q268R3",
                    "UP06JD76K"
                ],
                "count": 4
            }
        ]
    }
]