[
    {
        "client_msg_id": "6c85b3cb-73bb-404b-85b2-74262ae06018",
        "type": "message",
        "text": "Jeff! Hello! Congrats on your new baby :relaxed:",
        "user": "UNKMJ9X34",
        "ts": "1570119405.035100",
        "team": "TN9LC1S6M",
        "user_team": "TN9LC1S6M",
        "source_team": "TN9LC1S6M",
        "user_profile": {
            "avatar_hash": "gd50cf07f2e1",
            "image_72": "https:\/\/secure.gravatar.com\/avatar\/d50cf07f2e1690ca84bb357ea1958cba.jpg?s=72&d=https%3A%2F%2Fa.slack-edge.com%2Fdf10d%2Fimg%2Favatars%2Fava_0011-72.png",
            "first_name": "",
            "real_name": "Bayleigh Murray",
            "display_name": "Bayleigh Murray",
            "team": "TN9LC1S6M",
            "name": "murraybayleigh",
            "is_restricted": false,
            "is_ultra_restricted": false
        },
        "thread_ts": "1570046484.033100",
        "parent_user_id": "UNKMJ9X34"
    }
]