[
    {
        "client_msg_id": "a7bbf002-0ec5-4862-a167-bd87d3948e9a",
        "type": "message",
        "text": "hiya jeff, hows it going!",
        "user": "UNJ95CKPG",
        "ts": "1571707718.071300",
        "team": "TN9LC1S6M",
        "user_team": "TN9LC1S6M",
        "source_team": "TN9LC1S6M",
        "user_profile": {
            "avatar_hash": "3c827ecd0300",
            "image_72": "https:\/\/avatars.slack-edge.com\/2019-09-23\/759234742083_3c827ecd0300e7312f4f_72.png",
            "first_name": "Denny",
            "real_name": "Denny",
            "display_name": "denny",
            "team": "TN9LC1S6M",
            "name": "denny",
            "is_restricted": false,
            "is_ultra_restricted": false
        },
        "thread_ts": "1571506122.069900",
        "parent_user_id": "UPMTCHV70",
        "reactions": [
            {
                "name": "wave",
                "users": [
                    "UPMTCHV70"
                ],
                "count": 1
            }
        ]
    }
]