[
    {
        "user": "UNS38F4DB",
        "type": "message",
        "subtype": "channel_join",
        "ts": "1569493534.006400",
        "text": "<@UNS38F4DB> has joined the channel",
        "reactions": [
            {
                "name": "wave",
                "users": [
                    "UNG35QZFF"
                ],
                "count": 1
            }
        ]
    },
    {
        "client_msg_id": "7dd5f700-70a7-4df8-ac54-8312aa2092fe",
        "type": "message",
        "text": "we have representation from united states, japan, and georgia now :slightly_smiling_face:",
        "user": "UNG35QZFF",
        "ts": "1569530105.007000",
        "team": "TN9LC1S6M",
        "user_team": "TN9LC1S6M",
        "source_team": "TN9LC1S6M",
        "user_profile": {
            "avatar_hash": "90c831cac8ba",
            "image_72": "https:\/\/avatars.slack-edge.com\/2019-09-17\/764115434832_90c831cac8ba4f2fc73e_72.jpg",
            "first_name": "Cindy",
            "real_name": "Cindy Wu",
            "display_name": "cindy",
            "team": "TN9LC1S6M",
            "name": "cindy",
            "is_restricted": false,
            "is_ultra_restricted": false
        }
    },
    {
        "client_msg_id": "0300d58c-d3a2-4474-8e09-df3ab1b7eeb7",
        "type": "message",
        "text": "very curious how science culture differs in different countries",
        "user": "UNG35QZFF",
        "ts": "1569530125.007300",
        "team": "TN9LC1S6M",
        "user_team": "TN9LC1S6M",
        "source_team": "TN9LC1S6M",
        "user_profile": {
            "avatar_hash": "90c831cac8ba",
            "image_72": "https:\/\/avatars.slack-edge.com\/2019-09-17\/764115434832_90c831cac8ba4f2fc73e_72.jpg",
            "first_name": "Cindy",
            "real_name": "Cindy Wu",
            "display_name": "cindy",
            "team": "TN9LC1S6M",
            "name": "cindy",
            "is_restricted": false,
            "is_ultra_restricted": false
        },
        "thread_ts": "1569530125.007300",
        "reply_count": 1,
        "reply_users_count": 1,
        "latest_reply": "1569536756.013400",
        "reply_users": [
            "UNPPANK60"
        ],
        "replies": [
            {
                "user": "UNPPANK60",
                "ts": "1569536756.013400"
            }
        ],
        "subscribed": true,
        "last_read": "1569536756.013400",
        "reactions": [
            {
                "name": "heavy_plus_sign",
                "users": [
                    "UNB3ACN0K",
                    "UNPPANK60",
                    "UNB6R8QP5"
                ],
                "count": 3
            }
        ]
    },
    {
        "client_msg_id": "B33E5BB1-E019-4147-A726-369793E31144",
        "type": "message",
        "text": "Hi everyone! I’m James (he\/him\/his).\n\nI’m a first-year student at the University of Waterloo, and have previously worked at a few YC-backed startups. \n\nI’m especially curious about the intersection of different disciplines like science, engineering and art, and love learning new things. I’ve also been recently learning about different types of research and past groups like Xerox PARC, Bell Labs, etc and the culture required to do remarkable work.\n\nYou can find me on Twitter, @jtvhk :relaxed:",
        "user": "UNPPANK60",
        "ts": "1569536580.011500",
        "team": "TN9LC1S6M",
        "user_team": "TN9LC1S6M",
        "source_team": "TN9LC1S6M",
        "user_profile": {
            "avatar_hash": "g94afa607bcd",
            "image_72": "https:\/\/secure.gravatar.com\/avatar\/94afa607bcd0573bbeb3a5335a646bf0.jpg?s=72&d=https%3A%2F%2Fa.slack-edge.com%2Fdf10d%2Fimg%2Favatars%2Fava_0026-72.png",
            "first_name": "James",
            "real_name": "James Hill-Khurana",
            "display_name": "",
            "team": "TN9LC1S6M",
            "name": "jhillkhurana",
            "is_restricted": false,
            "is_ultra_restricted": false
        },
        "edited": {
            "user": "UNPPANK60",
            "ts": "1569536601.000000"
        },
        "thread_ts": "1569536580.011500",
        "reply_count": 1,
        "reply_users_count": 1,
        "latest_reply": "1569536668.011900",
        "reply_users": [
            "UNG35QZFF"
        ],
        "replies": [
            {
                "user": "UNG35QZFF",
                "ts": "1569536668.011900"
            }
        ],
        "subscribed": true,
        "last_read": "1569536668.011900",
        "reactions": [
            {
                "name": "wave",
                "users": [
                    "UNG35QZFF",
                    "UNQRW3EPN"
                ],
                "count": 2
            },
            {
                "name": "flag-ca",
                "users": [
                    "UNJ95CKPG"
                ],
                "count": 1
            },
            {
                "name": "wave::skin-tone-3",
                "users": [
                    "UNB6R8QP5"
                ],
                "count": 1
            }
        ]
    },
    {
        "client_msg_id": "a6c7dcb4-8f56-477f-87ba-7010c7b2303c",
        "type": "message",
        "text": "Very curious what you’ve been learning about Xerox PARC, Bell Labs, etc. If you write anything about what you’re learning in that space I’d love to read.",
        "user": "UNG35QZFF",
        "ts": "1569536668.011900",
        "team": "TN9LC1S6M",
        "user_team": "TN9LC1S6M",
        "source_team": "TN9LC1S6M",
        "user_profile": {
            "avatar_hash": "90c831cac8ba",
            "image_72": "https:\/\/avatars.slack-edge.com\/2019-09-17\/764115434832_90c831cac8ba4f2fc73e_72.jpg",
            "first_name": "Cindy",
            "real_name": "Cindy Wu",
            "display_name": "cindy",
            "team": "TN9LC1S6M",
            "name": "cindy",
            "is_restricted": false,
            "is_ultra_restricted": false
        },
        "thread_ts": "1569536580.011500",
        "parent_user_id": "UNPPANK60"
    },
    {
        "client_msg_id": "642e7387-1ea1-47b5-8de9-ecd99245fc59",
        "type": "message",
        "text": "we now have representation from united states, japan, georgia, and canada :slightly_smiling_face:",
        "user": "UNG35QZFF",
        "ts": "1569536720.012500",
        "team": "TN9LC1S6M",
        "user_team": "TN9LC1S6M",
        "source_team": "TN9LC1S6M",
        "user_profile": {
            "avatar_hash": "90c831cac8ba",
            "image_72": "https:\/\/avatars.slack-edge.com\/2019-09-17\/764115434832_90c831cac8ba4f2fc73e_72.jpg",
            "first_name": "Cindy",
            "real_name": "Cindy Wu",
            "display_name": "cindy",
            "team": "TN9LC1S6M",
            "name": "cindy",
            "is_restricted": false,
            "is_ultra_restricted": false
        },
        "reactions": [
            {
                "name": "eyes",
                "users": [
                    "UNPPANK60"
                ],
                "count": 1
            }
        ]
    },
    {
        "client_msg_id": "EFDF0F40-0DD1-464D-934E-75D9B00EF771",
        "type": "message",
        "text": "I’m curious about this too! Let me know if you consider doing a study \/ blog post or something, would love to contribute and maybe interview some people ",
        "user": "UNPPANK60",
        "ts": "1569536756.013400",
        "team": "TN9LC1S6M",
        "user_team": "TN9LC1S6M",
        "source_team": "TN9LC1S6M",
        "user_profile": {
            "avatar_hash": "g94afa607bcd",
            "image_72": "https:\/\/secure.gravatar.com\/avatar\/94afa607bcd0573bbeb3a5335a646bf0.jpg?s=72&d=https%3A%2F%2Fa.slack-edge.com%2Fdf10d%2Fimg%2Favatars%2Fava_0026-72.png",
            "first_name": "James",
            "real_name": "James Hill-Khurana",
            "display_name": "",
            "team": "TN9LC1S6M",
            "name": "jhillkhurana",
            "is_restricted": false,
            "is_ultra_restricted": false
        },
        "thread_ts": "1569530125.007300",
        "parent_user_id": "UNG35QZFF",
        "reactions": [
            {
                "name": "thumbsup_all",
                "users": [
                    "UNG35QZFF"
                ],
                "count": 1
            }
        ]
    },
    {
        "user": "UNEFY63TL",
        "type": "message",
        "subtype": "channel_join",
        "ts": "1569560108.000200",
        "text": "<@UNEFY63TL> has joined the channel"
    },
    {
        "user": "UNFSARXC3",
        "type": "message",
        "subtype": "channel_join",
        "ts": "1569565667.000400",
        "text": "<@UNFSARXC3> has joined the channel"
    }
]