[
    {
        "client_msg_id": "47fd8e91-a479-4625-bd71-0b7b09eae465",
        "type": "message",
        "text": "Hi! I am Camille (she\/her)\n\nI am a part of Purpose team based in the US and focused on helping companies transition to steward-ownership. I am based in Oakland, CA. Prior to Purpose, I ran a group of real estate development projects focused on affordable housing, community building, and social enterprise. Before that, I was in Berlin for 8 years working in digital marketing\/startups and then ended up running a small startup out there.\n\nPlease let me know if there are any questions I can answer regarding steward-ownership! Happy to be a resource! :slightly_smiling_face:",
        "user": "UPJ1RNSCX",
        "ts": "1571261718.047900",
        "team": "TN9LC1S6M",
        "user_team": "TN9LC1S6M",
        "source_team": "TN9LC1S6M",
        "user_profile": {
            "avatar_hash": "g7c990b6bb81",
            "image_72": "https:\/\/secure.gravatar.com\/avatar\/7c990b6bb8126f1d5e74202d5adb8540.jpg?s=72&d=https%3A%2F%2Fa.slack-edge.com%2Fdf10d%2Fimg%2Favatars%2Fava_0025-72.png",
            "first_name": "",
            "real_name": "Camille",
            "display_name": "Camille",
            "team": "TN9LC1S6M",
            "name": "camille",
            "is_restricted": false,
            "is_ultra_restricted": false
        },
        "thread_ts": "1571261718.047900",
        "reply_count": 1,
        "reply_users_count": 1,
        "latest_reply": "1571261801.048200",
        "reply_users": [
            "UNG35QZFF"
        ],
        "replies": [
            {
                "user": "UNG35QZFF",
                "ts": "1571261801.048200"
            }
        ],
        "subscribed": true,
        "last_read": "1571261801.048200",
        "reactions": [
            {
                "name": "sparkles",
                "users": [
                    "UNG35QZFF"
                ],
                "count": 1
            },
            {
                "name": "wave",
                "users": [
                    "UNG35QZFF",
                    "UNVFX3UKT",
                    "UNJ95CKPG",
                    "UNQRW3EPN",
                    "UP06JD76K"
                ],
                "count": 5
            }
        ]
    },
    {
        "client_msg_id": "27592b43-dbef-437c-9550-1a2dd60720f6",
        "type": "message",
        "text": "excited that you’re here! i’ve been sharing this <http:\/\/www.purpose.ag\/book> with a bunch of folks here. camille is with the team that put that together.",
        "user": "UNG35QZFF",
        "ts": "1571261801.048200",
        "team": "TN9LC1S6M",
        "user_team": "TN9LC1S6M",
        "source_team": "TN9LC1S6M",
        "user_profile": {
            "avatar_hash": "90c831cac8ba",
            "image_72": "https:\/\/avatars.slack-edge.com\/2019-09-17\/764115434832_90c831cac8ba4f2fc73e_72.jpg",
            "first_name": "Cindy",
            "real_name": "Cindy Wu",
            "display_name": "cindy",
            "team": "TN9LC1S6M",
            "name": "cindy",
            "is_restricted": false,
            "is_ultra_restricted": false
        },
        "thread_ts": "1571261718.047900",
        "parent_user_id": "UPJ1RNSCX"
    },
    {
        "client_msg_id": "bb6cbcdd-31af-44cc-ae74-2898fe9b8c78",
        "type": "message",
        "text": ":wave: Hello everyone, I'm Levente (he\/him). Born and raised in Hungary. I moved to FL in 2014 to finish my PhD. I didn't plan on staying but it happened. Same with academia. I like maps, tech stuff and data. My research is mainly about user-generated geodata. I try to understand the nature of the data, the users behind the data and also to figure out what we can use this data for. I also worked at a startup, Mapillary where I pretty much did the same: played with maps, stats and computers. :world_map: :computer: :globe_with_meridians:\nDoing science, discovering something new and creating new knowledge gives me joy. Still, sometimes I get annoyed (and even disappointed) by how the academic world works. More often than I should. Above all, I think science should be accessible for everyone. I believe in the open dissemination of knowledge. I'm not sure where exactly I'm heading (is anyone ever?) but I'm hoping to enjoy the journey more and get annoyed less. Can we have that back in science? I guess that's why I'm here.\nWhen I'm not hiding behind my computers and review reports I (try to) enjoy road cycling, obstacle course racing and hiking.",
        "user": "UPG47FB4G",
        "ts": "1571264109.052200",
        "team": "TN9LC1S6M",
        "user_team": "TN9LC1S6M",
        "source_team": "TN9LC1S6M",
        "user_profile": {
            "avatar_hash": "754559858de1",
            "image_72": "https:\/\/avatars.slack-edge.com\/2019-10-16\/798226220096_754559858de1ade93e10_72.jpg",
            "first_name": "Levente",
            "real_name": "Levente Juhász",
            "display_name": "levente",
            "team": "TN9LC1S6M",
            "name": "jlevente89",
            "is_restricted": false,
            "is_ultra_restricted": false
        },
        "edited": {
            "user": "UPG47FB4G",
            "ts": "1571264153.000000"
        },
        "thread_ts": "1571264109.052200",
        "reply_count": 1,
        "reply_users_count": 1,
        "latest_reply": "1571264202.052500",
        "reply_users": [
            "UNG35QZFF"
        ],
        "replies": [
            {
                "user": "UNG35QZFF",
                "ts": "1571264202.052500"
            }
        ],
        "subscribed": true,
        "last_read": "1571264202.052500",
        "reactions": [
            {
                "name": "wave",
                "users": [
                    "UNG35QZFF",
                    "UNVFX3UKT",
                    "UP06JD76K"
                ],
                "count": 3
            }
        ]
    },
    {
        "client_msg_id": "6a2dcdfc-adef-431a-a39d-13b5a1f0b61c",
        "type": "message",
        "text": "“I’m not sure where exactly I’m heading (is anyone ever?)” :sweat_smile:same same",
        "user": "UNG35QZFF",
        "ts": "1571264202.052500",
        "team": "TN9LC1S6M",
        "user_team": "TN9LC1S6M",
        "source_team": "TN9LC1S6M",
        "user_profile": {
            "avatar_hash": "90c831cac8ba",
            "image_72": "https:\/\/avatars.slack-edge.com\/2019-09-17\/764115434832_90c831cac8ba4f2fc73e_72.jpg",
            "first_name": "Cindy",
            "real_name": "Cindy Wu",
            "display_name": "cindy",
            "team": "TN9LC1S6M",
            "name": "cindy",
            "is_restricted": false,
            "is_ultra_restricted": false
        },
        "thread_ts": "1571264109.052200",
        "parent_user_id": "UPG47FB4G"
    }
]