[
    {
        "client_msg_id": "779ce00f-cc83-47d4-afe6-ed6326b478ea",
        "type": "message",
        "text": "My name is Sam Sarkar. I am a PhD student at Northern Arizona University. I am in the Applied Physics and Materials Science program. I have masters degrees in Nanotechnology and Computer science and a bachelors degree in Electrical engineering. My research is around chiral nanostructures and I study their circular dichroism spectra.",
        "user": "UNV65ATNE",
        "ts": "1570659467.008100",
        "team": "TN9LC1S6M",
        "user_team": "TN9LC1S6M",
        "source_team": "TN9LC1S6M",
        "user_profile": {
            "avatar_hash": "g02e162a1f2a",
            "image_72": "https:\/\/secure.gravatar.com\/avatar\/02e162a1f2a7ebaed8019225679c5a93.jpg?s=72&d=https%3A%2F%2Fa.slack-edge.com%2Fdf10d%2Fimg%2Favatars%2Fava_0022-72.png",
            "first_name": "",
            "real_name": "Sam Sarkar",
            "display_name": "Sam Sarkar",
            "team": "TN9LC1S6M",
            "name": "ss3398",
            "is_restricted": false,
            "is_ultra_restricted": false
        },
        "thread_ts": "1570659467.008100",
        "reply_count": 2,
        "reply_users_count": 2,
        "latest_reply": "1570659557.008500",
        "reply_users": [
            "UNG35QZFF",
            "UNV65ATNE"
        ],
        "replies": [
            {
                "user": "UNG35QZFF",
                "ts": "1570659515.008300"
            },
            {
                "user": "UNV65ATNE",
                "ts": "1570659557.008500"
            }
        ],
        "subscribed": true,
        "last_read": "1570659557.008500",
        "reactions": [
            {
                "name": "wave",
                "users": [
                    "UNG35QZFF",
                    "UNJ95CKPG",
                    "UP6MCAL2U",
                    "UNVFX3UKT",
                    "UNQRW3EPN"
                ],
                "count": 5
            }
        ]
    },
    {
        "client_msg_id": "812838d9-29fb-4ec4-9b36-711cb331c074",
        "type": "message",
        "text": "Hiya Sam! To the best of my knowledge, you’re the first scientist from Arizona to join us in here. :slightly_smiling_face:",
        "user": "UNG35QZFF",
        "ts": "1570659515.008300",
        "team": "TN9LC1S6M",
        "user_team": "TN9LC1S6M",
        "source_team": "TN9LC1S6M",
        "user_profile": {
            "avatar_hash": "90c831cac8ba",
            "image_72": "https:\/\/avatars.slack-edge.com\/2019-09-17\/764115434832_90c831cac8ba4f2fc73e_72.jpg",
            "first_name": "Cindy",
            "real_name": "Cindy Wu",
            "display_name": "cindy",
            "team": "TN9LC1S6M",
            "name": "cindy",
            "is_restricted": false,
            "is_ultra_restricted": false
        },
        "thread_ts": "1570659467.008100",
        "parent_user_id": "UNV65ATNE"
    },
    {
        "client_msg_id": "94dcb2da-8b9a-4a0e-a12a-a389e64cf167",
        "type": "message",
        "text": "Happy to represent the grand canyon state :slightly_smiling_face:",
        "user": "UNV65ATNE",
        "ts": "1570659557.008500",
        "team": "TN9LC1S6M",
        "user_team": "TN9LC1S6M",
        "source_team": "TN9LC1S6M",
        "user_profile": {
            "avatar_hash": "g02e162a1f2a",
            "image_72": "https:\/\/secure.gravatar.com\/avatar\/02e162a1f2a7ebaed8019225679c5a93.jpg?s=72&d=https%3A%2F%2Fa.slack-edge.com%2Fdf10d%2Fimg%2Favatars%2Fava_0022-72.png",
            "first_name": "",
            "real_name": "Sam Sarkar",
            "display_name": "Sam Sarkar",
            "team": "TN9LC1S6M",
            "name": "ss3398",
            "is_restricted": false,
            "is_ultra_restricted": false
        },
        "thread_ts": "1570659467.008100",
        "parent_user_id": "UNV65ATNE",
        "reactions": [
            {
                "name": "sparkles",
                "users": [
                    "UNG35QZFF"
                ],
                "count": 1
            }
        ]
    },
    {
        "client_msg_id": "bd4b1ac7-e86b-439f-9f30-fb1ba2c0b98b",
        "type": "message",
        "text": ":wave: I'm Andrew. I work on ground control software (and sometimes flight software) for small satellites at Kubos and write The Orbital Index (<https:\/\/orbitalindex.com>), a weekly newsletter about space science and the space industry. I'm very interested in tools to accelerate science in general.",
        "user": "UP7Q268R3",
        "ts": "1570676711.010200",
        "team": "TN9LC1S6M",
        "user_team": "TN9LC1S6M",
        "source_team": "TN9LC1S6M",
        "user_profile": {
            "avatar_hash": "g02734bb0afe",
            "image_72": "https:\/\/secure.gravatar.com\/avatar\/02734bb0afe24b614f37a54eada76538.jpg?s=72&d=https%3A%2F%2Fa.slack-edge.com%2Fdf10d%2Fimg%2Favatars%2Fava_0012-72.png",
            "first_name": "",
            "real_name": "Andrew Cantino",
            "display_name": "Andrew Cantino",
            "team": "TN9LC1S6M",
            "name": "andrew",
            "is_restricted": false,
            "is_ultra_restricted": false
        },
        "attachments": [
            {
                "title": "The Orbital Index",
                "title_link": "https:\/\/orbitalindex.com\/",
                "text": "Curated space news and links. Weekly, brief, and technical.",
                "fallback": "The Orbital Index",
                "from_url": "https:\/\/orbitalindex.com\/",
                "thumb_url": "https:\/\/orbitalindex.com\/assets\/icons\/icon.png",
                "thumb_width": 192,
                "thumb_height": 192,
                "service_icon": "https:\/\/orbitalindex.com\/assets\/icons\/icon.png",
                "service_name": "The Orbital Index",
                "id": 1,
                "original_url": "https:\/\/orbitalindex.com"
            }
        ],
        "thread_ts": "1570676711.010200",
        "reply_count": 1,
        "reply_users_count": 1,
        "latest_reply": "1570693311.011100",
        "reply_users": [
            "UNG35QZFF"
        ],
        "replies": [
            {
                "user": "UNG35QZFF",
                "ts": "1570693311.011100"
            }
        ],
        "subscribed": true,
        "last_read": "1570693311.011100",
        "reactions": [
            {
                "name": "wave",
                "users": [
                    "UNJ95CKPG",
                    "UP6MCAL2U",
                    "UNWG10HRA",
                    "UNG35QZFF",
                    "UNVFX3UKT",
                    "UNQRW3EPN"
                ],
                "count": 6
            },
            {
                "name": "rocket",
                "users": [
                    "UNJ95CKPG"
                ],
                "count": 1
            }
        ]
    }
]