[
    {
        "user": "UNJ63Q3C2",
        "type": "message",
        "subtype": "channel_join",
        "ts": "1569949815.011500",
        "text": "<@UNJ63Q3C2> has joined the channel"
    },
    {
        "client_msg_id": "b835fa2a-9034-4f66-b3b3-ef46ccf7b5da",
        "type": "message",
        "text": "Hello! I am Rutu - founder of Hunchera and PhD in NLP. I am very interested in democratizing science - making it for everyone - especially for ML and AI. I think science should not be held hostage by the people who have the GPUs. I believe science should be reproducible, and we can be better with our peer reviews. I am very excited to see where <@UNG35QZFF> and <@UNJ95CKPG> take this project, and excited to meet others who are passionate about this!",
        "user": "UNJ63Q3C2",
        "ts": "1569949985.014000",
        "team": "TN9LC1S6M",
        "user_team": "TN9LC1S6M",
        "source_team": "TN9LC1S6M",
        "user_profile": {
            "avatar_hash": "g4d9cfe0a7a6",
            "image_72": "https:\/\/secure.gravatar.com\/avatar\/4d9cfe0a7a6dfc7fe2f1759b07d5dd39.jpg?s=72&d=https%3A%2F%2Fa.slack-edge.com%2Fdf10d%2Fimg%2Favatars%2Fava_0014-72.png",
            "first_name": "",
            "real_name": "Rutu Mulkar",
            "display_name": "Rutu Mulkar",
            "team": "TN9LC1S6M",
            "name": "me1",
            "is_restricted": false,
            "is_ultra_restricted": false
        },
        "thread_ts": "1569949985.014000",
        "reply_count": 2,
        "reply_users_count": 2,
        "latest_reply": "1570196464.000200",
        "reply_users": [
            "UNG35QZFF",
            "UNJ63Q3C2"
        ],
        "replies": [
            {
                "user": "UNG35QZFF",
                "ts": "1569952585.014100"
            },
            {
                "user": "UNJ63Q3C2",
                "ts": "1570196464.000200"
            }
        ],
        "subscribed": true,
        "last_read": "1570213150.747150",
        "reactions": [
            {
                "name": "sparkles",
                "users": [
                    "UNG35QZFF"
                ],
                "count": 1
            },
            {
                "name": "wave",
                "users": [
                    "UNB3ACN0K",
                    "UNQRW3EPN"
                ],
                "count": 2
            },
            {
                "name": "hotdog",
                "users": [
                    "UNJ95CKPG"
                ],
                "count": 1
            }
        ]
    },
    {
        "client_msg_id": "5d2d010f-229f-40ec-ad6d-259647e98554",
        "type": "message",
        "text": ":wave::skin-tone-4:hello hello <@UNJ63Q3C2>, welcome! we 4 seattlelites in the room now <@UNB6R8QP5> <@UNB6RDSP5> <@UNNV3R865>!",
        "user": "UNG35QZFF",
        "ts": "1569952585.014100",
        "team": "TN9LC1S6M",
        "user_team": "TN9LC1S6M",
        "source_team": "TN9LC1S6M",
        "user_profile": {
            "avatar_hash": "90c831cac8ba",
            "image_72": "https:\/\/avatars.slack-edge.com\/2019-09-17\/764115434832_90c831cac8ba4f2fc73e_72.jpg",
            "first_name": "Cindy",
            "real_name": "Cindy Wu",
            "display_name": "cindy",
            "team": "TN9LC1S6M",
            "name": "cindy",
            "is_restricted": false,
            "is_ultra_restricted": false
        },
        "thread_ts": "1569949985.014000",
        "parent_user_id": "UNJ63Q3C2"
    },
    {
        "user": "UNY325M8Q",
        "type": "message",
        "subtype": "channel_join",
        "ts": "1569957722.014900",
        "text": "<@UNY325M8Q> has joined the channel"
    },
    {
        "client_msg_id": "b22e157a-0c7b-4641-9954-a76c89c7cce9",
        "type": "message",
        "text": "Thanks for the add, Cindy! Hi everyone, my name is Tom (he\/him\/his), here in the SF Bay Area. I have 10yrs experience managing clinical trials, both in academia (Stanford) and pharma (Genentech). Like many of you, my goal is to revolutionize how we do science. My current venture is patient-centric, aimed to democratize patient access to clinical trials and improve the entire clinical trials ecosystem. I'm excited to see what <@UNG35QZFF> and <@UNJ95CKPG> do with Jelly, and now very intrigued to see what many of you accomplish next! I'm pleased to be part of this community, and please reach out if I can ever be of assistance.",
        "user": "UNY325M8Q",
        "ts": "1569970628.021400",
        "team": "TN9LC1S6M",
        "user_team": "TN9LC1S6M",
        "source_team": "TN9LC1S6M",
        "user_profile": {
            "avatar_hash": "g11f553506de",
            "image_72": "https:\/\/secure.gravatar.com\/avatar\/11f553506de8cf3c1c1f48520447396d.jpg?s=72&d=https%3A%2F%2Fa.slack-edge.com%2Fdf10d%2Fimg%2Favatars%2Fava_0001-72.png",
            "first_name": "Tom",
            "real_name": "Tom Pamukcu",
            "display_name": "Tom Pamukcu",
            "team": "TN9LC1S6M",
            "name": "tom",
            "is_restricted": false,
            "is_ultra_restricted": false
        },
        "thread_ts": "1569970628.021400",
        "reply_count": 1,
        "reply_users_count": 1,
        "latest_reply": "1569970987.021700",
        "reply_users": [
            "UNG35QZFF"
        ],
        "replies": [
            {
                "user": "UNG35QZFF",
                "ts": "1569970987.021700"
            }
        ],
        "subscribed": true,
        "last_read": "1569970987.021700",
        "reactions": [
            {
                "name": "wave",
                "users": [
                    "UNB3ACN0K",
                    "UNG35QZFF",
                    "UNWG10HRA",
                    "UNQRW3EPN"
                ],
                "count": 4
            }
        ]
    },
    {
        "client_msg_id": "4656cd8d-a76f-40d6-8626-885ac01aba49",
        "type": "message",
        "text": "welcome welcome! :crystal_ball:",
        "user": "UNG35QZFF",
        "ts": "1569970987.021700",
        "team": "TN9LC1S6M",
        "user_team": "TN9LC1S6M",
        "source_team": "TN9LC1S6M",
        "user_profile": {
            "avatar_hash": "90c831cac8ba",
            "image_72": "https:\/\/avatars.slack-edge.com\/2019-09-17\/764115434832_90c831cac8ba4f2fc73e_72.jpg",
            "first_name": "Cindy",
            "real_name": "Cindy Wu",
            "display_name": "cindy",
            "team": "TN9LC1S6M",
            "name": "cindy",
            "is_restricted": false,
            "is_ultra_restricted": false
        },
        "thread_ts": "1569970628.021400",
        "parent_user_id": "UNY325M8Q"
    },
    {
        "user": "UP06JD76K",
        "type": "message",
        "subtype": "channel_join",
        "ts": "1569971991.022000",
        "text": "<@UP06JD76K> has joined the channel",
        "reactions": [
            {
                "name": "call_me_hand",
                "users": [
                    "UNJ95CKPG"
                ],
                "count": 1
            }
        ]
    },
    {
        "user": "UNYAUB54M",
        "type": "message",
        "subtype": "channel_join",
        "ts": "1569971991.022200",
        "text": "<@UNYAUB54M> has joined the channel"
    },
    {
        "user": "UNLRYRVB5",
        "type": "message",
        "subtype": "channel_join",
        "ts": "1569971992.022400",
        "text": "<@UNLRYRVB5> has joined the channel"
    },
    {
        "user": "UNXSH98CU",
        "type": "message",
        "subtype": "channel_join",
        "ts": "1569971993.022600",
        "text": "<@UNXSH98CU> has joined the channel"
    },
    {
        "client_msg_id": "748a4ece-92f3-43f8-82aa-39b33aee944c",
        "type": "message",
        "text": "Hey Everyone :raised_hands: I’m the founder of <http:\/\/amplemarket.com|amplemarket.com> and <http:\/\/fermatslibrary.com|fermatslibrary.com>. At amplemarket we develop sales software leveraging the most recent machine learning developments. Fermat’s Library is a platform for illuminating academic papers, where we’re trying to push science towards being more open and collaborative. You might have seen some of our tweets :blush:: <https:\/\/twitter.com\/fermatslibrary>",
        "user": "UP06JD76K",
        "ts": "1569979294.023300",
        "team": "TN9LC1S6M",
        "user_team": "TN9LC1S6M",
        "source_team": "TN9LC1S6M",
        "user_profile": {
            "avatar_hash": "g731f34e4234",
            "image_72": "https:\/\/secure.gravatar.com\/avatar\/731f34e423427bc7c62a390d4042d346.jpg?s=72&d=https%3A%2F%2Fa.slack-edge.com%2Fdf10d%2Fimg%2Favatars%2Fava_0024-72.png",
            "first_name": "",
            "real_name": "Luis Batalha",
            "display_name": "Luis Batalha",
            "team": "TN9LC1S6M",
            "name": "luisbatalha10",
            "is_restricted": false,
            "is_ultra_restricted": false
        },
        "attachments": [
            {
                "title": "Fermat's Library (@fermatslibrary) | Twitter",
                "title_link": "https:\/\/twitter.com\/fermatslibrary",
                "text": "The latest Tweets from Fermat's Library (@fermatslibrary). A platform for illuminating academic papers. We publish an annotated paper every week. Our chrome extension for arXiv: <https:\/\/t.co\/FVghWOrbyw>",
                "fallback": "Fermat's Library (@fermatslibrary) | Twitter",
                "from_url": "https:\/\/twitter.com\/fermatslibrary",
                "service_icon": "https:\/\/abs.twimg.com\/icons\/apple-touch-icon-192x192.png",
                "service_name": "twitter.com",
                "id": 1,
                "original_url": "https:\/\/twitter.com\/fermatslibrary"
            }
        ],
        "thread_ts": "1569979294.023300",
        "reply_count": 1,
        "reply_users_count": 1,
        "latest_reply": "1569979467.023600",
        "reply_users": [
            "UNG35QZFF"
        ],
        "replies": [
            {
                "user": "UNG35QZFF",
                "ts": "1569979467.023600"
            }
        ],
        "subscribed": true,
        "last_read": "1569979467.023600",
        "reactions": [
            {
                "name": "sparkles",
                "users": [
                    "UNG35QZFF",
                    "UNJ95CKPG",
                    "UNB3ACN0K",
                    "UNZ2WJ1EE"
                ],
                "count": 4
            },
            {
                "name": "flag-pt",
                "users": [
                    "UNG35QZFF",
                    "UNJ95CKPG"
                ],
                "count": 2
            },
            {
                "name": "wave",
                "users": [
                    "UNWG10HRA",
                    "UNQRW3EPN"
                ],
                "count": 2
            }
        ]
    },
    {
        "client_msg_id": "219f9281-5304-43e9-95b7-cf8a0d230528",
        "type": "message",
        "text": "if you run a journal club, you can use fermat’s library to annotate papers for your journal club. i loved this paper they annotated last week… the fine art of baloney detection by carl sagan <https:\/\/fermatslibrary.com\/s\/the-fine-art-of-baloney-detection#email-newsletter>",
        "user": "UNG35QZFF",
        "ts": "1569979467.023600",
        "team": "TN9LC1S6M",
        "user_team": "TN9LC1S6M",
        "source_team": "TN9LC1S6M",
        "user_profile": {
            "avatar_hash": "90c831cac8ba",
            "image_72": "https:\/\/avatars.slack-edge.com\/2019-09-17\/764115434832_90c831cac8ba4f2fc73e_72.jpg",
            "first_name": "Cindy",
            "real_name": "Cindy Wu",
            "display_name": "cindy",
            "team": "TN9LC1S6M",
            "name": "cindy",
            "is_restricted": false,
            "is_ultra_restricted": false
        },
        "attachments": [
            {
                "service_name": "Fermat's Library",
                "title": "Fermat's Library | The Fine Art of Baloney Detection annotated\/explained version.",
                "title_link": "https:\/\/fermatslibrary.com\/s\/the-fine-art-of-baloney-detection#email-newsletter",
                "text": "Fermat's Library is a platform for illuminating academic papers.",
                "fallback": "Fermat's Library: Fermat's Library | The Fine Art of Baloney Detection annotated\/explained version.",
                "thumb_url": "https:\/\/fermatslibrary.com\/fl-card.png",
                "from_url": "https:\/\/fermatslibrary.com\/s\/the-fine-art-of-baloney-detection#email-newsletter",
                "thumb_width": 430,
                "thumb_height": 430,
                "service_icon": "https:\/\/fermatslibrary.com\/favicon.ico",
                "id": 1,
                "original_url": "https:\/\/fermatslibrary.com\/s\/the-fine-art-of-baloney-detection#email-newsletter"
            }
        ],
        "thread_ts": "1569979294.023300",
        "parent_user_id": "UP06JD76K",
        "reactions": [
            {
                "name": "heart",
                "users": [
                    "UP06JD76K"
                ],
                "count": 1
            }
        ]
    },
    {
        "user": "UNKMJ9X34",
        "type": "message",
        "subtype": "channel_join",
        "ts": "1569985420.024400",
        "text": "<@UNKMJ9X34> has joined the channel"
    },
    {
        "user": "UNS2AQC2D",
        "type": "message",
        "subtype": "channel_join",
        "ts": "1569985421.024600",
        "text": "<@UNS2AQC2D> has joined the channel"
    }
]