[
    {
        "client_msg_id": "6ec3ca80-55a8-418d-a17e-a3b37b283037",
        "type": "message",
        "text": "Hi everyone :wave:\nI'm Kyle (he\/him), I live in SF and build data tools at Airbnb. Previously I did EdTech stuff and built an analytics platform for the Ethiopian Ministry of Health.\n\nI'm really into science education, especially thinking about creative and hands-on approaches. I used to work the Oregon Museum of Science and Industry building a maker space for teenagers and helped start a culinary science program who's lesson plans are used around the world:\n<https:\/\/youngchefsprogram.org\/community-2\/>\n\nOne day I'd like to build better tools for scientific publication and communication. I'm especially excited about data visualization and interactive media.\n\nNon professionally I love fermentation and mycology :mushroom:!",
        "user": "UNZ2WJ1EE",
        "ts": "1571081650.008100",
        "team": "TN9LC1S6M",
        "user_team": "TN9LC1S6M",
        "source_team": "TN9LC1S6M",
        "user_profile": {
            "avatar_hash": "cbb69aba5f3f",
            "image_72": "https:\/\/avatars.slack-edge.com\/2019-10-14\/794970404869_cbb69aba5f3ff52d79b7_72.png",
            "first_name": "Kyle",
            "real_name": "Kyle Schiller",
            "display_name": "Kyle Schiller",
            "team": "TN9LC1S6M",
            "name": "kyleschiller",
            "is_restricted": false,
            "is_ultra_restricted": false
        },
        "attachments": [
            {
                "service_name": "Young Chefs: From Cooking to Science",
                "service_url": "http:\/\/youngchefsprogram.org",
                "title": "Community",
                "title_link": "https:\/\/youngchefsprogram.org\/community-2\/",
                "author_name": "kyleschiller",
                "author_link": "https:\/\/youngchefsprogram.org\/author\/kyleschiller\/",
                "text": "When you use our lesson plans and resources, you join a diverse network of educators who are working together to bring cooking-science education to the next generation. As part of the thriving Young Chefs community, you will be invited to share your feedback on our open-access lessons to improve our overall curriculum; more importantly, you will have access to educators, chefs, and scientists who have used our curriculum in different settings who can share their experiences and help you maximize your benefit from the materials. All you need to do to join is to request our lesson plans and we will reach out to provide support wherever in the world you may be (go to this page: ). The map below outlines locations where our materials are currently used or have been used in the past.\n\n&nbsp;",
                "fallback": "Young Chefs: From Cooking to Science Link: Community",
                "from_url": "https:\/\/youngchefsprogram.org\/community-2\/",
                "service_icon": "https:\/\/secure.gravatar.com\/blavatar\/449b19b48a07616dc009aa709fc3b5ca?s=114",
                "id": 1,
                "original_url": "https:\/\/youngchefsprogram.org\/community-2\/"
            }
        ],
        "thread_ts": "1571081650.008100",
        "reply_count": 1,
        "reply_users_count": 1,
        "latest_reply": "1571090394.008700",
        "reply_users": [
            "UNG35QZFF"
        ],
        "replies": [
            {
                "user": "UNG35QZFF",
                "ts": "1571090394.008700"
            }
        ],
        "subscribed": true,
        "last_read": "1571090394.008700",
        "reactions": [
            {
                "name": "wave",
                "users": [
                    "UNB3ACN0K",
                    "UNJ95CKPG",
                    "UNG35QZFF"
                ],
                "count": 3
            }
        ]
    },
    {
        "client_msg_id": "34e7050e-0687-4eae-884e-148de5a49964",
        "type": "message",
        "text": "hi kyle! :slightly_smiling_face:",
        "user": "UNG35QZFF",
        "ts": "1571090394.008700",
        "team": "TN9LC1S6M",
        "user_team": "TN9LC1S6M",
        "source_team": "TN9LC1S6M",
        "user_profile": {
            "avatar_hash": "90c831cac8ba",
            "image_72": "https:\/\/avatars.slack-edge.com\/2019-09-17\/764115434832_90c831cac8ba4f2fc73e_72.jpg",
            "first_name": "Cindy",
            "real_name": "Cindy Wu",
            "display_name": "cindy",
            "team": "TN9LC1S6M",
            "name": "cindy",
            "is_restricted": false,
            "is_ultra_restricted": false
        },
        "thread_ts": "1571081650.008100",
        "parent_user_id": "UNZ2WJ1EE",
        "reactions": [
            {
                "name": "sparkles",
                "users": [
                    "UNZ2WJ1EE"
                ],
                "count": 1
            }
        ]
    },
    {
        "client_msg_id": "2e3532c6-5c41-4735-9553-01f520ec6758",
        "type": "message",
        "text": "Hello All!\n\nMy name is Jon (he\/him)\nI had a career in sales operations\/training\/ecommerce\/product\/corporate politics before realizing that my passion is helping people collaborate and connect. I left the company, moved to SF, and have spend the past 6 months learning and discovering my super powers and edges. In my work, I designed a framework using Airtable that integrates with contacts, emails, and tasks that makes it easy to hold myself and others to integrity. I've been using this framework as a life management system for the past 2 years and have 15k categorized data points, 1.6k associated people, and 75 different \"spaces\" in which it's all organized (for the data geeks).\n\nI'm involved with the festival and conference scene in SF and am currently looking for opportunities to share my experience with Airtable and design systems for people and organizations that want to step up their game (Personal CRMs, Volunteer Management Systems, Event Planning Tools, etc)\n\nI'm the Chief Organizer of <http:\/\/www.humanitarianhackers.co|www.humanitarianhackers.co> and our mission is to generate the Bright Web - The language of collaboration that will allow us to own, share, monetize, and design custom systems using our data. I'm looking for individuals and organizations that believe the pie is big enough for all of us and are willing to invest time, resources, and networks to create the next version of the web. The framework I designed in Airtable is a piece of this collaboration engine, and there are many more pieces that we can build.\n\nOutside of Airtable I love symbols, singing, dancing, making candles, and being reminded of the beauty of everyday life. I'm happy to be here and connect.",
        "user": "UPD7LQG94",
        "ts": "1571108873.040100",
        "team": "TN9LC1S6M",
        "user_team": "TN9LC1S6M",
        "source_team": "TN9LC1S6M",
        "user_profile": {
            "avatar_hash": "g8da14b92000",
            "image_72": "https:\/\/secure.gravatar.com\/avatar\/8da14b92000908697418983cd472677d.jpg?s=72&d=https%3A%2F%2Fa.slack-edge.com%2Fdf10d%2Fimg%2Favatars%2Fava_0008-72.png",
            "first_name": "",
            "real_name": "jon letts",
            "display_name": "jon letts",
            "team": "TN9LC1S6M",
            "name": "jonletts",
            "is_restricted": false,
            "is_ultra_restricted": false
        },
        "thread_ts": "1571108873.040100",
        "reply_count": 2,
        "reply_users_count": 2,
        "latest_reply": "1571109133.040600",
        "reply_users": [
            "UNG35QZFF",
            "UNZ44PXUL"
        ],
        "replies": [
            {
                "user": "UNG35QZFF",
                "ts": "1571109057.040300"
            },
            {
                "user": "UNZ44PXUL",
                "ts": "1571109133.040600"
            }
        ],
        "subscribed": true,
        "last_read": "1571109133.040600",
        "reactions": [
            {
                "name": "wave",
                "users": [
                    "UNG35QZFF",
                    "UNZ44PXUL",
                    "UNB3ACN0K",
                    "UNB6R8QP5",
                    "UNQRW3EPN",
                    "UNWG10HRA"
                ],
                "count": 6
            }
        ]
    },
    {
        "client_msg_id": "a04dfba3-4521-4479-a58f-ecd7ce19bf5b",
        "type": "message",
        "text": "hiya <@UPD7LQG94>! welcome welcome. <@UNZ44PXUL> mentioned that you may be joining us in here. we’re discussing alternative financing and structure things in <#CN7G33R5G|steward-ownership> channel. if that’s your jam, come hang out!",
        "user": "UNG35QZFF",
        "ts": "1571109057.040300",
        "team": "TN9LC1S6M",
        "user_team": "TN9LC1S6M",
        "source_team": "TN9LC1S6M",
        "user_profile": {
            "avatar_hash": "90c831cac8ba",
            "image_72": "https:\/\/avatars.slack-edge.com\/2019-09-17\/764115434832_90c831cac8ba4f2fc73e_72.jpg",
            "first_name": "Cindy",
            "real_name": "Cindy Wu",
            "display_name": "cindy",
            "team": "TN9LC1S6M",
            "name": "cindy",
            "is_restricted": false,
            "is_ultra_restricted": false
        },
        "thread_ts": "1571108873.040100",
        "parent_user_id": "UPD7LQG94"
    },
    {
        "client_msg_id": "42317d97-c636-4533-b6f3-e995e6d0616e",
        "type": "message",
        "text": "<@UPD7LQG94> :wave::skin-tone-4:",
        "user": "UNZ44PXUL",
        "ts": "1571109133.040600",
        "team": "TN9LC1S6M",
        "user_team": "TN9LC1S6M",
        "source_team": "TN9LC1S6M",
        "user_profile": {
            "avatar_hash": "7a4e0b1482e0",
            "image_72": "https:\/\/avatars.slack-edge.com\/2019-10-02\/768939443154_7a4e0b1482e0868c0a7a_72.jpg",
            "first_name": "",
            "real_name": "praful",
            "display_name": "praful",
            "team": "TN9LC1S6M",
            "name": "praful.mathur",
            "is_restricted": false,
            "is_ultra_restricted": false
        },
        "thread_ts": "1571108873.040100",
        "parent_user_id": "UPD7LQG94"
    }
]