[
    {
        "user": "UNFG0HU8J",
        "type": "message",
        "subtype": "channel_join",
        "ts": "1569676345.000200",
        "text": "<@UNFG0HU8J> has joined the channel"
    },
    {
        "client_msg_id": "a724dbac-2112-4749-b28d-19692cabdb1e",
        "type": "message",
        "text": "Hi everyone, I'm Breck. I'm a software engineer\/researcher at University of Hawaii Cancer Center. I found this slack through Cindy\/Denny...I'm a big fan of open science and things like <http:\/\/scihub.cc|scihub.cc> and semanticscholar....I think science will be very different (better!) in the future once more people embrace an open science process...i'm not sure exactly what it looks like, but at our lab we are doing things like working on papers in the open on GitHub....very excited to see where this community goes",
        "user": "UNFG0HU8J",
        "ts": "1569676635.004200",
        "team": "TN9LC1S6M",
        "user_team": "TN9LC1S6M",
        "source_team": "TN9LC1S6M",
        "user_profile": {
            "avatar_hash": "g96a1ef57fee",
            "image_72": "https:\/\/secure.gravatar.com\/avatar\/96a1ef57fee8349bd6f92faf153f9ec3.jpg?s=72&d=https%3A%2F%2Fa.slack-edge.com%2Fdf10d%2Fimg%2Favatars%2Fava_0005-72.png",
            "first_name": "",
            "real_name": "Breck Yunits",
            "display_name": "Breck Yunits",
            "team": "TN9LC1S6M",
            "name": "breck7",
            "is_restricted": false,
            "is_ultra_restricted": false
        },
        "thread_ts": "1569676635.004200",
        "reply_count": 1,
        "reply_users_count": 1,
        "latest_reply": "1569707981.000100",
        "reply_users": [
            "UNG35QZFF"
        ],
        "replies": [
            {
                "user": "UNG35QZFF",
                "ts": "1569707981.000100"
            }
        ],
        "subscribed": true,
        "last_read": "1569707981.000100",
        "reactions": [
            {
                "name": "wave",
                "users": [
                    "UNB3ACN0K",
                    "UNQRW3EPN",
                    "UNG35QZFF"
                ],
                "count": 3
            },
            {
                "name": "microscope",
                "users": [
                    "UNJ95CKPG"
                ],
                "count": 1
            }
        ]
    },
    {
        "client_msg_id": "27d34c3e-21c6-423d-8e61-8265ca2f43be",
        "type": "message",
        "text": "excited to have you here, <@UNFG0HU8J>! :sparkles:",
        "user": "UNG35QZFF",
        "ts": "1569707981.000100",
        "team": "TN9LC1S6M",
        "user_team": "TN9LC1S6M",
        "source_team": "TN9LC1S6M",
        "user_profile": {
            "avatar_hash": "90c831cac8ba",
            "image_72": "https:\/\/avatars.slack-edge.com\/2019-09-17\/764115434832_90c831cac8ba4f2fc73e_72.jpg",
            "first_name": "Cindy",
            "real_name": "Cindy Wu",
            "display_name": "cindy",
            "team": "TN9LC1S6M",
            "name": "cindy",
            "is_restricted": false,
            "is_ultra_restricted": false
        },
        "thread_ts": "1569676635.004200",
        "parent_user_id": "UNFG0HU8J"
    }
]