[
    {
        "user": "UNQRW3EPN",
        "type": "message",
        "subtype": "channel_join",
        "ts": "1569440018.000200",
        "text": "<@UNQRW3EPN> has joined the channel"
    },
    {
        "client_msg_id": "7fd42fbe-ca7a-4de1-98ab-1f570cad8f01",
        "type": "message",
        "text": "Hello I'm Jeff (he\/him\/his).\n\nI have an adorable 8 month old baby, Teddy, with my beautiful wife, Emily. I'm currently a programmer, and I worked with Denny and Cindy when they did <http:\/\/experiment.com|experiment.com> in NYC. I don't do much science these days, but I did in undergrad. I was a school teacher for a while, and I taught elementary school (about 7-10 years old) kids science for part of that teaching career.\n\nI think science is fun, in addition to being important, and a lot of us (myself included) lost track of that somehow.",
        "user": "UNQRW3EPN",
        "ts": "1569442745.005500",
        "team": "TN9LC1S6M",
        "user_team": "TN9LC1S6M",
        "source_team": "TN9LC1S6M",
        "user_profile": {
            "avatar_hash": "g45293e1c21b",
            "image_72": "https:\/\/secure.gravatar.com\/avatar\/45293e1c21bd09727dbc2ac098ab4cc4.jpg?s=72&d=https%3A%2F%2Fa.slack-edge.com%2Fdf10d%2Fimg%2Favatars%2Fava_0002-72.png",
            "first_name": "",
            "real_name": "Jeff Maxim",
            "display_name": "Jeff Maxim",
            "team": "TN9LC1S6M",
            "name": "frey.maxim",
            "is_restricted": false,
            "is_ultra_restricted": false
        },
        "edited": {
            "user": "UNQRW3EPN",
            "ts": "1569442770.000000"
        },
        "thread_ts": "1569442745.005500",
        "reply_count": 1,
        "reply_users_count": 1,
        "latest_reply": "1569446188.005800",
        "reply_users": [
            "UNG35QZFF"
        ],
        "replies": [
            {
                "user": "UNG35QZFF",
                "ts": "1569446188.005800"
            }
        ],
        "subscribed": true,
        "last_read": "1569446188.005800",
        "reactions": [
            {
                "name": "heart",
                "users": [
                    "UNG35QZFF"
                ],
                "count": 1
            },
            {
                "name": "wave::skin-tone-3",
                "users": [
                    "UNB6R8QP5",
                    "UNB3ACN0K",
                    "UNJ95CKPG"
                ],
                "count": 3
            }
        ]
    },
    {
        "client_msg_id": "0739a613-4fd4-459c-bfb9-acffcd700ef8",
        "type": "message",
        "text": "super excited that you’re here!",
        "user": "UNG35QZFF",
        "ts": "1569446188.005800",
        "team": "TN9LC1S6M",
        "user_team": "TN9LC1S6M",
        "source_team": "TN9LC1S6M",
        "user_profile": {
            "avatar_hash": "90c831cac8ba",
            "image_72": "https:\/\/avatars.slack-edge.com\/2019-09-17\/764115434832_90c831cac8ba4f2fc73e_72.jpg",
            "first_name": "Cindy",
            "real_name": "Cindy Wu",
            "display_name": "cindy",
            "team": "TN9LC1S6M",
            "name": "cindy",
            "is_restricted": false,
            "is_ultra_restricted": false
        },
        "thread_ts": "1569442745.005500",
        "parent_user_id": "UNQRW3EPN",
        "reactions": [
            {
                "name": "100",
                "users": [
                    "UNQRW3EPN"
                ],
                "count": 1
            }
        ]
    }
]