[
    {
        "client_msg_id": "76E2E6D0-5C72-48F4-B8D6-0FCBE2B7BB88",
        "type": "message",
        "text": "Hi! My name is Erika. I’m a PhD student at the University of Vermont. I’m passionate about entomology- I believe there’s a lot we can learn from insects :ant: especially when it comes down to understanding cool evolutionary adaptations. My research focuses on evaluating stress responses in agricultural insect pests that have developed resistance to insecticides. I’m big a fan of entomological embroidery and have massive collection of insect stamps from all over the world. Very happy to meet everyone! ",
        "user": "UNS2AQC2D",
        "ts": "1570502555.007700",
        "team": "TN9LC1S6M",
        "user_team": "TN9LC1S6M",
        "source_team": "TN9LC1S6M",
        "user_profile": {
            "avatar_hash": "2e824feb955e",
            "image_72": "https:\/\/avatars.slack-edge.com\/2019-10-07\/789018303319_2e824feb955e1f7d737f_72.png",
            "first_name": "Erika",
            "real_name": "Erika",
            "display_name": "",
            "team": "TN9LC1S6M",
            "name": "erika.bueno",
            "is_restricted": false,
            "is_ultra_restricted": false
        },
        "thread_ts": "1570502555.007700",
        "reply_count": 2,
        "reply_users_count": 2,
        "latest_reply": "1570503860.008200",
        "reply_users": [
            "UNG35QZFF",
            "UNJ95CKPG"
        ],
        "replies": [
            {
                "user": "UNG35QZFF",
                "ts": "1570503146.007800"
            },
            {
                "user": "UNJ95CKPG",
                "ts": "1570503860.008200"
            }
        ],
        "subscribed": true,
        "last_read": "1570503860.008200",
        "reactions": [
            {
                "name": "wave",
                "users": [
                    "UNG35QZFF",
                    "UNJ95CKPG",
                    "UNVFX3UKT",
                    "UNB3ACN0K",
                    "UNWG10HRA",
                    "UNKMJ9X34"
                ],
                "count": 6
            }
        ]
    },
    {
        "client_msg_id": "2c683495-faf9-4018-9914-402adbcf2668",
        "type": "message",
        "text": "yay! <@UNS2AQC2D> is here! :sparkles:",
        "user": "UNG35QZFF",
        "ts": "1570503146.007800",
        "team": "TN9LC1S6M",
        "user_team": "TN9LC1S6M",
        "source_team": "TN9LC1S6M",
        "user_profile": {
            "avatar_hash": "90c831cac8ba",
            "image_72": "https:\/\/avatars.slack-edge.com\/2019-09-17\/764115434832_90c831cac8ba4f2fc73e_72.jpg",
            "first_name": "Cindy",
            "real_name": "Cindy Wu",
            "display_name": "cindy",
            "team": "TN9LC1S6M",
            "name": "cindy",
            "is_restricted": false,
            "is_ultra_restricted": false
        },
        "thread_ts": "1570502555.007700",
        "parent_user_id": "UNS2AQC2D"
    },
    {
        "client_msg_id": "610677bf-59b0-4a3d-bd29-b93a917ad890",
        "type": "message",
        "text": "hello erika!",
        "user": "UNJ95CKPG",
        "ts": "1570503860.008200",
        "team": "TN9LC1S6M",
        "user_team": "TN9LC1S6M",
        "source_team": "TN9LC1S6M",
        "user_profile": {
            "avatar_hash": "3c827ecd0300",
            "image_72": "https:\/\/avatars.slack-edge.com\/2019-09-23\/759234742083_3c827ecd0300e7312f4f_72.png",
            "first_name": "Denny",
            "real_name": "Denny",
            "display_name": "denny",
            "team": "TN9LC1S6M",
            "name": "denny",
            "is_restricted": false,
            "is_ultra_restricted": false
        },
        "thread_ts": "1570502555.007700",
        "parent_user_id": "UNS2AQC2D"
    }
]