[
    {
        "client_msg_id": "684e71da-a36c-4a98-8ae5-dd0b4abb8c68",
        "type": "message",
        "text": "Hi, I'm Alex (he\/him). My path so far has been AK-&gt;NY (upstate)-&gt;NY (city)-&gt;CA. I studied mechanical engineering in college and now I do programming. My interests are open-source software, community\/corporate governance, and snow. Right now I work on collaboration features at Box. Somewhere along the way I worked on water treatment technology, IoT systems, and brains.",
        "user": "UP6MCAL2U",
        "ts": "1570597451.005200",
        "team": "TN9LC1S6M",
        "user_team": "TN9LC1S6M",
        "source_team": "TN9LC1S6M",
        "user_profile": {
            "avatar_hash": "gfdadf7053b7",
            "image_72": "https:\/\/secure.gravatar.com\/avatar\/fdadf7053b778c4d2c58efa64c0b408a.jpg?s=72&d=https%3A%2F%2Fa.slack-edge.com%2Fdf10d%2Fimg%2Favatars%2Fava_0024-72.png",
            "first_name": "Alex",
            "real_name": "Alex Krolick",
            "display_name": "",
            "team": "TN9LC1S6M",
            "name": "alexander.krolick",
            "is_restricted": false,
            "is_ultra_restricted": false
        },
        "thread_ts": "1570597451.005200",
        "reply_count": 3,
        "reply_users_count": 3,
        "latest_reply": "1570597859.005500",
        "reply_users": [
            "UNJ95CKPG",
            "UNG35QZFF",
            "UP6MCAL2U"
        ],
        "replies": [
            {
                "user": "UNJ95CKPG",
                "ts": "1570597473.005300"
            },
            {
                "user": "UNG35QZFF",
                "ts": "1570597556.005400"
            },
            {
                "user": "UP6MCAL2U",
                "ts": "1570597859.005500"
            }
        ],
        "subscribed": true,
        "last_read": "1570597859.005500",
        "reactions": [
            {
                "name": "wave",
                "users": [
                    "UNG35QZFF",
                    "UNB3ACN0K",
                    "UNQRW3EPN",
                    "UNVFX3UKT",
                    "UNJ95CKPG"
                ],
                "count": 5
            }
        ]
    },
    {
        "client_msg_id": "8904c97d-4dfd-4b0b-b63f-5fa57c78a7bf",
        "type": "message",
        "text": "howdy alex!",
        "user": "UNJ95CKPG",
        "ts": "1570597473.005300",
        "team": "TN9LC1S6M",
        "user_team": "TN9LC1S6M",
        "source_team": "TN9LC1S6M",
        "user_profile": {
            "avatar_hash": "3c827ecd0300",
            "image_72": "https:\/\/avatars.slack-edge.com\/2019-09-23\/759234742083_3c827ecd0300e7312f4f_72.png",
            "first_name": "Denny",
            "real_name": "Denny",
            "display_name": "denny",
            "team": "TN9LC1S6M",
            "name": "denny",
            "is_restricted": false,
            "is_ultra_restricted": false
        },
        "thread_ts": "1570597451.005200",
        "parent_user_id": "UP6MCAL2U"
    },
    {
        "client_msg_id": "355a59d1-57b0-4455-b59a-88754c35e0b3",
        "type": "message",
        "text": "herro herro excited to have you here. also excited that you’re coming to honolulu in november. you might be our first human guest ever!",
        "user": "UNG35QZFF",
        "ts": "1570597556.005400",
        "team": "TN9LC1S6M",
        "user_team": "TN9LC1S6M",
        "source_team": "TN9LC1S6M",
        "user_profile": {
            "avatar_hash": "90c831cac8ba",
            "image_72": "https:\/\/avatars.slack-edge.com\/2019-09-17\/764115434832_90c831cac8ba4f2fc73e_72.jpg",
            "first_name": "Cindy",
            "real_name": "Cindy Wu",
            "display_name": "cindy",
            "team": "TN9LC1S6M",
            "name": "cindy",
            "is_restricted": false,
            "is_ultra_restricted": false
        },
        "thread_ts": "1570597451.005200",
        "parent_user_id": "UP6MCAL2U"
    },
    {
        "client_msg_id": "0e65b582-7bfb-48b6-9225-6d501cf7c4cb",
        "type": "message",
        "text": "Awesome, hello everyone",
        "user": "UP6MCAL2U",
        "ts": "1570597859.005500",
        "team": "TN9LC1S6M",
        "user_team": "TN9LC1S6M",
        "source_team": "TN9LC1S6M",
        "user_profile": {
            "avatar_hash": "gfdadf7053b7",
            "image_72": "https:\/\/secure.gravatar.com\/avatar\/fdadf7053b778c4d2c58efa64c0b408a.jpg?s=72&d=https%3A%2F%2Fa.slack-edge.com%2Fdf10d%2Fimg%2Favatars%2Fava_0024-72.png",
            "first_name": "Alex",
            "real_name": "Alex Krolick",
            "display_name": "",
            "team": "TN9LC1S6M",
            "name": "alexander.krolick",
            "is_restricted": false,
            "is_ultra_restricted": false
        },
        "thread_ts": "1570597451.005200",
        "parent_user_id": "UP6MCAL2U"
    }
]