[
    {
        "client_msg_id": "2d7f2993-aeb1-4504-bb64-eac098cc998d",
        "type": "message",
        "text": "hiya! excited that you’re here.",
        "user": "UNG35QZFF",
        "ts": "1570693311.011100",
        "team": "TN9LC1S6M",
        "user_team": "TN9LC1S6M",
        "source_team": "TN9LC1S6M",
        "user_profile": {
            "avatar_hash": "90c831cac8ba",
            "image_72": "https:\/\/avatars.slack-edge.com\/2019-09-17\/764115434832_90c831cac8ba4f2fc73e_72.jpg",
            "first_name": "Cindy",
            "real_name": "Cindy Wu",
            "display_name": "cindy",
            "team": "TN9LC1S6M",
            "name": "cindy",
            "is_restricted": false,
            "is_ultra_restricted": false
        },
        "thread_ts": "1570676711.010200",
        "parent_user_id": "UP7Q268R3"
    },
    {
        "client_msg_id": "03e648ac-13ca-44da-acbd-1cf34e1d216d",
        "type": "message",
        "text": "Hi! I'm Martin. I currently do my PhD at the Medical University of Vienna in the field of cardiac assist devices. I am also the coordinator of the activities of the young investigator branch of the european society of artificial organs (<https:\/\/www.esao.org\/young-esao\/>), which is a community of researchers working on Artificial Organs in Europe (and Australia <@UNWG10HRA>). We are interested in creating platforms for collaboration between institutions.\nI am looking forward to shaping the future of science together!",
        "user": "UNWP108SX",
        "ts": "1570702674.017100",
        "team": "TN9LC1S6M",
        "user_team": "TN9LC1S6M",
        "source_team": "TN9LC1S6M",
        "user_profile": {
            "avatar_hash": "8d5293632e13",
            "image_72": "https:\/\/avatars.slack-edge.com\/2019-10-10\/790382013120_8d5293632e130f66be86_72.png",
            "first_name": "",
            "real_name": "Martin Maw",
            "display_name": "Martin Maw",
            "team": "TN9LC1S6M",
            "name": "martin.maw",
            "is_restricted": false,
            "is_ultra_restricted": false
        },
        "thread_ts": "1570702674.017100",
        "reply_count": 1,
        "reply_users_count": 1,
        "latest_reply": "1570704312.017300",
        "reply_users": [
            "UNG35QZFF"
        ],
        "replies": [
            {
                "user": "UNG35QZFF",
                "ts": "1570704312.017300"
            }
        ],
        "subscribed": true,
        "last_read": "1570704312.017300",
        "reactions": [
            {
                "name": "wave",
                "users": [
                    "UNG35QZFF",
                    "UNWG10HRA",
                    "UNVFX3UKT",
                    "UP7Q268R3",
                    "UNQRW3EPN"
                ],
                "count": 5
            },
            {
                "name": "flag-at",
                "users": [
                    "UNG35QZFF"
                ],
                "count": 1
            }
        ]
    },
    {
        "client_msg_id": "55509040-0de0-4429-9852-611a11e3d5fa",
        "type": "message",
        "text": "welcome martin! i think you’re the very first person in here from austria. :slightly_smiling_face:",
        "user": "UNG35QZFF",
        "ts": "1570704312.017300",
        "team": "TN9LC1S6M",
        "user_team": "TN9LC1S6M",
        "source_team": "TN9LC1S6M",
        "user_profile": {
            "avatar_hash": "90c831cac8ba",
            "image_72": "https:\/\/avatars.slack-edge.com\/2019-09-17\/764115434832_90c831cac8ba4f2fc73e_72.jpg",
            "first_name": "Cindy",
            "real_name": "Cindy Wu",
            "display_name": "cindy",
            "team": "TN9LC1S6M",
            "name": "cindy",
            "is_restricted": false,
            "is_ultra_restricted": false
        },
        "thread_ts": "1570702674.017100",
        "parent_user_id": "UNWP108SX"
    },
    {
        "client_msg_id": "d6390dd3-c24c-451e-8d77-8fe6f4d0faf9",
        "type": "message",
        "text": "I noticed that <@UNJ95CKPG> does not have an intro. Who\/what\/where\/why\/when\/how in the world is Denny?",
        "user": "UNB6R8QP5",
        "ts": "1570724012.018600",
        "team": "TN9LC1S6M",
        "user_team": "TN9LC1S6M",
        "source_team": "TN9LC1S6M",
        "user_profile": {
            "avatar_hash": "g646bcfc1178",
            "image_72": "https:\/\/secure.gravatar.com\/avatar\/646bcfc117871a691cb1deeca3686725.jpg?s=72&d=https%3A%2F%2Fa.slack-edge.com%2Fdf10d%2Fimg%2Favatars%2Fava_0003-72.png",
            "first_name": "",
            "real_name": "riceballthief",
            "display_name": "riceballthief",
            "team": "TN9LC1S6M",
            "name": "riceballthief",
            "is_restricted": false,
            "is_ultra_restricted": false
        },
        "thread_ts": "1570724012.018600",
        "reply_count": 1,
        "reply_users_count": 1,
        "latest_reply": "1570756201.019400",
        "reply_users": [
            "UNJ95CKPG"
        ],
        "replies": [
            {
                "user": "UNJ95CKPG",
                "ts": "1570756201.019400"
            }
        ],
        "subscribed": false,
        "reactions": [
            {
                "name": "point_up",
                "users": [
                    "UNQRW3EPN",
                    "UNG35QZFF"
                ],
                "count": 2
            },
            {
                "name": "slightly_smiling_face",
                "users": [
                    "UNJ95CKPG"
                ],
                "count": 1
            }
        ]
    },
    {
        "client_msg_id": "9c76c480-4ec1-418f-8525-4f22674e6daf",
        "type": "message",
        "text": "shucks ive been caught.",
        "user": "UNJ95CKPG",
        "ts": "1570756201.019400",
        "team": "TN9LC1S6M",
        "user_team": "TN9LC1S6M",
        "source_team": "TN9LC1S6M",
        "user_profile": {
            "avatar_hash": "3c827ecd0300",
            "image_72": "https:\/\/avatars.slack-edge.com\/2019-09-23\/759234742083_3c827ecd0300e7312f4f_72.png",
            "first_name": "Denny",
            "real_name": "Denny",
            "display_name": "denny",
            "team": "TN9LC1S6M",
            "name": "denny",
            "is_restricted": false,
            "is_ultra_restricted": false
        },
        "thread_ts": "1570724012.018600",
        "parent_user_id": "UNB6R8QP5"
    }
]