[
    {
        "client_msg_id": "1d56b083-b2b4-426f-bafd-2b692e28ac70",
        "type": "message",
        "text": "I'm riceballthief and my human name is Linlin - they\/them\/she\/her :octopus:\n\nI was born in Guilin, mother China, but immigrated to the grand cornfields of NW Ohio circa 1999, still a youngin. Knowing zero English, I learned to communicate by pointing. Throughout high school I have been involved in science fair, often driving hours to access research labs and resources. I got to experiment with using photons to move (tiny) objects and accidental hydrogen-based explosions. Participating and winning in ISEF opened my eyes to science in a way that I had never experienced in a small town - I was impressed by the young scientific community and found like minded individuals who were curious about the world and loved to learn for no reason other than to know things.\n\nAfter high school I matriculated to MIT and meandered my way through college starting out as a computer science major, had a brief affair with neuroscience, and then graduated with a BS in Architecture. Today I work as a UX designer for an organization-that-shall-not-be-namedazon. My partner thinks I help ISIS. I assure you I don't think I am. But that's where I'm at right now. Not sure where I'm going - life's an adventure!\n\nA fun, open, quality, and efficient system for science resonates with me because I think access to scientific knowledge is important and humans should be empowered to understand how their world works. Keeping scientific knowledge a secret is bad for society, and works against the common good because it means humans are acting on incomplete information in their day to day lives. I think open, clear, and inclusive communication about science would be a useful mechanism to promote progress in how we treat each other and our planet.\n\nI like to think about how to optimize systems, and then go and optimize them. I also like learning about how to optimize systems. Creatures that fascinate me include octopuses, mushrooms, and Data.  I enjoy spicy foods, photography, biking, hiking, rock climbing, music making, and, recently, roller skating.",
        "user": "UNB6R8QP5",
        "ts": "1569357106.019100",
        "team": "TN9LC1S6M",
        "user_team": "TN9LC1S6M",
        "source_team": "TN9LC1S6M",
        "user_profile": {
            "avatar_hash": "g646bcfc1178",
            "image_72": "https:\/\/secure.gravatar.com\/avatar\/646bcfc117871a691cb1deeca3686725.jpg?s=72&d=https%3A%2F%2Fa.slack-edge.com%2Fdf10d%2Fimg%2Favatars%2Fava_0003-72.png",
            "first_name": "",
            "real_name": "riceballthief",
            "display_name": "riceballthief",
            "team": "TN9LC1S6M",
            "name": "riceballthief",
            "is_restricted": false,
            "is_ultra_restricted": false
        },
        "edited": {
            "user": "UNB6R8QP5",
            "ts": "1569357771.000000"
        },
        "reactions": [
            {
                "name": "hotdog",
                "users": [
                    "UNJ95CKPG"
                ],
                "count": 1
            },
            {
                "name": "wave",
                "users": [
                    "UNJ95CKPG",
                    "UNB3ACN0K"
                ],
                "count": 2
            }
        ]
    },
    {
        "client_msg_id": "5bf732ea-95d5-4701-b739-a28613a88804",
        "type": "message",
        "text": "<@UNB6R8QP5> excited that you’re here! thanks for sharing you story. “organization-that-shall-not-be-namedazon” this made me laugh… heh. :laughing:",
        "user": "UNG35QZFF",
        "ts": "1569357233.019700",
        "team": "TN9LC1S6M",
        "user_team": "TN9LC1S6M",
        "source_team": "TN9LC1S6M",
        "user_profile": {
            "avatar_hash": "90c831cac8ba",
            "image_72": "https:\/\/avatars.slack-edge.com\/2019-09-17\/764115434832_90c831cac8ba4f2fc73e_72.jpg",
            "first_name": "Cindy",
            "real_name": "Cindy Wu",
            "display_name": "cindy",
            "team": "TN9LC1S6M",
            "name": "cindy",
            "is_restricted": false,
            "is_ultra_restricted": false
        }
    },
    {
        "client_msg_id": "7df962e3-8428-4d3d-927f-e1ce0750ba9b",
        "type": "message",
        "text": "<@UNG35QZFF> happy to be here - i'm not a scientist i just rap a lot",
        "user": "UNB6R8QP5",
        "ts": "1569359577.020400",
        "team": "TN9LC1S6M",
        "user_team": "TN9LC1S6M",
        "source_team": "TN9LC1S6M",
        "user_profile": {
            "avatar_hash": "g646bcfc1178",
            "image_72": "https:\/\/secure.gravatar.com\/avatar\/646bcfc117871a691cb1deeca3686725.jpg?s=72&d=https%3A%2F%2Fa.slack-edge.com%2Fdf10d%2Fimg%2Favatars%2Fava_0003-72.png",
            "first_name": "",
            "real_name": "riceballthief",
            "display_name": "riceballthief",
            "team": "TN9LC1S6M",
            "name": "riceballthief",
            "is_restricted": false,
            "is_ultra_restricted": false
        },
        "thread_ts": "1569359577.020400",
        "reply_count": 1,
        "reply_users_count": 1,
        "latest_reply": "1569359659.020600",
        "reply_users": [
            "UNG35QZFF"
        ],
        "replies": [
            {
                "user": "UNG35QZFF",
                "ts": "1569359659.020600"
            }
        ],
        "subscribed": true,
        "last_read": "1569359659.020600"
    },
    {
        "client_msg_id": "d0c96888-3cc8-40a5-89de-2e25d96b23ea",
        "type": "message",
        "text": "once a scientist always a scientist… if participating and winning ISEF is not scienceing then what is scienceing?",
        "user": "UNG35QZFF",
        "ts": "1569359659.020600",
        "team": "TN9LC1S6M",
        "user_team": "TN9LC1S6M",
        "source_team": "TN9LC1S6M",
        "user_profile": {
            "avatar_hash": "90c831cac8ba",
            "image_72": "https:\/\/avatars.slack-edge.com\/2019-09-17\/764115434832_90c831cac8ba4f2fc73e_72.jpg",
            "first_name": "Cindy",
            "real_name": "Cindy Wu",
            "display_name": "cindy",
            "team": "TN9LC1S6M",
            "name": "cindy",
            "is_restricted": false,
            "is_ultra_restricted": false
        },
        "thread_ts": "1569359577.020400",
        "parent_user_id": "UNB6R8QP5"
    },
    {
        "user": "UNPPANK60",
        "type": "message",
        "subtype": "channel_join",
        "ts": "1569382298.021300",
        "text": "<@UNPPANK60> has joined the channel"
    },
    {
        "user": "UNCQ6MBDZ",
        "type": "message",
        "subtype": "channel_join",
        "ts": "1569386230.021500",
        "text": "<@UNCQ6MBDZ> has joined the channel"
    }
]