[
    {
        "client_msg_id": "cb8db3f0-50dc-4e3a-9c15-1b47835563a5",
        "type": "message",
        "text": "Greetings! My name is Bayleigh (she\/her). I was born and raised in the Bronx, NY, but now I live in Baltimore, MD. I'm in my 3rd year at Johns Hopkins University double majoring in two things with very long names (basically biology and earth science). I'm an undergraduate researcher in the DiRuggiero Lab and I'm just wrapping up a project that studies photosynthesis in endolithic cyanobacteria from the Atacama desert. I've always been interested in biology and got my first research experience in an entomology lab at the AMNH in NYC. When I first worked with Experiment back in New York, I quickly became interested in transparency in science, peer-review, open access issues, and responsible science communication. I write a lot (mainly about microbiology) for a personal blog and for publications at my school. I love writing, reading, and visiting museums of all kinds.  I'm very excited to be in this group and to e-meet you all!",
        "user": "UNKMJ9X34",
        "ts": "1570046484.033100",
        "team": "TN9LC1S6M",
        "user_team": "TN9LC1S6M",
        "source_team": "TN9LC1S6M",
        "user_profile": {
            "avatar_hash": "gd50cf07f2e1",
            "image_72": "https:\/\/secure.gravatar.com\/avatar\/d50cf07f2e1690ca84bb357ea1958cba.jpg?s=72&d=https%3A%2F%2Fa.slack-edge.com%2Fdf10d%2Fimg%2Favatars%2Fava_0011-72.png",
            "first_name": "",
            "real_name": "Bayleigh Murray",
            "display_name": "Bayleigh Murray",
            "team": "TN9LC1S6M",
            "name": "murraybayleigh",
            "is_restricted": false,
            "is_ultra_restricted": false
        },
        "thread_ts": "1570046484.033100",
        "reply_count": 4,
        "reply_users_count": 3,
        "latest_reply": "1570119405.035100",
        "reply_users": [
            "UNG35QZFF",
            "UNQRW3EPN",
            "UNKMJ9X34"
        ],
        "replies": [
            {
                "user": "UNG35QZFF",
                "ts": "1570046530.033400"
            },
            {
                "user": "UNG35QZFF",
                "ts": "1570046578.033600"
            },
            {
                "user": "UNQRW3EPN",
                "ts": "1570061125.034500"
            },
            {
                "user": "UNKMJ9X34",
                "ts": "1570119405.035100"
            }
        ],
        "subscribed": true,
        "last_read": "1570119405.035100",
        "reactions": [
            {
                "name": "crystal_ball",
                "users": [
                    "UNG35QZFF"
                ],
                "count": 1
            },
            {
                "name": "wave",
                "users": [
                    "UNB3ACN0K",
                    "UNJ95CKPG",
                    "UNQRW3EPN"
                ],
                "count": 3
            }
        ]
    },
    {
        "client_msg_id": "3decd628-72ec-4b01-8ce3-3cb417e02ae2",
        "type": "message",
        "text": "yay! super excited that you’re here <@UNKMJ9X34>!",
        "user": "UNG35QZFF",
        "ts": "1570046530.033400",
        "team": "TN9LC1S6M",
        "user_team": "TN9LC1S6M",
        "source_team": "TN9LC1S6M",
        "user_profile": {
            "avatar_hash": "90c831cac8ba",
            "image_72": "https:\/\/avatars.slack-edge.com\/2019-09-17\/764115434832_90c831cac8ba4f2fc73e_72.jpg",
            "first_name": "Cindy",
            "real_name": "Cindy Wu",
            "display_name": "cindy",
            "team": "TN9LC1S6M",
            "name": "cindy",
            "is_restricted": false,
            "is_ultra_restricted": false
        },
        "thread_ts": "1570046484.033100",
        "parent_user_id": "UNKMJ9X34"
    },
    {
        "client_msg_id": "d713aa09-01ef-45c4-a674-a097080a566c",
        "type": "message",
        "text": "<@UNGJ0B58A> is also a young researcher (I think) from Bronx, NY.",
        "user": "UNG35QZFF",
        "ts": "1570046578.033600",
        "team": "TN9LC1S6M",
        "user_team": "TN9LC1S6M",
        "source_team": "TN9LC1S6M",
        "user_profile": {
            "avatar_hash": "90c831cac8ba",
            "image_72": "https:\/\/avatars.slack-edge.com\/2019-09-17\/764115434832_90c831cac8ba4f2fc73e_72.jpg",
            "first_name": "Cindy",
            "real_name": "Cindy Wu",
            "display_name": "cindy",
            "team": "TN9LC1S6M",
            "name": "cindy",
            "is_restricted": false,
            "is_ultra_restricted": false
        },
        "thread_ts": "1570046484.033100",
        "parent_user_id": "UNKMJ9X34"
    },
    {
        "user": "UNGJ0B58A",
        "type": "message",
        "subtype": "channel_join",
        "ts": "1570046581.033900",
        "text": "<@UNGJ0B58A> has joined the channel",
        "inviter": "UNG35QZFF"
    },
    {
        "client_msg_id": "F82125AB-2907-44D5-8EC4-B561E9D3F533",
        "type": "message",
        "text": "Hi Bayleigh!!",
        "user": "UNQRW3EPN",
        "ts": "1570061125.034500",
        "team": "TN9LC1S6M",
        "user_team": "TN9LC1S6M",
        "source_team": "TN9LC1S6M",
        "user_profile": {
            "avatar_hash": "g45293e1c21b",
            "image_72": "https:\/\/secure.gravatar.com\/avatar\/45293e1c21bd09727dbc2ac098ab4cc4.jpg?s=72&d=https%3A%2F%2Fa.slack-edge.com%2Fdf10d%2Fimg%2Favatars%2Fava_0002-72.png",
            "first_name": "",
            "real_name": "Jeff Maxim",
            "display_name": "Jeff Maxim",
            "team": "TN9LC1S6M",
            "name": "frey.maxim",
            "is_restricted": false,
            "is_ultra_restricted": false
        },
        "thread_ts": "1570046484.033100",
        "parent_user_id": "UNKMJ9X34"
    },
    {
        "user": "UNU9G7MC0",
        "type": "message",
        "subtype": "channel_join",
        "ts": "1570065408.035000",
        "text": "<@UNU9G7MC0> has joined the channel",
        "inviter": "UNG35QZFF"
    }
]