[
    {
        "client_msg_id": "42bc3f8b-2af7-4a56-a542-68d42e084708",
        "type": "message",
        "text": "Hi, George here, co-founder of <https:\/\/giveinternet.org\/> - a platform where anyone can fund monthly internet fees and devices for the underprivileged high-school students living in refugee camps &amp; rural areas. We believe access to the internet is a basic human right. We've started our project in the biggest IDP\/Refugee settlements and rural areas of Georgia (Europe) and now we are working to expand operations to the Middle East and African countries by collaborating with partners on the ground. Excited to be part of this community :slightly_smiling_face:",
        "user": "UNS38F4DB",
        "ts": "1569834614.005800",
        "team": "TN9LC1S6M",
        "user_team": "TN9LC1S6M",
        "source_team": "TN9LC1S6M",
        "user_profile": {
            "avatar_hash": "g9e73176d7e9",
            "image_72": "https:\/\/secure.gravatar.com\/avatar\/9e73176d7e9ead6324dc959f4a8b4148.jpg?s=72&d=https%3A%2F%2Fa.slack-edge.com%2Fdf10d%2Fimg%2Favatars%2Fava_0022-72.png",
            "first_name": "",
            "real_name": "George Jibladze",
            "display_name": "George Jibladze",
            "team": "TN9LC1S6M",
            "name": "gjibla",
            "is_restricted": false,
            "is_ultra_restricted": false
        },
        "attachments": [
            {
                "title": "Give Internet",
                "title_link": "https:\/\/giveinternet.org\/",
                "text": "Donate Internet access to underprivileged students",
                "fallback": "Give Internet",
                "image_url": "https:\/\/static.giveinternet.org\/17\/30\/2BURXu3dh0iKOyJUW2NA-A\/U3.jpg",
                "from_url": "https:\/\/giveinternet.org\/",
                "image_width": 600,
                "image_height": 250,
                "image_bytes": 1093469,
                "service_icon": "https:\/\/giveinternet.org\/m\/i\/favicons\/apple-touch-icon.png",
                "service_name": "giveinternet.org",
                "id": 1,
                "original_url": "https:\/\/giveinternet.org\/"
            }
        ],
        "thread_ts": "1569834614.005800",
        "reply_count": 1,
        "reply_users_count": 1,
        "latest_reply": "1569872210.000400",
        "reply_users": [
            "UNG35QZFF"
        ],
        "replies": [
            {
                "user": "UNG35QZFF",
                "ts": "1569872210.000400"
            }
        ],
        "subscribed": true,
        "last_read": "1569872210.000400",
        "reactions": [
            {
                "name": "wave",
                "users": [
                    "UNQRW3EPN",
                    "UNG35QZFF",
                    "UNJ95CKPG"
                ],
                "count": 3
            },
            {
                "name": "sparkles",
                "users": [
                    "UNG35QZFF",
                    "UNJ95CKPG"
                ],
                "count": 2
            },
            {
                "name": "computer",
                "users": [
                    "UNJ95CKPG"
                ],
                "count": 1
            }
        ]
    },
    {
        "client_msg_id": "d119373c-2cb7-4397-9d3b-122f0d13ff9f",
        "type": "message",
        "text": "hello hello <@UNS38F4DB> :wave::skin-tone-4:",
        "user": "UNG35QZFF",
        "ts": "1569872210.000400",
        "team": "TN9LC1S6M",
        "user_team": "TN9LC1S6M",
        "source_team": "TN9LC1S6M",
        "user_profile": {
            "avatar_hash": "90c831cac8ba",
            "image_72": "https:\/\/avatars.slack-edge.com\/2019-09-17\/764115434832_90c831cac8ba4f2fc73e_72.jpg",
            "first_name": "Cindy",
            "real_name": "Cindy Wu",
            "display_name": "cindy",
            "team": "TN9LC1S6M",
            "name": "cindy",
            "is_restricted": false,
            "is_ultra_restricted": false
        },
        "thread_ts": "1569834614.005800",
        "parent_user_id": "UNS38F4DB",
        "reactions": [
            {
                "name": "wave",
                "users": [
                    "UNS38F4DB"
                ],
                "count": 1
            }
        ]
    },
    {
        "user": "UNNV3R865",
        "type": "message",
        "subtype": "channel_join",
        "ts": "1569879722.001100",
        "text": "<@UNNV3R865> has joined the channel"
    },
    {
        "client_msg_id": "18ff6c15-954b-4303-bd6a-f1c088ca3d40",
        "type": "message",
        "text": "Hello!  I'm interested in democratizing peer review!! I'm now a student at University of Washington's Human Centered Design &amp; Engineering program. Past: 12+ years of Product Management experience (including a stint as a TPM on Microsoft's Academic &amp; Book search team).  Interests include ElderCare\/AgeTech, friend tech, entertainment, UX, cats, sensors, and design.   Twitter is @ztopiapub and LinkedIn <https:\/\/www.linkedin.com\/in\/zarahmorris\/>",
        "user": "UNNV3R865",
        "ts": "1569880175.007200",
        "team": "TN9LC1S6M",
        "user_team": "TN9LC1S6M",
        "source_team": "TN9LC1S6M",
        "user_profile": {
            "avatar_hash": "gcde34fcf0c1",
            "image_72": "https:\/\/secure.gravatar.com\/avatar\/cde34fcf0c134d3ad771e0357bc64e01.jpg?s=72&d=https%3A%2F%2Fa.slack-edge.com%2Fdf10d%2Fimg%2Favatars%2Fava_0014-72.png",
            "first_name": "",
            "real_name": "Z Morris",
            "display_name": "Z Morris",
            "team": "TN9LC1S6M",
            "name": "ztopiapub",
            "is_restricted": false,
            "is_ultra_restricted": false
        },
        "thread_ts": "1569880175.007200",
        "reply_count": 4,
        "reply_users_count": 2,
        "latest_reply": "1569883663.008000",
        "reply_users": [
            "UNG35QZFF",
            "UNB6R8QP5"
        ],
        "replies": [
            {
                "user": "UNG35QZFF",
                "ts": "1569880219.007300"
            },
            {
                "user": "UNG35QZFF",
                "ts": "1569880258.007500"
            },
            {
                "user": "UNB6R8QP5",
                "ts": "1569883632.007800"
            },
            {
                "user": "UNB6R8QP5",
                "ts": "1569883663.008000"
            }
        ],
        "subscribed": true,
        "last_read": "1569883663.008000",
        "reactions": [
            {
                "name": "wave",
                "users": [
                    "UNG35QZFF",
                    "UNB3ACN0K",
                    "UNB6R8QP5",
                    "UNQRW3EPN"
                ],
                "count": 4
            }
        ]
    },
    {
        "client_msg_id": "022af1a4-f560-49eb-86c5-5629ee17b83a",
        "type": "message",
        "text": "Welcome <@UNNV3R865>! Excited to continue our conversation on how to democratize peer review.",
        "user": "UNG35QZFF",
        "ts": "1569880219.007300",
        "team": "TN9LC1S6M",
        "user_team": "TN9LC1S6M",
        "source_team": "TN9LC1S6M",
        "user_profile": {
            "avatar_hash": "90c831cac8ba",
            "image_72": "https:\/\/avatars.slack-edge.com\/2019-09-17\/764115434832_90c831cac8ba4f2fc73e_72.jpg",
            "first_name": "Cindy",
            "real_name": "Cindy Wu",
            "display_name": "cindy",
            "team": "TN9LC1S6M",
            "name": "cindy",
            "is_restricted": false,
            "is_ultra_restricted": false
        },
        "thread_ts": "1569880175.007200",
        "parent_user_id": "UNNV3R865"
    },
    {
        "client_msg_id": "343c9cf2-4ebf-47e7-9791-f3d08dbcbe2c",
        "type": "message",
        "text": "A friend pointed out this project to me yesterday <https:\/\/www.peerageofscience.org\/>…  related stuff.",
        "user": "UNG35QZFF",
        "ts": "1569880258.007500",
        "team": "TN9LC1S6M",
        "user_team": "TN9LC1S6M",
        "source_team": "TN9LC1S6M",
        "user_profile": {
            "avatar_hash": "90c831cac8ba",
            "image_72": "https:\/\/avatars.slack-edge.com\/2019-09-17\/764115434832_90c831cac8ba4f2fc73e_72.jpg",
            "first_name": "Cindy",
            "real_name": "Cindy Wu",
            "display_name": "cindy",
            "team": "TN9LC1S6M",
            "name": "cindy",
            "is_restricted": false,
            "is_ultra_restricted": false
        },
        "thread_ts": "1569880175.007200",
        "parent_user_id": "UNNV3R865"
    },
    {
        "client_msg_id": "9d0ea8c9-b81e-43a7-9ce1-04a2a762c2c6",
        "type": "message",
        "text": "oh hey! i also did that HCDE program :slightly_smiling_face:",
        "user": "UNB6R8QP5",
        "ts": "1569883632.007800",
        "team": "TN9LC1S6M",
        "user_team": "TN9LC1S6M",
        "source_team": "TN9LC1S6M",
        "user_profile": {
            "avatar_hash": "g646bcfc1178",
            "image_72": "https:\/\/secure.gravatar.com\/avatar\/646bcfc117871a691cb1deeca3686725.jpg?s=72&d=https%3A%2F%2Fa.slack-edge.com%2Fdf10d%2Fimg%2Favatars%2Fava_0003-72.png",
            "first_name": "",
            "real_name": "riceballthief",
            "display_name": "riceballthief",
            "team": "TN9LC1S6M",
            "name": "riceballthief",
            "is_restricted": false,
            "is_ultra_restricted": false
        },
        "thread_ts": "1569880175.007200",
        "parent_user_id": "UNNV3R865",
        "reactions": [
            {
                "name": "sparkles",
                "users": [
                    "UNG35QZFF"
                ],
                "count": 1
            }
        ]
    },
    {
        "client_msg_id": "e1c572fb-bc21-4077-a56a-05b0a0bb3333",
        "type": "message",
        "text": "curious to hear your thoughts",
        "user": "UNB6R8QP5",
        "ts": "1569883663.008000",
        "team": "TN9LC1S6M",
        "user_team": "TN9LC1S6M",
        "source_team": "TN9LC1S6M",
        "user_profile": {
            "avatar_hash": "g646bcfc1178",
            "image_72": "https:\/\/secure.gravatar.com\/avatar\/646bcfc117871a691cb1deeca3686725.jpg?s=72&d=https%3A%2F%2Fa.slack-edge.com%2Fdf10d%2Fimg%2Favatars%2Fava_0003-72.png",
            "first_name": "",
            "real_name": "riceballthief",
            "display_name": "riceballthief",
            "team": "TN9LC1S6M",
            "name": "riceballthief",
            "is_restricted": false,
            "is_ultra_restricted": false
        },
        "thread_ts": "1569880175.007200",
        "parent_user_id": "UNNV3R865"
    },
    {
        "user": "UNWG10HRA",
        "type": "message",
        "subtype": "channel_join",
        "ts": "1569904513.008600",
        "text": "<@UNWG10HRA> has joined the channel"
    },
    {
        "client_msg_id": "46aaff6c-3b50-41fe-a384-8458ff29dc3c",
        "type": "message",
        "text": "Hi Zarah!",
        "user": "UNWG10HRA",
        "ts": "1569904546.008900",
        "team": "TN9LC1S6M",
        "user_team": "TN9LC1S6M",
        "source_team": "TN9LC1S6M",
        "user_profile": {
            "avatar_hash": "ee171c7f1b5f",
            "image_72": "https:\/\/avatars.slack-edge.com\/2019-10-10\/790008745108_ee171c7f1b5fa98f406b_72.png",
            "first_name": "Eric",
            "real_name": "Eric Wu",
            "display_name": "Eric Wu",
            "team": "TN9LC1S6M",
            "name": "eric.lee.wu",
            "is_restricted": false,
            "is_ultra_restricted": false
        }
    },
    {
        "client_msg_id": "c769b2c5-25e6-42ca-a3e4-9bce5079ae7e",
        "type": "message",
        "text": "Hi, I'm Eric an engineering research student at the University of Queensland. My interest is in cardiovascular devices!",
        "user": "UNWG10HRA",
        "ts": "1569904645.010600",
        "team": "TN9LC1S6M",
        "user_team": "TN9LC1S6M",
        "source_team": "TN9LC1S6M",
        "user_profile": {
            "avatar_hash": "ee171c7f1b5f",
            "image_72": "https:\/\/avatars.slack-edge.com\/2019-10-10\/790008745108_ee171c7f1b5fa98f406b_72.png",
            "first_name": "Eric",
            "real_name": "Eric Wu",
            "display_name": "Eric Wu",
            "team": "TN9LC1S6M",
            "name": "eric.lee.wu",
            "is_restricted": false,
            "is_ultra_restricted": false
        },
        "thread_ts": "1569904645.010600",
        "reply_count": 2,
        "reply_users_count": 1,
        "latest_reply": "1569904776.010900",
        "reply_users": [
            "UNG35QZFF"
        ],
        "replies": [
            {
                "user": "UNG35QZFF",
                "ts": "1569904760.010700"
            },
            {
                "user": "UNG35QZFF",
                "ts": "1569904776.010900"
            }
        ],
        "subscribed": true,
        "last_read": "1569904776.010900",
        "reactions": [
            {
                "name": "flag-au",
                "users": [
                    "UNG35QZFF"
                ],
                "count": 1
            },
            {
                "name": "wave",
                "users": [
                    "UNG35QZFF",
                    "UNB3ACN0K",
                    "UNQRW3EPN"
                ],
                "count": 3
            }
        ]
    },
    {
        "client_msg_id": "41ca0bc7-23d2-466d-a5ff-6c73972d1df8",
        "type": "message",
        "text": "welcome <@UNWG10HRA>! 🥳",
        "user": "UNG35QZFF",
        "ts": "1569904760.010700",
        "team": "TN9LC1S6M",
        "user_team": "TN9LC1S6M",
        "source_team": "TN9LC1S6M",
        "user_profile": {
            "avatar_hash": "90c831cac8ba",
            "image_72": "https:\/\/avatars.slack-edge.com\/2019-09-17\/764115434832_90c831cac8ba4f2fc73e_72.jpg",
            "first_name": "Cindy",
            "real_name": "Cindy Wu",
            "display_name": "cindy",
            "team": "TN9LC1S6M",
            "name": "cindy",
            "is_restricted": false,
            "is_ultra_restricted": false
        },
        "thread_ts": "1569904645.010600",
        "parent_user_id": "UNWG10HRA"
    },
    {
        "client_msg_id": "c9b0918d-1eb4-4c7a-966d-442eba3e954b",
        "type": "message",
        "text": "first :flag-au: scientist in the group!",
        "user": "UNG35QZFF",
        "ts": "1569904776.010900",
        "team": "TN9LC1S6M",
        "user_team": "TN9LC1S6M",
        "source_team": "TN9LC1S6M",
        "user_profile": {
            "avatar_hash": "90c831cac8ba",
            "image_72": "https:\/\/avatars.slack-edge.com\/2019-09-17\/764115434832_90c831cac8ba4f2fc73e_72.jpg",
            "first_name": "Cindy",
            "real_name": "Cindy Wu",
            "display_name": "cindy",
            "team": "TN9LC1S6M",
            "name": "cindy",
            "is_restricted": false,
            "is_ultra_restricted": false
        },
        "thread_ts": "1569904645.010600",
        "parent_user_id": "UNWG10HRA"
    }
]