[
    {
        "user": "UNG35QZFF",
        "type": "message",
        "subtype": "channel_join",
        "ts": "1569278678.000200",
        "text": "<@UNG35QZFF> has joined the channel"
    },
    {
        "client_msg_id": "2b0747eb-5fec-4164-bbd8-abefa10dc676",
        "type": "message",
        "text": "You can call me Cindy. My pronouns are she\/her\/hers.\n\nI was born and raised in Bellevue, Washington and found my place in science during my time as a college student at University of Washington. I started out as a lab tech in a zebrafish lab and transitioned doing actual science designing cell-based immunotherapies using dendritic cells. In the evenings I dabbled with synthetic biology and ecology research.\n\nWorking towards a system that makes scientific knowledge accessible, makes doing science efficient and fun, and upholds the quality in science that separates science from all other content online is why I am here. Science is probably the most important thing in my life. I am hoping to work together with a community of scientists who want to leave science better than we found it. That’s where I am going.\n\nMaking science fun, open, quality, and efficient resonates with me because this is the world I want to live in. I believe it is possible. At a minimum we can make it so by starting with a small corner of the internet.\n\nI live in Honolulu now with Denny. I also cave a lot.",
        "user": "UNG35QZFF",
        "ts": "1569279671.010900",
        "team": "TN9LC1S6M",
        "user_team": "TN9LC1S6M",
        "source_team": "TN9LC1S6M",
        "user_profile": {
            "avatar_hash": "90c831cac8ba",
            "image_72": "https:\/\/avatars.slack-edge.com\/2019-09-17\/764115434832_90c831cac8ba4f2fc73e_72.jpg",
            "first_name": "Cindy",
            "real_name": "Cindy Wu",
            "display_name": "cindy",
            "team": "TN9LC1S6M",
            "name": "cindy",
            "is_restricted": false,
            "is_ultra_restricted": false
        },
        "reactions": [
            {
                "name": "heart",
                "users": [
                    "UNB3ACN0K"
                ],
                "count": 1
            },
            {
                "name": "black_heart",
                "users": [
                    "UNB6R8QP5"
                ],
                "count": 1
            },
            {
                "name": "+1",
                "users": [
                    "UNS38F4DB"
                ],
                "count": 1
            }
        ]
    },
    {
        "user": "UNG35QZFF",
        "type": "message",
        "subtype": "channel_purpose",
        "ts": "1569279837.011500",
        "text": "<@UNG35QZFF> set the channel purpose: What would you like people to call you? What are your preferred pronouns? Where did you come from? How did you find your place in science?  Where are you going? Why does an fun, open, quality, and efficient system for science resonate with you?",
        "purpose": "What would you like people to call you? What are your preferred pronouns? Where did you come from? How did you find your place in science?  Where are you going? Why does an fun, open, quality, and efficient system for science resonate with you?"
    },
    {
        "client_msg_id": "E188A8C9-B680-4216-8940-629AF2CCEC11",
        "type": "message",
        "text": "Hi, I’m Andrea (she\/her\/hers)!\n\nI grew up in Erie, PA  and attended Rochester Institute of Technology in Rochester, NY where I received my BS in biomedical engineering. While there I was able to work in a tissue engineering research lab, I fell in love with all aspects of research and it’s endless possibilities as well as lifestyle. Post-grad I moved to Winston-Salem, NC where I am currently pursuing my PhD in biomedical engineering and will finish within the next year. \n \nMy work focuses on cancer disease models and better understanding the role of the extracellular matrix in disease progression and treatment response. I am specifically synthesizing and utilizing biomaterials 3D cell culture, the models are able to replicate disease and outputs can be translated to patient disease. In parallel I am developing image analysis skills to use my knowledge of ECM to  advance cancer diagnosis and treatment response from standard pathology analysis. \n\nI really like learning, science, cancer, and sharing knowledge to improve the human condition. \n\nIf not in lab or reading, I can be found rock climbing, doing yoga, or in snow.",
        "user": "UNB3ACN0K",
        "ts": "1569286024.028400",
        "team": "TN9LC1S6M",
        "user_team": "TN9LC1S6M",
        "source_team": "TN9LC1S6M",
        "user_profile": {
            "avatar_hash": "22c5c1201ad6",
            "image_72": "https:\/\/avatars.slack-edge.com\/2019-09-23\/757895371826_22c5c1201ad643cd29f8_72.png",
            "first_name": "Andrea",
            "real_name": "Andrea Mazzocchi",
            "display_name": "Andrea Mazzocchi",
            "team": "TN9LC1S6M",
            "name": "amazzocchi13",
            "is_restricted": false,
            "is_ultra_restricted": false
        },
        "edited": {
            "user": "UNB3ACN0K",
            "ts": "1569286565.000000"
        },
        "thread_ts": "1569286024.028400",
        "reply_count": 2,
        "reply_users_count": 2,
        "latest_reply": "1569286534.029500",
        "reply_users": [
            "UNG35QZFF",
            "UNB3ACN0K"
        ],
        "replies": [
            {
                "user": "UNG35QZFF",
                "ts": "1569286178.028800"
            },
            {
                "user": "UNB3ACN0K",
                "ts": "1569286534.029500"
            }
        ],
        "subscribed": true,
        "last_read": "1569286534.029500",
        "reactions": [
            {
                "name": "wave",
                "users": [
                    "UNJ95CKPG"
                ],
                "count": 1
            },
            {
                "name": "wave::skin-tone-3",
                "users": [
                    "UNB6R8QP5"
                ],
                "count": 1
            }
        ]
    },
    {
        "client_msg_id": "4f566b46-bcd7-43c5-8232-546cff5e1fe4",
        "type": "message",
        "text": "Thanks for sharing your story! Excited that you’re here. YAY now we have two scientists with a background in cell culture. 🥳",
        "user": "UNG35QZFF",
        "ts": "1569286178.028800",
        "team": "TN9LC1S6M",
        "user_team": "TN9LC1S6M",
        "source_team": "TN9LC1S6M",
        "user_profile": {
            "avatar_hash": "90c831cac8ba",
            "image_72": "https:\/\/avatars.slack-edge.com\/2019-09-17\/764115434832_90c831cac8ba4f2fc73e_72.jpg",
            "first_name": "Cindy",
            "real_name": "Cindy Wu",
            "display_name": "cindy",
            "team": "TN9LC1S6M",
            "name": "cindy",
            "is_restricted": false,
            "is_ultra_restricted": false
        },
        "thread_ts": "1569286024.028400",
        "parent_user_id": "UNB3ACN0K"
    },
    {
        "client_msg_id": "33A2A693-1EB7-450A-A420-0E341A24A778",
        "type": "message",
        "text": "So much cell culture experience and super excited to be here ",
        "user": "UNB3ACN0K",
        "ts": "1569286534.029500",
        "team": "TN9LC1S6M",
        "user_team": "TN9LC1S6M",
        "source_team": "TN9LC1S6M",
        "user_profile": {
            "avatar_hash": "22c5c1201ad6",
            "image_72": "https:\/\/avatars.slack-edge.com\/2019-09-23\/757895371826_22c5c1201ad643cd29f8_72.png",
            "first_name": "Andrea",
            "real_name": "Andrea Mazzocchi",
            "display_name": "Andrea Mazzocchi",
            "team": "TN9LC1S6M",
            "name": "amazzocchi13",
            "is_restricted": false,
            "is_ultra_restricted": false
        },
        "thread_ts": "1569286024.028400",
        "parent_user_id": "UNB3ACN0K",
        "reactions": [
            {
                "name": "smile",
                "users": [
                    "UNG35QZFF"
                ],
                "count": 1
            }
        ]
    }
]