[
    {
        "client_msg_id": "2beae0cf-8c53-49dd-8516-dfdcbf89672a",
        "type": "message",
        "text": "Ahoy! I'm Russell (he\/him). I'm a microbial ecologist (and recovering physicist). I'm about a year into a postdoc at the Joint Genome Institute at Lawrence Berkeley Labs, where I burn CPU cycles analyzing giant networks of bacteria\/archaea-virus interactions. I basically live inside a giant pile of Jupyter notebooks. I do some activist stuff, mostly related to improving access to scientific tools with Open Hardware. I was also one of the authors of the <http:\/\/not-binary.org|not-binary.org> statement. I also like to cook things.",
        "user": "UPHUMFN87",
        "ts": "1571350587.060100",
        "team": "TN9LC1S6M",
        "user_team": "TN9LC1S6M",
        "source_team": "TN9LC1S6M",
        "user_profile": {
            "avatar_hash": "g6d60fdc5d85",
            "image_72": "https:\/\/secure.gravatar.com\/avatar\/6d60fdc5d858b401196acd67f0095d75.jpg?s=72&d=https%3A%2F%2Fa.slack-edge.com%2Fdf10d%2Fimg%2Favatars%2Fava_0001-72.png",
            "first_name": "",
            "real_name": "Russell Neches",
            "display_name": "Russell Neches",
            "team": "TN9LC1S6M",
            "name": "ryneches",
            "is_restricted": false,
            "is_ultra_restricted": false
        },
        "thread_ts": "1571350587.060100",
        "reply_count": 1,
        "reply_users_count": 1,
        "latest_reply": "1571350675.060500",
        "reply_users": [
            "UNG35QZFF"
        ],
        "replies": [
            {
                "user": "UNG35QZFF",
                "ts": "1571350675.060500"
            }
        ],
        "subscribed": true,
        "last_read": "1571350675.060500",
        "reactions": [
            {
                "name": "wave",
                "users": [
                    "UNG35QZFF",
                    "UNJ95CKPG",
                    "UPG47FB4G",
                    "UNQRW3EPN",
                    "UNB3ACN0K",
                    "UP06JD76K"
                ],
                "count": 6
            }
        ]
    },
    {
        "client_msg_id": "81dd8e02-060a-401c-a9ff-de2110130a69",
        "type": "message",
        "text": "I am interested the challenges of cooking things inside a giant pile of Jupyter notebooks.",
        "user": "UNG35QZFF",
        "ts": "1571350675.060500",
        "team": "TN9LC1S6M",
        "user_team": "TN9LC1S6M",
        "source_team": "TN9LC1S6M",
        "user_profile": {
            "avatar_hash": "90c831cac8ba",
            "image_72": "https:\/\/avatars.slack-edge.com\/2019-09-17\/764115434832_90c831cac8ba4f2fc73e_72.jpg",
            "first_name": "Cindy",
            "real_name": "Cindy Wu",
            "display_name": "cindy",
            "team": "TN9LC1S6M",
            "name": "cindy",
            "is_restricted": false,
            "is_ultra_restricted": false
        },
        "thread_ts": "1571350587.060100",
        "parent_user_id": "UPHUMFN87"
    }
]