[
    {
        "client_msg_id": "186a9f38-9c96-4a38-a4b0-75a8fd98a005",
        "type": "message",
        "text": "Hey everyone, I am Annika (she\/her). I am Camille's colleague, working for Purpose (<http:\/\/purpose-economy.org|purpose-economy.org>) in the German \/ European team and as the assistant of Armin Steuernagel, one of our co-founders, I get to snoop around in all different Purpose teams (the consulting team, the investment team, the PR side, ...). Super exciting! Before, I have worked as an EA in one of those VC backed hyper growth startups and have experienced the detrimental effects of investor-directed founders and the lack of a purpose within the company. Very excited to be here!",
        "user": "UPG4QKDB7",
        "ts": "1571409314.064700",
        "team": "TN9LC1S6M",
        "user_team": "TN9LC1S6M",
        "source_team": "TN9LC1S6M",
        "user_profile": {
            "avatar_hash": "g63f3459c7d9",
            "image_72": "https:\/\/secure.gravatar.com\/avatar\/63f3459c7d94d99e1983492f01cde258.jpg?s=72&d=https%3A%2F%2Fa.slack-edge.com%2Fdf10d%2Fimg%2Favatars%2Fava_0014-72.png",
            "first_name": "",
            "real_name": "Annika Schneider",
            "display_name": "Annika Schneider",
            "team": "TN9LC1S6M",
            "name": "annika",
            "is_restricted": false,
            "is_ultra_restricted": false
        },
        "thread_ts": "1571409314.064700",
        "reply_count": 1,
        "reply_users_count": 1,
        "latest_reply": "1571420064.065400",
        "reply_users": [
            "UNG35QZFF"
        ],
        "replies": [
            {
                "user": "UNG35QZFF",
                "ts": "1571420064.065400"
            }
        ],
        "subscribed": true,
        "last_read": "1571420064.065400",
        "reactions": [
            {
                "name": "wave",
                "users": [
                    "UNQRW3EPN",
                    "UNB3ACN0K",
                    "UNG35QZFF",
                    "UPG47FB4G",
                    "UNJ95CKPG",
                    "UP06JD76K"
                ],
                "count": 6
            },
            {
                "name": "de",
                "users": [
                    "UNG35QZFF"
                ],
                "count": 1
            }
        ]
    },
    {
        "client_msg_id": "b07300d8-ee2e-4941-9db1-454b60f0e04d",
        "type": "message",
        "text": "excited that you’re here! you might be the first person in here to represent germany.",
        "user": "UNG35QZFF",
        "ts": "1571420064.065400",
        "team": "TN9LC1S6M",
        "user_team": "TN9LC1S6M",
        "source_team": "TN9LC1S6M",
        "user_profile": {
            "avatar_hash": "90c831cac8ba",
            "image_72": "https:\/\/avatars.slack-edge.com\/2019-09-17\/764115434832_90c831cac8ba4f2fc73e_72.jpg",
            "first_name": "Cindy",
            "real_name": "Cindy Wu",
            "display_name": "cindy",
            "team": "TN9LC1S6M",
            "name": "cindy",
            "is_restricted": false,
            "is_ultra_restricted": false
        },
        "thread_ts": "1571409314.064700",
        "parent_user_id": "UPG4QKDB7"
    }
]