[
    {
        "client_msg_id": "97311330-644a-49e7-a198-7258dcbc7350",
        "type": "message",
        "text": "hello hello <@UPMTCHV70>! excited that you found us.",
        "user": "UNG35QZFF",
        "ts": "1571817643.071600",
        "team": "TN9LC1S6M",
        "user_team": "TN9LC1S6M",
        "source_team": "TN9LC1S6M",
        "user_profile": {
            "avatar_hash": "90c831cac8ba",
            "image_72": "https:\/\/avatars.slack-edge.com\/2019-09-17\/764115434832_90c831cac8ba4f2fc73e_72.jpg",
            "first_name": "Cindy",
            "real_name": "Cindy Wu",
            "display_name": "cindy",
            "team": "TN9LC1S6M",
            "name": "cindy",
            "is_restricted": false,
            "is_ultra_restricted": false
        },
        "thread_ts": "1571506122.069900",
        "parent_user_id": "UPMTCHV70",
        "reactions": [
            {
                "name": "male-detective",
                "users": [
                    "UPMTCHV70"
                ],
                "count": 1
            }
        ]
    }
]