[
    {
        "client_msg_id": "ee49bd64-b1aa-4eb2-a8e9-4d323cb39ead",
        "type": "message",
        "text": "hey there, I’m Jeff (he\/him) a computer science professor at Brown University. I just wandered into this Slack today because I was trying to figure out how to promote some research projects and just googling around for meta-research initiatives. I had one of the earliest <http:\/\/experiment.com|experiment.com> funded projects back in the day (hi Cindy\/Denny!), which is where I got my first start in research funding. I work on human-computer interaction, mostly around personalized systems based on behavior data, usually somewhere around mobile, interaction, health, data, and web, and I teach a course on user interface design",
        "user": "UPMTCHV70",
        "ts": "1571506122.069900",
        "team": "TN9LC1S6M",
        "user_team": "TN9LC1S6M",
        "source_team": "TN9LC1S6M",
        "user_profile": {
            "avatar_hash": "f2f14d6c5a75",
            "image_72": "https:\/\/avatars.slack-edge.com\/2019-10-19\/803934786150_f2f14d6c5a756bbbcd68_72.jpg",
            "first_name": "",
            "real_name": "Jeff Huang",
            "display_name": "Jeff Huang",
            "team": "TN9LC1S6M",
            "name": "jellylabs",
            "is_restricted": false,
            "is_ultra_restricted": false
        },
        "thread_ts": "1571506122.069900",
        "reply_count": 2,
        "reply_users_count": 2,
        "latest_reply": "1571817643.071600",
        "reply_users": [
            "UNJ95CKPG",
            "UNG35QZFF"
        ],
        "replies": [
            {
                "user": "UNJ95CKPG",
                "ts": "1571707718.071300"
            },
            {
                "user": "UNG35QZFF",
                "ts": "1571817643.071600"
            }
        ],
        "subscribed": true,
        "last_read": "1571817643.071600",
        "reactions": [
            {
                "name": "cool",
                "users": [
                    "UP6MCAL2U",
                    "UNB3ACN0K",
                    "UP06JD76K"
                ],
                "count": 3
            },
            {
                "name": "wave",
                "users": [
                    "UNQRW3EPN",
                    "UNB6R8QP5",
                    "UNJ95CKPG",
                    "UNG35QZFF"
                ],
                "count": 4
            }
        ]
    }
]