[
    {
        "client_msg_id": "0feeb219-cc9a-4624-b900-d02b6ecb7ea3",
        "type": "message",
        "text": "Hi All!",
        "user": "UPG7XEAUF",
        "ts": "1571165712.041200",
        "team": "TN9LC1S6M",
        "user_team": "TN9LC1S6M",
        "source_team": "TN9LC1S6M",
        "user_profile": {
            "avatar_hash": "g4d5041393a1",
            "image_72": "https:\/\/secure.gravatar.com\/avatar\/4d5041393a1435ba36a1c589f23ea2ae.jpg?s=72&d=https%3A%2F%2Fa.slack-edge.com%2Fdf10d%2Fimg%2Favatars%2Fava_0022-72.png",
            "first_name": "",
            "real_name": "Julia Mossbridge",
            "display_name": "Julia Mossbridge",
            "team": "TN9LC1S6M",
            "name": "jmossbridge",
            "is_restricted": false,
            "is_ultra_restricted": false
        }
    },
    {
        "client_msg_id": "4ef8a643-4887-4a41-af03-9c56ee9ae8df",
        "type": "message",
        "text": "I am Julia (She\/Her). I've worked with a team to create a resource for women and girls in the North Bay (Marin, Sonoma, Napa counties) who are interested in STEM: <https:\/\/stem-hub.org> -- I'm super interested in STEM gender equity.",
        "user": "UPG7XEAUF",
        "ts": "1571165814.042700",
        "team": "TN9LC1S6M",
        "user_team": "TN9LC1S6M",
        "source_team": "TN9LC1S6M",
        "user_profile": {
            "avatar_hash": "g4d5041393a1",
            "image_72": "https:\/\/secure.gravatar.com\/avatar\/4d5041393a1435ba36a1c589f23ea2ae.jpg?s=72&d=https%3A%2F%2Fa.slack-edge.com%2Fdf10d%2Fimg%2Favatars%2Fava_0022-72.png",
            "first_name": "",
            "real_name": "Julia Mossbridge",
            "display_name": "Julia Mossbridge",
            "team": "TN9LC1S6M",
            "name": "jmossbridge",
            "is_restricted": false,
            "is_ultra_restricted": false
        },
        "thread_ts": "1571165814.042700",
        "reply_count": 1,
        "reply_users_count": 1,
        "latest_reply": "1571165988.043200",
        "reply_users": [
            "UNG35QZFF"
        ],
        "replies": [
            {
                "user": "UNG35QZFF",
                "ts": "1571165988.043200"
            }
        ],
        "subscribed": true,
        "last_read": "1571165988.043200",
        "reactions": [
            {
                "name": "wave",
                "users": [
                    "UNG35QZFF",
                    "UNB3ACN0K",
                    "UNQRW3EPN",
                    "UNWG10HRA",
                    "UP06JD76K"
                ],
                "count": 5
            }
        ]
    },
    {
        "client_msg_id": "c95e7aaf-2ea2-4195-a693-6692cef2f27b",
        "type": "message",
        "text": "hi hi julia! excited that you’re here. :slightly_smiling_face: signing up on <http:\/\/stem-hub.org|stem-hub.org> right now.",
        "user": "UNG35QZFF",
        "ts": "1571165988.043200",
        "team": "TN9LC1S6M",
        "user_team": "TN9LC1S6M",
        "source_team": "TN9LC1S6M",
        "user_profile": {
            "avatar_hash": "90c831cac8ba",
            "image_72": "https:\/\/avatars.slack-edge.com\/2019-09-17\/764115434832_90c831cac8ba4f2fc73e_72.jpg",
            "first_name": "Cindy",
            "real_name": "Cindy Wu",
            "display_name": "cindy",
            "team": "TN9LC1S6M",
            "name": "cindy",
            "is_restricted": false,
            "is_ultra_restricted": false
        },
        "thread_ts": "1571165814.042700",
        "parent_user_id": "UPG7XEAUF"
    }
]