[
    {
        "client_msg_id": "19f5ea49-9e42-44a1-b002-ec7fea96c7e1",
        "type": "message",
        "text": "Hello! I'm Jasmine, born + raised in Canada, trained in CS + philosophy at McGill. I was most recently on OpenAI's policy team, thinking about publication norms and inter-lab trust. I'm currently traveling through China trying to understand the reward system of science here, particularly for AI researchers. I wrote a literature review in response to Tyler Cowen + Patrick Collison's call in the Atlantic for a new \"Science of Progress\" <https:\/\/jasminew.me\/post\/progress\/>, and am trying to figure out how best to help out.\n\nOn twitter @ <https:\/\/twitter.com\/j_asminewang>! :slightly_smiling_face:",
        "user": "UNQ6C6H6X",
        "ts": "1570179419.038600",
        "team": "TN9LC1S6M",
        "user_team": "TN9LC1S6M",
        "source_team": "TN9LC1S6M",
        "user_profile": {
            "avatar_hash": "g8a604c4050a",
            "image_72": "https:\/\/secure.gravatar.com\/avatar\/8a604c4050a85df0f1716ddbf0ebddc9.jpg?s=72&d=https%3A%2F%2Fa.slack-edge.com%2Fdf10d%2Fimg%2Favatars%2Fava_0024-72.png",
            "first_name": "",
            "real_name": "Jasmine Wang",
            "display_name": "Jasmine Wang",
            "team": "TN9LC1S6M",
            "name": "jasminewang76",
            "is_restricted": false,
            "is_ultra_restricted": false
        },
        "edited": {
            "user": "UNQ6C6H6X",
            "ts": "1570179440.000000"
        },
        "thread_ts": "1570179419.038600",
        "reply_count": 1,
        "reply_users_count": 1,
        "latest_reply": "1570179796.039100",
        "reply_users": [
            "UNG35QZFF"
        ],
        "replies": [
            {
                "user": "UNG35QZFF",
                "ts": "1570179796.039100"
            }
        ],
        "subscribed": true,
        "last_read": "1570179796.039100",
        "reactions": [
            {
                "name": "wave",
                "users": [
                    "UNG35QZFF",
                    "UNQRW3EPN",
                    "UNKMJ9X34",
                    "UNJ95CKPG",
                    "UNWG10HRA"
                ],
                "count": 5
            }
        ]
    },
    {
        "client_msg_id": "ce2da96c-92c9-408f-935a-e3f09c75c7a0",
        "type": "message",
        "text": "welcome <@UNQ6C6H6X>! :crystal_ball:i think you’re the first human that has found us through the internet tubes. :upside_down_face:",
        "user": "UNG35QZFF",
        "ts": "1570179796.039100",
        "team": "TN9LC1S6M",
        "user_team": "TN9LC1S6M",
        "source_team": "TN9LC1S6M",
        "user_profile": {
            "avatar_hash": "90c831cac8ba",
            "image_72": "https:\/\/avatars.slack-edge.com\/2019-09-17\/764115434832_90c831cac8ba4f2fc73e_72.jpg",
            "first_name": "Cindy",
            "real_name": "Cindy Wu",
            "display_name": "cindy",
            "team": "TN9LC1S6M",
            "name": "cindy",
            "is_restricted": false,
            "is_ultra_restricted": false
        },
        "thread_ts": "1570179419.038600",
        "parent_user_id": "UNQ6C6H6X"
    },
    {
        "client_msg_id": "744622c9-e4db-471b-b75d-2df7a070dafd",
        "type": "message",
        "text": "How lovely!",
        "user": "UNJ63Q3C2",
        "ts": "1570196464.000200",
        "team": "TN9LC1S6M",
        "user_team": "TN9LC1S6M",
        "source_team": "TN9LC1S6M",
        "user_profile": {
            "avatar_hash": "g4d9cfe0a7a6",
            "image_72": "https:\/\/secure.gravatar.com\/avatar\/4d9cfe0a7a6dfc7fe2f1759b07d5dd39.jpg?s=72&d=https%3A%2F%2Fa.slack-edge.com%2Fdf10d%2Fimg%2Favatars%2Fava_0014-72.png",
            "first_name": "",
            "real_name": "Rutu Mulkar",
            "display_name": "Rutu Mulkar",
            "team": "TN9LC1S6M",
            "name": "me1",
            "is_restricted": false,
            "is_ultra_restricted": false
        },
        "thread_ts": "1569949985.014000",
        "parent_user_id": "UNJ63Q3C2"
    },
    {
        "client_msg_id": "36db2c4a-abf6-49dc-819c-1f1c25d903dd",
        "type": "message",
        "text": "Hi! I’m Gavin, Australian, previously lived in Sweden and now living in Brazil. I’ve done research on engineering and neuroscience, and now doing scientific consulting and a bit of independent research.\nFollowed <@UNQ6C6H6X> here after she linked to Jelly on the Progress Studies slack.",
        "user": "UNVFX3UKT",
        "ts": "1570202058.002000",
        "team": "TN9LC1S6M",
        "user_team": "TN9LC1S6M",
        "source_team": "TN9LC1S6M",
        "user_profile": {
            "avatar_hash": "217cde18d5d5",
            "image_72": "https:\/\/avatars.slack-edge.com\/2019-10-04\/786032189079_217cde18d5d56898ba92_72.jpg",
            "first_name": "",
            "real_name": "Gavin",
            "display_name": "Gavin",
            "team": "TN9LC1S6M",
            "name": "gavin.taylor.01",
            "is_restricted": false,
            "is_ultra_restricted": false
        },
        "thread_ts": "1570202058.002000",
        "reply_count": 1,
        "reply_users_count": 1,
        "latest_reply": "1570217890.002100",
        "reply_users": [
            "UNG35QZFF"
        ],
        "replies": [
            {
                "user": "UNG35QZFF",
                "ts": "1570217890.002100"
            }
        ],
        "subscribed": true,
        "last_read": "1570217890.002100",
        "reactions": [
            {
                "name": "wave",
                "users": [
                    "UNG35QZFF",
                    "UNB3ACN0K",
                    "UNKMJ9X34",
                    "UNJ95CKPG",
                    "UNWG10HRA"
                ],
                "count": 5
            }
        ]
    },
    {
        "client_msg_id": "04f958e0-7e57-4f5b-ad05-2423e3ae4f22",
        "type": "message",
        "text": "Awesome that you found us, <@UNVFX3UKT>! Great to have you here. :slightly_smiling_face: Thanks for contributing the universal IRB discussion.",
        "user": "UNG35QZFF",
        "ts": "1570217890.002100",
        "team": "TN9LC1S6M",
        "user_team": "TN9LC1S6M",
        "source_team": "TN9LC1S6M",
        "user_profile": {
            "avatar_hash": "90c831cac8ba",
            "image_72": "https:\/\/avatars.slack-edge.com\/2019-09-17\/764115434832_90c831cac8ba4f2fc73e_72.jpg",
            "first_name": "Cindy",
            "real_name": "Cindy Wu",
            "display_name": "cindy",
            "team": "TN9LC1S6M",
            "name": "cindy",
            "is_restricted": false,
            "is_ultra_restricted": false
        },
        "thread_ts": "1570202058.002000",
        "parent_user_id": "UNVFX3UKT"
    }
]