[
    {
        "client_msg_id": "aff2c02d-fe0e-4da4-b89c-4d1dc5c51bb9",
        "type": "message",
        "text": "<@UNGJ0B58A> should be joining us soon in here. One of the conversations we started over email was how to get IRB when you are not part of an academic institution. This is something that we have been thinking about for YEARS. Looks like NY State has some support for this. <https:\/\/www.health.ny.gov\/professionals\/irb\/training.htm> Democratizing IRB access to everyone is something I am 100% in support of. Something to chew on…",
        "user": "UNG35QZFF",
        "ts": "1569801223.001900",
        "team": "TN9LC1S6M",
        "user_team": "TN9LC1S6M",
        "source_team": "TN9LC1S6M",
        "user_profile": {
            "avatar_hash": "90c831cac8ba",
            "image_72": "https:\/\/avatars.slack-edge.com\/2019-09-17\/764115434832_90c831cac8ba4f2fc73e_72.jpg",
            "first_name": "Cindy",
            "real_name": "Cindy Wu",
            "display_name": "cindy",
            "team": "TN9LC1S6M",
            "name": "cindy",
            "is_restricted": false,
            "is_ultra_restricted": false
        },
        "attachments": [
            {
                "title": "Human Subject Protection Training",
                "title_link": "https:\/\/www.health.ny.gov\/professionals\/irb\/training.htm",
                "text": "Human Subject Protection Training",
                "fallback": "Human Subject Protection Training",
                "from_url": "https:\/\/www.health.ny.gov\/professionals\/irb\/training.htm",
                "service_icon": "https:\/\/www.health.ny.gov\/favicon.ico",
                "service_name": "health.ny.gov",
                "id": 1,
                "original_url": "https:\/\/www.health.ny.gov\/professionals\/irb\/training.htm"
            }
        ],
        "thread_ts": "1569801223.001900",
        "reply_count": 6,
        "reply_users_count": 4,
        "latest_reply": "1570201911.015100",
        "reply_users": [
            "UNB3ACN0K",
            "UNGJ0B58A",
            "UNG35QZFF",
            "UNVFX3UKT"
        ],
        "replies": [
            {
                "user": "UNB3ACN0K",
                "ts": "1569807249.002300"
            },
            {
                "user": "UNGJ0B58A",
                "ts": "1569891327.006500"
            },
            {
                "user": "UNG35QZFF",
                "ts": "1569900385.008100"
            },
            {
                "user": "UNB3ACN0K",
                "ts": "1569928929.009200"
            },
            {
                "user": "UNG35QZFF",
                "ts": "1569952816.009400"
            },
            {
                "user": "UNVFX3UKT",
                "ts": "1570201911.015100"
            }
        ],
        "subscribed": true,
        "last_read": "1570213150.747150",
        "reactions": [
            {
                "name": "heavy_plus_sign",
                "users": [
                    "UNB3ACN0K",
                    "UNGJ0B58A"
                ],
                "count": 2
            },
            {
                "name": "100",
                "users": [
                    "UNGJ0B58A"
                ],
                "count": 1
            }
        ]
    },
    {
        "client_msg_id": "e9f41836-787c-42e7-9e13-0ab9c932119d",
        "type": "message",
        "text": "Excited for this discussion - I'm looking to leave academia post PhD, but losing access to patient info (normally accessible via IRB) is my biggest concern and what myself and others see as a major pitfall",
        "user": "UNB3ACN0K",
        "ts": "1569807249.002300",
        "team": "TN9LC1S6M",
        "user_team": "TN9LC1S6M",
        "source_team": "TN9LC1S6M",
        "user_profile": {
            "avatar_hash": "22c5c1201ad6",
            "image_72": "https:\/\/avatars.slack-edge.com\/2019-09-23\/757895371826_22c5c1201ad643cd29f8_72.png",
            "first_name": "Andrea",
            "real_name": "Andrea Mazzocchi",
            "display_name": "Andrea Mazzocchi",
            "team": "TN9LC1S6M",
            "name": "amazzocchi13",
            "is_restricted": false,
            "is_ultra_restricted": false
        },
        "thread_ts": "1569801223.001900",
        "parent_user_id": "UNG35QZFF",
        "reactions": [
            {
                "name": "eyes",
                "users": [
                    "UNG35QZFF",
                    "UNGJ0B58A"
                ],
                "count": 2
            }
        ]
    }
]