[
    {
        "user": "UN4JSK003",
        "type": "message",
        "subtype": "channel_join",
        "ts": "1568790032.000600",
        "text": "<@UN4JSK003> has joined the channel"
    },
    {
        "client_msg_id": "412cd0e3-750a-4770-8a99-7f4700352a39",
        "type": "message",
        "text": "hi",
        "user": "UN4JSK003",
        "ts": "1568790090.000800",
        "team": "TN9LC1S6M",
        "user_team": "TN9LC1S6M",
        "source_team": "TN9LC1S6M",
        "user_profile": {
            "avatar_hash": "59d6fc6540ac",
            "image_72": "https:\/\/avatars.slack-edge.com\/2019-09-19\/754186684418_59d6fc6540aca4bd36fd_72.png",
            "first_name": "denny",
            "real_name": "denny luan",
            "display_name": "denny",
            "team": "TN9LC1S6M",
            "name": "dennyluan",
            "is_restricted": false,
            "is_ultra_restricted": false
        }
    },
    {
        "client_msg_id": "113D9A5E-E677-4FBF-9BF9-4CE0502D9E77",
        "type": "message",
        "text": "Hi",
        "user": "UNJ95CKPG",
        "ts": "1568839796.000200",
        "team": "TN9LC1S6M",
        "user_team": "TN9LC1S6M",
        "source_team": "TN9LC1S6M",
        "user_profile": {
            "avatar_hash": "3c827ecd0300",
            "image_72": "https:\/\/avatars.slack-edge.com\/2019-09-23\/759234742083_3c827ecd0300e7312f4f_72.png",
            "first_name": "Denny",
            "real_name": "Denny",
            "display_name": "denny",
            "team": "TN9LC1S6M",
            "name": "denny",
            "is_restricted": false,
            "is_ultra_restricted": false
        }
    },
    {
        "client_msg_id": "bca2be82-757b-4914-b65c-5d6d145637a5",
        "type": "message",
        "text": "hi",
        "user": "UNG35QZFF",
        "ts": "1568839802.000400",
        "team": "TN9LC1S6M",
        "user_team": "TN9LC1S6M",
        "source_team": "TN9LC1S6M",
        "user_profile": {
            "avatar_hash": "90c831cac8ba",
            "image_72": "https:\/\/avatars.slack-edge.com\/2019-09-17\/764115434832_90c831cac8ba4f2fc73e_72.jpg",
            "first_name": "Cindy",
            "real_name": "Cindy Wu",
            "display_name": "cindy",
            "team": "TN9LC1S6M",
            "name": "cindy",
            "is_restricted": false,
            "is_ultra_restricted": false
        }
    }
]