[
    {
        "client_msg_id": "5ddf7888-479f-4add-b5bc-bd56b09d01b4",
        "type": "message",
        "text": "<https:\/\/github.com\/iodide-project\/iodide>",
        "user": "UP6MCAL2U",
        "ts": "1571952277.026100",
        "team": "TN9LC1S6M",
        "user_team": "TN9LC1S6M",
        "source_team": "TN9LC1S6M",
        "user_profile": {
            "avatar_hash": "gfdadf7053b7",
            "image_72": "https:\/\/secure.gravatar.com\/avatar\/fdadf7053b778c4d2c58efa64c0b408a.jpg?s=72&d=https%3A%2F%2Fa.slack-edge.com%2Fdf10d%2Fimg%2Favatars%2Fava_0024-72.png",
            "first_name": "Alex",
            "real_name": "Alex Krolick",
            "display_name": "",
            "team": "TN9LC1S6M",
            "name": "alexander.krolick",
            "is_restricted": false,
            "is_ultra_restricted": false
        },
        "attachments": [
            {
                "service_name": "GitHub",
                "title": "iodide-project\/iodide",
                "title_link": "https:\/\/github.com\/iodide-project\/iodide",
                "text": "Literate scientific computing and communication for the web - iodide-project\/iodide",
                "fallback": "GitHub: iodide-project\/iodide",
                "thumb_url": "https:\/\/avatars2.githubusercontent.com\/u\/36210752?s=400&v=4",
                "from_url": "https:\/\/github.com\/iodide-project\/iodide",
                "thumb_width": 250,
                "thumb_height": 250,
                "service_icon": "https:\/\/a.slack-edge.com\/80588\/img\/unfurl_icons\/github.png",
                "id": 1,
                "original_url": "https:\/\/github.com\/iodide-project\/iodide"
            }
        ],
        "reactions": [
            {
                "name": "heart_eyes",
                "users": [
                    "UP7Q268R3"
                ],
                "count": 1
            }
        ]
    }
]