[
    {
        "type": "message",
        "text": "a new jelly",
        "files": [
            {
                "id": "FNN99BHGD",
                "created": 1569265211,
                "timestamp": 1569265211,
                "name": "jelly-a7dd64ff588d53d9ec271e7da778d5c75e36f465a075b54f75ce6150061b4461.png",
                "title": "jelly-a7dd64ff588d53d9ec271e7da778d5c75e36f465a075b54f75ce6150061b4461.png",
                "mimetype": "image\/png",
                "filetype": "png",
                "pretty_type": "PNG",
                "user": "UNG35QZFF",
                "editable": false,
                "size": 7625,
                "mode": "hosted",
                "is_external": false,
                "external_type": "",
                "is_public": true,
                "public_url_shared": false,
                "display_as_bot": false,
                "username": "",
                "url_private": "https:\/\/files.slack.com\/files-pri\/TN9LC1S6M-FNN99BHGD\/jelly-a7dd64ff588d53d9ec271e7da778d5c75e36f465a075b54f75ce6150061b4461.png?t=xoxe-757692060225-808518148580-808990851829-cb70f89030c5a979dfbdab397746fcee",
                "url_private_download": "https:\/\/files.slack.com\/files-pri\/TN9LC1S6M-FNN99BHGD\/download\/jelly-a7dd64ff588d53d9ec271e7da778d5c75e36f465a075b54f75ce6150061b4461.png?t=xoxe-757692060225-808518148580-808990851829-cb70f89030c5a979dfbdab397746fcee",
                "thumb_64": "https:\/\/files.slack.com\/files-tmb\/TN9LC1S6M-FNN99BHGD-f11acb001e\/jelly-a7dd64ff588d53d9ec271e7da778d5c75e36f465a075b54f75ce6150061b4461_64.png?t=xoxe-757692060225-808518148580-808990851829-cb70f89030c5a979dfbdab397746fcee",
                "thumb_80": "https:\/\/files.slack.com\/files-tmb\/TN9LC1S6M-FNN99BHGD-f11acb001e\/jelly-a7dd64ff588d53d9ec271e7da778d5c75e36f465a075b54f75ce6150061b4461_80.png?t=xoxe-757692060225-808518148580-808990851829-cb70f89030c5a979dfbdab397746fcee",
                "thumb_360": "https:\/\/files.slack.com\/files-tmb\/TN9LC1S6M-FNN99BHGD-f11acb001e\/jelly-a7dd64ff588d53d9ec271e7da778d5c75e36f465a075b54f75ce6150061b4461_360.png?t=xoxe-757692060225-808518148580-808990851829-cb70f89030c5a979dfbdab397746fcee",
                "thumb_360_w": 78,
                "thumb_360_h": 78,
                "thumb_160": "https:\/\/files.slack.com\/files-tmb\/TN9LC1S6M-FNN99BHGD-f11acb001e\/jelly-a7dd64ff588d53d9ec271e7da778d5c75e36f465a075b54f75ce6150061b4461_160.png?t=xoxe-757692060225-808518148580-808990851829-cb70f89030c5a979dfbdab397746fcee",
                "image_exif_rotation": 1,
                "original_w": 78,
                "original_h": 78,
                "permalink": "https:\/\/jelly-community.slack.com\/files\/UNG35QZFF\/FNN99BHGD\/jelly-a7dd64ff588d53d9ec271e7da778d5c75e36f465a075b54f75ce6150061b4461.png",
                "permalink_public": "https:\/\/slack-files.com\/TN9LC1S6M-FNN99BHGD-9e262a76cb",
                "is_starred": false,
                "has_rich_preview": false
            }
        ],
        "upload": true,
        "user": "UNG35QZFF",
        "display_as_bot": false,
        "ts": "1569265212.000200",
        "client_msg_id": "dcb1c8a2-90bd-49ac-86a3-17da1c5ae554",
        "reactions": [
            {
                "name": "fire",
                "users": [
                    "UN74A97FV"
                ],
                "count": 1
            }
        ]
    },
    {
        "client_msg_id": "fbaf6b5a-6d81-42d7-a646-cfdccdd3247b",
        "type": "message",
        "text": "hi <@UNG35QZFF>",
        "user": "UN4JSK003",
        "ts": "1569275587.000700",
        "team": "TN9LC1S6M",
        "user_team": "TN9LC1S6M",
        "source_team": "TN9LC1S6M",
        "user_profile": {
            "avatar_hash": "59d6fc6540ac",
            "image_72": "https:\/\/avatars.slack-edge.com\/2019-09-19\/754186684418_59d6fc6540aca4bd36fd_72.png",
            "first_name": "denny",
            "real_name": "denny luan",
            "display_name": "denny",
            "team": "TN9LC1S6M",
            "name": "dennyluan",
            "is_restricted": false,
            "is_ultra_restricted": false
        }
    },
    {
        "user": "UNQBNM9RD",
        "type": "message",
        "subtype": "channel_join",
        "ts": "1569276571.001000",
        "text": "<@UNQBNM9RD> has joined the channel"
    },
    {
        "client_msg_id": "1530584c-8439-42fb-815f-3ca7affc42de",
        "type": "message",
        "text": "so many dennys",
        "user": "UN4JSK003",
        "ts": "1569277289.001200",
        "team": "TN9LC1S6M",
        "user_team": "TN9LC1S6M",
        "source_team": "TN9LC1S6M",
        "user_profile": {
            "avatar_hash": "59d6fc6540ac",
            "image_72": "https:\/\/avatars.slack-edge.com\/2019-09-19\/754186684418_59d6fc6540aca4bd36fd_72.png",
            "first_name": "denny",
            "real_name": "denny luan",
            "display_name": "denny",
            "team": "TN9LC1S6M",
            "name": "dennyluan",
            "is_restricted": false,
            "is_ultra_restricted": false
        }
    },
    {
        "user": "UNB3ACN0K",
        "type": "message",
        "subtype": "channel_join",
        "ts": "1569279941.001400",
        "text": "<@UNB3ACN0K> has joined the channel",
        "reactions": [
            {
                "name": "wave",
                "users": [
                    "UNG35QZFF"
                ],
                "count": 1
            }
        ]
    },
    {
        "user": "UNQQ455U6",
        "type": "message",
        "subtype": "channel_join",
        "ts": "1569282272.001900",
        "text": "<@UNQQ455U6> has joined the channel"
    },
    {
        "client_msg_id": "7084f616-1936-4863-88fb-694bf9dfec11",
        "type": "message",
        "text": "<mailto:founders@jellypbc.com|founders@jellypbc.com> now forwards to <mailto:cindy@jellypbc.com|cindy@jellypbc.com> and <mailto:denny@jellypbc.com|denny@jellypbc.com> <@UN4JSK003> you can set up your email to send from founders at by going to gmail &gt; settings &gt; accounts&gt; send mail as: &gt; add another email address",
        "user": "UNG35QZFF",
        "ts": "1569284144.002900",
        "team": "TN9LC1S6M",
        "user_team": "TN9LC1S6M",
        "source_team": "TN9LC1S6M",
        "user_profile": {
            "avatar_hash": "90c831cac8ba",
            "image_72": "https:\/\/avatars.slack-edge.com\/2019-09-17\/764115434832_90c831cac8ba4f2fc73e_72.jpg",
            "first_name": "Cindy",
            "real_name": "Cindy Wu",
            "display_name": "cindy",
            "team": "TN9LC1S6M",
            "name": "cindy",
            "is_restricted": false,
            "is_ultra_restricted": false
        }
    },
    {
        "client_msg_id": "af739a7d-36ef-4f59-9ae0-f1fc34e48e82",
        "type": "message",
        "text": "the tools we use to run jelly labs pbc <https:\/\/gitlab.com\/cindyw\/jelly\/wikis\/Jelly-Labs-PBC-Organizational-Stack>",
        "user": "UNG35QZFF",
        "ts": "1569285708.003200",
        "team": "TN9LC1S6M",
        "user_team": "TN9LC1S6M",
        "source_team": "TN9LC1S6M",
        "user_profile": {
            "avatar_hash": "90c831cac8ba",
            "image_72": "https:\/\/avatars.slack-edge.com\/2019-09-17\/764115434832_90c831cac8ba4f2fc73e_72.jpg",
            "first_name": "Cindy",
            "real_name": "Cindy Wu",
            "display_name": "cindy",
            "team": "TN9LC1S6M",
            "name": "cindy",
            "is_restricted": false,
            "is_ultra_restricted": false
        },
        "attachments": [
            {
                "service_name": "GitLab",
                "title": "Jelly Labs PBC Organizational Stack · Wiki · Cindy Wu \/ jelly",
                "title_link": "https:\/\/gitlab.com\/cindyw\/jelly\/wikis\/Jelly-Labs-PBC-Organizational-Stack",
                "text": "<http:\/\/GitLab.com|GitLab.com>",
                "fallback": "GitLab: Jelly Labs PBC Organizational Stack · Wiki · Cindy Wu \/ jelly",
                "thumb_url": "https:\/\/assets.gitlab-static.net\/assets\/gitlab_logo-7ae504fe4f68fdebb3c2034e36621930cd36ea87924c11ff65dbcb8ed50dca58.png",
                "from_url": "https:\/\/gitlab.com\/cindyw\/jelly\/wikis\/Jelly-Labs-PBC-Organizational-Stack",
                "thumb_width": 128,
                "thumb_height": 128,
                "service_icon": "https:\/\/assets.gitlab-static.net\/assets\/touch-icon-iphone-5a9cee0e8a51212e70b90c87c12f382c428870c0ff67d1eb034d884b78d2dae7.png",
                "id": 1,
                "original_url": "https:\/\/gitlab.com\/cindyw\/jelly\/wikis\/Jelly-Labs-PBC-Organizational-Stack"
            }
        ],
        "reactions": [
            {
                "name": "100",
                "users": [
                    "UNB6RDSP5"
                ],
                "count": 1
            }
        ]
    },
    {
        "user": "UN9RWGMKL",
        "type": "message",
        "subtype": "channel_join",
        "ts": "1569286055.003500",
        "text": "<@UN9RWGMKL> has joined the channel"
    },
    {
        "client_msg_id": "779048ab-e189-47ca-b6d3-a8dc8075d609",
        "type": "message",
        "text": "i’m trying to find the slack bot that makes all human and hand emoji’s rotate through all skin tones",
        "user": "UNG35QZFF",
        "ts": "1569286287.004000",
        "team": "TN9LC1S6M",
        "user_team": "TN9LC1S6M",
        "source_team": "TN9LC1S6M",
        "user_profile": {
            "avatar_hash": "90c831cac8ba",
            "image_72": "https:\/\/avatars.slack-edge.com\/2019-09-17\/764115434832_90c831cac8ba4f2fc73e_72.jpg",
            "first_name": "Cindy",
            "real_name": "Cindy Wu",
            "display_name": "cindy",
            "team": "TN9LC1S6M",
            "name": "cindy",
            "is_restricted": false,
            "is_ultra_restricted": false
        }
    },
    {
        "client_msg_id": "a92a2d5d-24b5-44a3-91c5-2afc1a4fac0a",
        "type": "message",
        "text": "slack is very disorganized",
        "user": "UNJ95CKPG",
        "ts": "1569286317.004300",
        "team": "TN9LC1S6M",
        "user_team": "TN9LC1S6M",
        "source_team": "TN9LC1S6M",
        "user_profile": {
            "avatar_hash": "3c827ecd0300",
            "image_72": "https:\/\/avatars.slack-edge.com\/2019-09-23\/759234742083_3c827ecd0300e7312f4f_72.png",
            "first_name": "Denny",
            "real_name": "Denny",
            "display_name": "denny",
            "team": "TN9LC1S6M",
            "name": "denny",
            "is_restricted": false,
            "is_ultra_restricted": false
        }
    },
    {
        "user": "UNG74ENGZ",
        "type": "message",
        "subtype": "channel_join",
        "ts": "1569286637.005600",
        "text": "<@UNG74ENGZ> has joined the channel"
    },
    {
        "user": "UNG7J4S9X",
        "type": "message",
        "subtype": "channel_join",
        "ts": "1569287895.005800",
        "text": "<@UNG7J4S9X> has joined the channel"
    },
    {
        "user": "UNG7NLK6V",
        "type": "message",
        "subtype": "channel_join",
        "ts": "1569288334.006000",
        "text": "<@UNG7NLK6V> has joined the channel"
    },
    {
        "user": "UNB64GBTM",
        "type": "message",
        "subtype": "channel_join",
        "ts": "1569288603.006300",
        "text": "<@UNB64GBTM> has joined the channel"
    },
    {
        "user": "UNG7S3FMX",
        "type": "message",
        "subtype": "channel_join",
        "ts": "1569288656.006500",
        "text": "<@UNG7S3FMX> has joined the channel"
    },
    {
        "client_msg_id": "810d5a1e-1743-4c7b-b03d-8dac2ded6be7",
        "type": "message",
        "text": "oh no",
        "user": "UNJ95CKPG",
        "ts": "1569290117.006800",
        "team": "TN9LC1S6M",
        "user_team": "TN9LC1S6M",
        "source_team": "TN9LC1S6M",
        "user_profile": {
            "avatar_hash": "3c827ecd0300",
            "image_72": "https:\/\/avatars.slack-edge.com\/2019-09-23\/759234742083_3c827ecd0300e7312f4f_72.png",
            "first_name": "Denny",
            "real_name": "Denny",
            "display_name": "denny",
            "team": "TN9LC1S6M",
            "name": "denny",
            "is_restricted": false,
            "is_ultra_restricted": false
        }
    },
    {
        "client_msg_id": "8b361b73-8f13-4196-aacb-b1e61bd3a532",
        "type": "message",
        "text": "so many denny's",
        "user": "UNJ95CKPG",
        "ts": "1569290119.007100",
        "team": "TN9LC1S6M",
        "user_team": "TN9LC1S6M",
        "source_team": "TN9LC1S6M",
        "user_profile": {
            "avatar_hash": "3c827ecd0300",
            "image_72": "https:\/\/avatars.slack-edge.com\/2019-09-23\/759234742083_3c827ecd0300e7312f4f_72.png",
            "first_name": "Denny",
            "real_name": "Denny",
            "display_name": "denny",
            "team": "TN9LC1S6M",
            "name": "denny",
            "is_restricted": false,
            "is_ultra_restricted": false
        }
    },
    {
        "client_msg_id": "5bdddd20-61a5-41a1-8412-eabb9684b071",
        "type": "message",
        "text": "the community is majority dennys now",
        "user": "UNG35QZFF",
        "ts": "1569290181.007700",
        "team": "TN9LC1S6M",
        "user_team": "TN9LC1S6M",
        "source_team": "TN9LC1S6M",
        "user_profile": {
            "avatar_hash": "90c831cac8ba",
            "image_72": "https:\/\/avatars.slack-edge.com\/2019-09-17\/764115434832_90c831cac8ba4f2fc73e_72.jpg",
            "first_name": "Cindy",
            "real_name": "Cindy Wu",
            "display_name": "cindy",
            "team": "TN9LC1S6M",
            "name": "cindy",
            "is_restricted": false,
            "is_ultra_restricted": false
        }
    },
    {
        "client_msg_id": "9ad6b7c8-79cd-4fde-a17b-383bcfb89ab7",
        "type": "message",
        "text": "company handbook <https:\/\/gitlab.com\/cindyw\/jelly\/wikis\/Jelly-Company-Handbook>",
        "user": "UNG35QZFF",
        "ts": "1569290254.007900",
        "team": "TN9LC1S6M",
        "user_team": "TN9LC1S6M",
        "source_team": "TN9LC1S6M",
        "user_profile": {
            "avatar_hash": "90c831cac8ba",
            "image_72": "https:\/\/avatars.slack-edge.com\/2019-09-17\/764115434832_90c831cac8ba4f2fc73e_72.jpg",
            "first_name": "Cindy",
            "real_name": "Cindy Wu",
            "display_name": "cindy",
            "team": "TN9LC1S6M",
            "name": "cindy",
            "is_restricted": false,
            "is_ultra_restricted": false
        },
        "attachments": [
            {
                "service_name": "GitLab",
                "title": "Jelly Company Handbook · Wiki · Cindy Wu \/ jelly",
                "title_link": "https:\/\/gitlab.com\/cindyw\/jelly\/wikis\/Jelly-Company-Handbook",
                "text": "<http:\/\/GitLab.com|GitLab.com>",
                "fallback": "GitLab: Jelly Company Handbook · Wiki · Cindy Wu \/ jelly",
                "thumb_url": "https:\/\/assets.gitlab-static.net\/assets\/gitlab_logo-7ae504fe4f68fdebb3c2034e36621930cd36ea87924c11ff65dbcb8ed50dca58.png",
                "from_url": "https:\/\/gitlab.com\/cindyw\/jelly\/wikis\/Jelly-Company-Handbook",
                "thumb_width": 128,
                "thumb_height": 128,
                "service_icon": "https:\/\/assets.gitlab-static.net\/assets\/touch-icon-iphone-5a9cee0e8a51212e70b90c87c12f382c428870c0ff67d1eb034d884b78d2dae7.png",
                "id": 1,
                "original_url": "https:\/\/gitlab.com\/cindyw\/jelly\/wikis\/Jelly-Company-Handbook"
            }
        ],
        "thread_ts": "1569290254.007900",
        "reply_count": 1,
        "reply_users_count": 1,
        "latest_reply": "1569353041.012600",
        "reply_users": [
            "UNB6R8QP5"
        ],
        "replies": [
            {
                "user": "UNB6R8QP5",
                "ts": "1569353041.012600"
            }
        ],
        "subscribed": true,
        "last_read": "1569353041.012600"
    },
    {
        "user": "UNB6R8QP5",
        "type": "message",
        "subtype": "channel_join",
        "ts": "1569290621.008200",
        "text": "<@UNB6R8QP5> has joined the channel",
        "reactions": [
            {
                "name": "wave",
                "users": [
                    "UNG35QZFF"
                ],
                "count": 1
            }
        ]
    },
    {
        "user": "UNB6RDSP5",
        "type": "message",
        "subtype": "channel_join",
        "ts": "1569290639.008400",
        "text": "<@UNB6RDSP5> has joined the channel"
    },
    {
        "client_msg_id": "fa1c548c-b024-4c0e-8b9a-9fb90bfa40ad",
        "type": "message",
        "text": "okidoke, the slack auto inviter should be working now",
        "user": "UNJ95CKPG",
        "ts": "1569291154.008700",
        "team": "TN9LC1S6M",
        "user_team": "TN9LC1S6M",
        "source_team": "TN9LC1S6M",
        "user_profile": {
            "avatar_hash": "3c827ecd0300",
            "image_72": "https:\/\/avatars.slack-edge.com\/2019-09-23\/759234742083_3c827ecd0300e7312f4f_72.png",
            "first_name": "Denny",
            "real_name": "Denny",
            "display_name": "denny",
            "team": "TN9LC1S6M",
            "name": "denny",
            "is_restricted": false,
            "is_ultra_restricted": false
        }
    },
    {
        "client_msg_id": "bafac658-bfe7-4f0e-b1c1-e92607a16e28",
        "type": "message",
        "text": "with registration on the jellypbc site",
        "user": "UNJ95CKPG",
        "ts": "1569291161.009100",
        "team": "TN9LC1S6M",
        "user_team": "TN9LC1S6M",
        "source_team": "TN9LC1S6M",
        "user_profile": {
            "avatar_hash": "3c827ecd0300",
            "image_72": "https:\/\/avatars.slack-edge.com\/2019-09-23\/759234742083_3c827ecd0300e7312f4f_72.png",
            "first_name": "Denny",
            "real_name": "Denny",
            "display_name": "denny",
            "team": "TN9LC1S6M",
            "name": "denny",
            "is_restricted": false,
            "is_ultra_restricted": false
        },
        "reactions": [
            {
                "name": "+1",
                "users": [
                    "UNG35QZFF"
                ],
                "count": 1
            }
        ]
    },
    {
        "client_msg_id": "55c64819-7b8a-42d4-aa62-56583ce60450",
        "type": "message",
        "text": "hi <@UNB6R8QP5>",
        "user": "UNJ95CKPG",
        "ts": "1569291885.010200",
        "team": "TN9LC1S6M",
        "user_team": "TN9LC1S6M",
        "source_team": "TN9LC1S6M",
        "user_profile": {
            "avatar_hash": "3c827ecd0300",
            "image_72": "https:\/\/avatars.slack-edge.com\/2019-09-23\/759234742083_3c827ecd0300e7312f4f_72.png",
            "first_name": "Denny",
            "real_name": "Denny",
            "display_name": "denny",
            "team": "TN9LC1S6M",
            "name": "denny",
            "is_restricted": false,
            "is_ultra_restricted": false
        }
    },
    {
        "client_msg_id": "06308279-f441-4cbe-ba22-4422e3621de9",
        "type": "message",
        "text": "say hello to data dog for me",
        "user": "UNJ95CKPG",
        "ts": "1569291895.010400",
        "team": "TN9LC1S6M",
        "user_team": "TN9LC1S6M",
        "source_team": "TN9LC1S6M",
        "user_profile": {
            "avatar_hash": "3c827ecd0300",
            "image_72": "https:\/\/avatars.slack-edge.com\/2019-09-23\/759234742083_3c827ecd0300e7312f4f_72.png",
            "first_name": "Denny",
            "real_name": "Denny",
            "display_name": "denny",
            "team": "TN9LC1S6M",
            "name": "denny",
            "is_restricted": false,
            "is_ultra_restricted": false
        },
        "thread_ts": "1569291895.010400",
        "reply_count": 1,
        "reply_users_count": 1,
        "latest_reply": "1569353080.013600",
        "reply_users": [
            "UNB6R8QP5"
        ],
        "replies": [
            {
                "user": "UNB6R8QP5",
                "ts": "1569353080.013600"
            }
        ],
        "subscribed": false
    },
    {
        "user": "UNG91CV2M",
        "type": "message",
        "subtype": "channel_join",
        "ts": "1569293075.010700",
        "text": "<@UNG91CV2M> has joined the channel"
    }
]