[
    {
        "client_msg_id": "c57dce88-abcf-4c39-bdd2-e01d0f2eedde",
        "type": "message",
        "text": "let us know how it goes… curious if there is any chance of saving and continuing it",
        "user": "UNG35QZFF",
        "ts": "1570838496.008800",
        "team": "TN9LC1S6M",
        "user_team": "TN9LC1S6M",
        "source_team": "TN9LC1S6M",
        "user_profile": {
            "avatar_hash": "90c831cac8ba",
            "image_72": "https:\/\/avatars.slack-edge.com\/2019-09-17\/764115434832_90c831cac8ba4f2fc73e_72.jpg",
            "first_name": "Cindy",
            "real_name": "Cindy Wu",
            "display_name": "cindy",
            "team": "TN9LC1S6M",
            "name": "cindy",
            "is_restricted": false,
            "is_ultra_restricted": false
        },
        "thread_ts": "1570676807.005800",
        "parent_user_id": "UP7Q268R3"
    }
]