[
    {
        "client_msg_id": "a912ad07-d32e-4c58-9d02-b473b7796cc0",
        "type": "message",
        "text": "Which one is newer? Or does one power the other?",
        "user": "UP6MCAL2U",
        "ts": "1571727602.024200",
        "team": "TN9LC1S6M",
        "user_team": "TN9LC1S6M",
        "source_team": "TN9LC1S6M",
        "user_profile": {
            "avatar_hash": "gfdadf7053b7",
            "image_72": "https:\/\/secure.gravatar.com\/avatar\/fdadf7053b778c4d2c58efa64c0b408a.jpg?s=72&d=https%3A%2F%2Fa.slack-edge.com%2Fdf10d%2Fimg%2Favatars%2Fava_0024-72.png",
            "first_name": "Alex",
            "real_name": "Alex Krolick",
            "display_name": "",
            "team": "TN9LC1S6M",
            "name": "alexander.krolick",
            "is_restricted": false,
            "is_ultra_restricted": false
        },
        "thread_ts": "1571721963.023300",
        "parent_user_id": "UP6MCAL2U"
    },
    {
        "client_msg_id": "49553573-176f-4329-ad91-0064ccf9373b",
        "type": "message",
        "text": "adding it to the list! <https:\/\/www.notion.so\/jellyapp\/05e5328cad5142a7af41f9b4f9d17732?v=bba20e14f60e49f0a0e4ba8fcd782b0d>",
        "user": "UNJ95CKPG",
        "ts": "1571728349.024400",
        "team": "TN9LC1S6M",
        "user_team": "TN9LC1S6M",
        "source_team": "TN9LC1S6M",
        "user_profile": {
            "avatar_hash": "3c827ecd0300",
            "image_72": "https:\/\/avatars.slack-edge.com\/2019-09-23\/759234742083_3c827ecd0300e7312f4f_72.png",
            "first_name": "Denny",
            "real_name": "Denny",
            "display_name": "denny",
            "team": "TN9LC1S6M",
            "name": "denny",
            "is_restricted": false,
            "is_ultra_restricted": false
        },
        "attachments": [
            {
                "service_name": "Jelly on Notion",
                "title": "List Of Examples",
                "title_link": "https:\/\/www.notion.so\/jellyapp\/05e5328cad5142a7af41f9b4f9d17732?v=bba20e14f60e49f0a0e4ba8fcd782b0d",
                "text": "A new tool for teams &amp; individuals that blends everyday work apps into one.",
                "fallback": "Jelly on Notion: List Of Examples",
                "from_url": "https:\/\/www.notion.so\/jellyapp\/05e5328cad5142a7af41f9b4f9d17732?v=bba20e14f60e49f0a0e4ba8fcd782b0d",
                "service_icon": "https:\/\/www.notion.so\/images\/favicon.ico",
                "id": 1,
                "original_url": "https:\/\/www.notion.so\/jellyapp\/05e5328cad5142a7af41f9b4f9d17732?v=bba20e14f60e49f0a0e4ba8fcd782b0d"
            }
        ],
        "thread_ts": "1571721963.023300",
        "parent_user_id": "UP6MCAL2U"
    },
    {
        "client_msg_id": "b7a3198f-fc18-4869-9002-0eb27e53a72d",
        "type": "message",
        "text": "thinknum powers kgbase",
        "user": "UNG35QZFF",
        "ts": "1571729712.024700",
        "team": "TN9LC1S6M",
        "user_team": "TN9LC1S6M",
        "source_team": "TN9LC1S6M",
        "user_profile": {
            "avatar_hash": "90c831cac8ba",
            "image_72": "https:\/\/avatars.slack-edge.com\/2019-09-17\/764115434832_90c831cac8ba4f2fc73e_72.jpg",
            "first_name": "Cindy",
            "real_name": "Cindy Wu",
            "display_name": "cindy",
            "team": "TN9LC1S6M",
            "name": "cindy",
            "is_restricted": false,
            "is_ultra_restricted": false
        },
        "thread_ts": "1571721963.023300",
        "parent_user_id": "UP6MCAL2U",
        "reactions": [
            {
                "name": "+1",
                "users": [
                    "UP6MCAL2U"
                ],
                "count": 1
            }
        ]
    }
]