[
    {
        "user": "UNQRW3EPN",
        "type": "message",
        "subtype": "channel_join",
        "ts": "1569438941.000300",
        "text": "<@UNQRW3EPN> has joined the channel",
        "reactions": [
            {
                "name": "wave",
                "users": [
                    "UNG35QZFF",
                    "UNQRW3EPN",
                    "UN74A97FV"
                ],
                "count": 3
            },
            {
                "name": "statue_of_liberty",
                "users": [
                    "UNJ95CKPG",
                    "UN74A97FV"
                ],
                "count": 2
            },
            {
                "name": "octopus",
                "users": [
                    "UN74A97FV"
                ],
                "count": 1
            },
            {
                "name": "burrito",
                "users": [
                    "UN74A97FV",
                    "UNQRW3EPN"
                ],
                "count": 2
            },
            {
                "name": "fire",
                "users": [
                    "UN74A97FV"
                ],
                "count": 1
            },
            {
                "name": "tada",
                "users": [
                    "UN74A97FV"
                ],
                "count": 1
            },
            {
                "name": "jelly",
                "users": [
                    "UN74A97FV"
                ],
                "count": 1
            }
        ]
    }
]