[
    {
        "client_msg_id": "903db3f7-77cc-4e1b-b209-dcf7de301c06",
        "type": "message",
        "text": "New way to review science\n\n<https:\/\/www.embo.org\/news\/press-releases\/2019\/embo-and-asapbio-to-launch-a-pre-journal-portable-review-platform>",
        "user": "UNVFX3UKT",
        "ts": "1571656589.022800",
        "team": "TN9LC1S6M",
        "user_team": "TN9LC1S6M",
        "source_team": "TN9LC1S6M",
        "user_profile": {
            "avatar_hash": "217cde18d5d5",
            "image_72": "https:\/\/avatars.slack-edge.com\/2019-10-04\/786032189079_217cde18d5d56898ba92_72.jpg",
            "first_name": "",
            "real_name": "Gavin",
            "display_name": "Gavin",
            "team": "TN9LC1S6M",
            "name": "gavin.taylor.01",
            "is_restricted": false,
            "is_ultra_restricted": false
        },
        "attachments": [
            {
                "service_name": "EMBO",
                "title": "EMBO and ASAPbio to launch a pre-journal portable review platform",
                "title_link": "https:\/\/www.embo.org\/news\/press-releases\/2019\/embo-and-asapbio-to-launch-a-pre-journal-portable-review-platform",
                "text": "EMBO Press and ASAPbio have partnered to create Review Commons, a platform that peer-reviews research manuscripts in the life sciences before submission to a journal.",
                "fallback": "EMBO: EMBO and ASAPbio to launch a pre-journal portable review platform",
                "image_url": "https:\/\/www.embo.org\/images\/EMBO_logo_tagline_meta.jpg",
                "from_url": "https:\/\/www.embo.org\/news\/press-releases\/2019\/embo-and-asapbio-to-launch-a-pre-journal-portable-review-platform",
                "image_width": 250,
                "image_height": 250,
                "image_bytes": 24854,
                "id": 1,
                "original_url": "https:\/\/www.embo.org\/news\/press-releases\/2019\/embo-and-asapbio-to-launch-a-pre-journal-portable-review-platform"
            }
        ],
        "reactions": [
            {
                "name": "eyes",
                "users": [
                    "UNG35QZFF"
                ],
                "count": 1
            },
            {
                "name": "writing_hand",
                "users": [
                    "UP6MCAL2U"
                ],
                "count": 1
            },
            {
                "name": "+1",
                "users": [
                    "UNS2AQC2D"
                ],
                "count": 1
            }
        ]
    },
    {
        "client_msg_id": "8a6aa8ff-2a4d-4e7d-a0d2-3f74ccffe228",
        "type": "message",
        "text": "<https:\/\/kgbase.com\/>",
        "user": "UP6MCAL2U",
        "ts": "1571721963.023300",
        "team": "TN9LC1S6M",
        "user_team": "TN9LC1S6M",
        "source_team": "TN9LC1S6M",
        "user_profile": {
            "avatar_hash": "gfdadf7053b7",
            "image_72": "https:\/\/secure.gravatar.com\/avatar\/fdadf7053b778c4d2c58efa64c0b408a.jpg?s=72&d=https%3A%2F%2Fa.slack-edge.com%2Fdf10d%2Fimg%2Favatars%2Fava_0024-72.png",
            "first_name": "Alex",
            "real_name": "Alex Krolick",
            "display_name": "",
            "team": "TN9LC1S6M",
            "name": "alexander.krolick",
            "is_restricted": false,
            "is_ultra_restricted": false
        },
        "thread_ts": "1571721963.023300",
        "reply_count": 4,
        "reply_users_count": 3,
        "latest_reply": "1571729712.024700",
        "reply_users": [
            "UNG35QZFF",
            "UP6MCAL2U",
            "UNJ95CKPG"
        ],
        "replies": [
            {
                "user": "UNG35QZFF",
                "ts": "1571726720.023900"
            },
            {
                "user": "UP6MCAL2U",
                "ts": "1571727602.024200"
            },
            {
                "user": "UNJ95CKPG",
                "ts": "1571728349.024400"
            },
            {
                "user": "UNG35QZFF",
                "ts": "1571729712.024700"
            }
        ],
        "subscribed": true,
        "last_read": "1571729712.024700",
        "reactions": [
            {
                "name": "eyes",
                "users": [
                    "UNG35QZFF"
                ],
                "count": 1
            },
            {
                "name": "thinking_face",
                "users": [
                    "UNG35QZFF"
                ],
                "count": 1
            }
        ]
    },
    {
        "client_msg_id": "5f1f2ed9-1109-4b5b-bf3c-e38f03b6ab17",
        "type": "message",
        "text": "\"KgBase is a knowledge graph database with powerful collaboration and versioning capabilities. ”",
        "user": "UP6MCAL2U",
        "ts": "1571721990.023600",
        "team": "TN9LC1S6M",
        "user_team": "TN9LC1S6M",
        "source_team": "TN9LC1S6M",
        "user_profile": {
            "avatar_hash": "gfdadf7053b7",
            "image_72": "https:\/\/secure.gravatar.com\/avatar\/fdadf7053b778c4d2c58efa64c0b408a.jpg?s=72&d=https%3A%2F%2Fa.slack-edge.com%2Fdf10d%2Fimg%2Favatars%2Fava_0024-72.png",
            "first_name": "Alex",
            "real_name": "Alex Krolick",
            "display_name": "",
            "team": "TN9LC1S6M",
            "name": "alexander.krolick",
            "is_restricted": false,
            "is_ultra_restricted": false
        },
        "thread_ts": "1571721990.023600",
        "reply_count": 1,
        "reply_users_count": 1,
        "latest_reply": "1571844114.025100",
        "reply_users": [
            "UNQRW3EPN"
        ],
        "replies": [
            {
                "user": "UNQRW3EPN",
                "ts": "1571844114.025100"
            }
        ],
        "subscribed": false
    },
    {
        "client_msg_id": "8d547fd9-da13-440a-860b-30fb127d7700",
        "type": "message",
        "text": "the creators of kgbase <https:\/\/www.thinknum.com\/about>",
        "user": "UNG35QZFF",
        "ts": "1571726720.023900",
        "team": "TN9LC1S6M",
        "user_team": "TN9LC1S6M",
        "source_team": "TN9LC1S6M",
        "user_profile": {
            "avatar_hash": "90c831cac8ba",
            "image_72": "https:\/\/avatars.slack-edge.com\/2019-09-17\/764115434832_90c831cac8ba4f2fc73e_72.jpg",
            "first_name": "Cindy",
            "real_name": "Cindy Wu",
            "display_name": "cindy",
            "team": "TN9LC1S6M",
            "name": "cindy",
            "is_restricted": false,
            "is_ultra_restricted": false
        },
        "attachments": [
            {
                "service_name": "Thinknum Alternative Data",
                "title": "Thinknum Alternative Data | Wield the web as a database",
                "title_link": "https:\/\/www.thinknum.com\/about",
                "text": "Join the businesses who have begun to edge out competitors by scouring the web for alternative data.",
                "fallback": "Thinknum Alternative Data: Thinknum Alternative Data | Wield the web as a database",
                "image_url": "https:\/\/www.thinknum.com\/static\/img\/thinknum-share.png",
                "image_width": 477,
                "image_height": 250,
                "from_url": "https:\/\/www.thinknum.com\/about",
                "image_bytes": 188931,
                "service_icon": "https:\/\/static.thinknum.com\/static\/img\/favicon\/apple-icon-57x57.png",
                "id": 1,
                "original_url": "https:\/\/www.thinknum.com\/about"
            }
        ],
        "thread_ts": "1571721963.023300",
        "parent_user_id": "UP6MCAL2U"
    }
]