[
    {
        "client_msg_id": "9514b48e-28ec-4e7e-bb22-ac7708e75244",
        "type": "message",
        "text": "<@UN74A97FV> have you played around with gigalixir at all?",
        "user": "UNJ95CKPG",
        "ts": "1569310976.011100",
        "team": "TN9LC1S6M",
        "user_team": "TN9LC1S6M",
        "source_team": "TN9LC1S6M",
        "user_profile": {
            "avatar_hash": "3c827ecd0300",
            "image_72": "https:\/\/avatars.slack-edge.com\/2019-09-23\/759234742083_3c827ecd0300e7312f4f_72.png",
            "first_name": "Denny",
            "real_name": "Denny",
            "display_name": "denny",
            "team": "TN9LC1S6M",
            "name": "denny",
            "is_restricted": false,
            "is_ultra_restricted": false
        }
    },
    {
        "client_msg_id": "cfa33a20-6d4f-4834-8079-79dcb60143e1",
        "type": "message",
        "text": "No, but if it works for you go for it. Orcasound is on heroku though",
        "user": "UN74A97FV",
        "ts": "1569334553.011200",
        "team": "TN9LC1S6M",
        "user_team": "TN9LC1S6M",
        "source_team": "TN9LC1S6M",
        "user_profile": {
            "avatar_hash": "gece0186c6ef",
            "image_72": "https:\/\/secure.gravatar.com\/avatar\/ece0186c6ef6197201c058eb16af0684.jpg?s=72&d=https%3A%2F%2Fa.slack-edge.com%2Fdf10d%2Fimg%2Favatars%2Fava_0015-72.png",
            "first_name": "Skander",
            "real_name": "Skander",
            "display_name": "skander",
            "team": "TN9LC1S6M",
            "name": "skanderm",
            "is_restricted": false,
            "is_ultra_restricted": false
        }
    },
    {
        "client_msg_id": "d68e7c92-f239-4dad-b1c1-7bbec44540de",
        "type": "message",
        "text": ":thumbsup_all: i found this emoji that rotates through all skin tones!",
        "user": "UNG35QZFF",
        "ts": "1569349966.011700",
        "team": "TN9LC1S6M",
        "user_team": "TN9LC1S6M",
        "source_team": "TN9LC1S6M",
        "user_profile": {
            "avatar_hash": "90c831cac8ba",
            "image_72": "https:\/\/avatars.slack-edge.com\/2019-09-17\/764115434832_90c831cac8ba4f2fc73e_72.jpg",
            "first_name": "Cindy",
            "real_name": "Cindy Wu",
            "display_name": "cindy",
            "team": "TN9LC1S6M",
            "name": "cindy",
            "is_restricted": false,
            "is_ultra_restricted": false
        }
    },
    {
        "client_msg_id": "5f87a94c-afd0-49cd-9daf-f3a01b85e239",
        "type": "message",
        "text": "i swear there is an add-on that makes all hand emojis and human emojis rotate through like this… maybe i will have to write it",
        "user": "UNG35QZFF",
        "ts": "1569350805.012500",
        "team": "TN9LC1S6M",
        "user_team": "TN9LC1S6M",
        "source_team": "TN9LC1S6M",
        "user_profile": {
            "avatar_hash": "90c831cac8ba",
            "image_72": "https:\/\/avatars.slack-edge.com\/2019-09-17\/764115434832_90c831cac8ba4f2fc73e_72.jpg",
            "first_name": "Cindy",
            "real_name": "Cindy Wu",
            "display_name": "cindy",
            "team": "TN9LC1S6M",
            "name": "cindy",
            "is_restricted": false,
            "is_ultra_restricted": false
        },
        "reactions": [
            {
                "name": "heart",
                "users": [
                    "UNB6RDSP5"
                ],
                "count": 1
            }
        ]
    },
    {
        "client_msg_id": "70de4857-8231-4e86-81ae-e3d840440770",
        "type": "message",
        "text": "i luh dis :black_heart:",
        "user": "UNB6R8QP5",
        "ts": "1569353041.012600",
        "team": "TN9LC1S6M",
        "user_team": "TN9LC1S6M",
        "source_team": "TN9LC1S6M",
        "user_profile": {
            "avatar_hash": "g646bcfc1178",
            "image_72": "https:\/\/secure.gravatar.com\/avatar\/646bcfc117871a691cb1deeca3686725.jpg?s=72&d=https%3A%2F%2Fa.slack-edge.com%2Fdf10d%2Fimg%2Favatars%2Fava_0003-72.png",
            "first_name": "",
            "real_name": "riceballthief",
            "display_name": "riceballthief",
            "team": "TN9LC1S6M",
            "name": "riceballthief",
            "is_restricted": false,
            "is_ultra_restricted": false
        },
        "thread_ts": "1569290254.007900",
        "parent_user_id": "UNG35QZFF",
        "reactions": [
            {
                "name": "slightly_smiling_face",
                "users": [
                    "UNG35QZFF"
                ],
                "count": 1
            }
        ]
    },
    {
        "client_msg_id": "0ae1327f-ae5a-4904-adaa-74c3ec79a113",
        "type": "message",
        "text": "lol",
        "user": "UNJ95CKPG",
        "ts": "1569353077.013400",
        "team": "TN9LC1S6M",
        "user_team": "TN9LC1S6M",
        "source_team": "TN9LC1S6M",
        "user_profile": {
            "avatar_hash": "3c827ecd0300",
            "image_72": "https:\/\/avatars.slack-edge.com\/2019-09-23\/759234742083_3c827ecd0300e7312f4f_72.png",
            "first_name": "Denny",
            "real_name": "Denny",
            "display_name": "denny",
            "team": "TN9LC1S6M",
            "name": "denny",
            "is_restricted": false,
            "is_ultra_restricted": false
        }
    },
    {
        "client_msg_id": "01e916f2-6e8b-425d-ab72-0d800560081b",
        "type": "message",
        "text": "big data wants a banana",
        "user": "UNB6R8QP5",
        "ts": "1569353080.013600",
        "team": "TN9LC1S6M",
        "user_team": "TN9LC1S6M",
        "source_team": "TN9LC1S6M",
        "user_profile": {
            "avatar_hash": "g646bcfc1178",
            "image_72": "https:\/\/secure.gravatar.com\/avatar\/646bcfc117871a691cb1deeca3686725.jpg?s=72&d=https%3A%2F%2Fa.slack-edge.com%2Fdf10d%2Fimg%2Favatars%2Fava_0003-72.png",
            "first_name": "",
            "real_name": "riceballthief",
            "display_name": "riceballthief",
            "team": "TN9LC1S6M",
            "name": "riceballthief",
            "is_restricted": false,
            "is_ultra_restricted": false
        },
        "thread_ts": "1569291895.010400",
        "parent_user_id": "UNJ95CKPG"
    },
    {
        "client_msg_id": "2fe86887-c89f-4a2a-8363-d21f22d6e6ac",
        "type": "message",
        "text": ":dog2:",
        "user": "UNJ95CKPG",
        "ts": "1569353082.013800",
        "team": "TN9LC1S6M",
        "user_team": "TN9LC1S6M",
        "source_team": "TN9LC1S6M",
        "user_profile": {
            "avatar_hash": "3c827ecd0300",
            "image_72": "https:\/\/avatars.slack-edge.com\/2019-09-23\/759234742083_3c827ecd0300e7312f4f_72.png",
            "first_name": "Denny",
            "real_name": "Denny",
            "display_name": "denny",
            "team": "TN9LC1S6M",
            "name": "denny",
            "is_restricted": false,
            "is_ultra_restricted": false
        }
    },
    {
        "client_msg_id": "001d38c9-2003-42d2-a3bb-811b88c39dd9",
        "type": "message",
        "text": ":hotdog:",
        "user": "UNJ95CKPG",
        "ts": "1569353085.014100",
        "team": "TN9LC1S6M",
        "user_team": "TN9LC1S6M",
        "source_team": "TN9LC1S6M",
        "user_profile": {
            "avatar_hash": "3c827ecd0300",
            "image_72": "https:\/\/avatars.slack-edge.com\/2019-09-23\/759234742083_3c827ecd0300e7312f4f_72.png",
            "first_name": "Denny",
            "real_name": "Denny",
            "display_name": "denny",
            "team": "TN9LC1S6M",
            "name": "denny",
            "is_restricted": false,
            "is_ultra_restricted": false
        }
    },
    {
        "client_msg_id": "a1cdb616-eae9-4395-a0c1-4b031ccf1580",
        "type": "message",
        "text": "heh i saw that",
        "user": "UNG35QZFF",
        "ts": "1569353087.014200",
        "team": "TN9LC1S6M",
        "user_team": "TN9LC1S6M",
        "source_team": "TN9LC1S6M",
        "user_profile": {
            "avatar_hash": "90c831cac8ba",
            "image_72": "https:\/\/avatars.slack-edge.com\/2019-09-17\/764115434832_90c831cac8ba4f2fc73e_72.jpg",
            "first_name": "Cindy",
            "real_name": "Cindy Wu",
            "display_name": "cindy",
            "team": "TN9LC1S6M",
            "name": "cindy",
            "is_restricted": false,
            "is_ultra_restricted": false
        }
    },
    {
        "user": "UNPP3CW6Q",
        "type": "message",
        "subtype": "channel_join",
        "ts": "1569380991.014500",
        "text": "<@UNPP3CW6Q> has joined the channel"
    },
    {
        "client_msg_id": "ab0792fb-1c51-435e-8d93-57a031093708",
        "type": "message",
        "text": ":wave::skin-tone-4: <@UNPP3CW6Q>!",
        "user": "UNG35QZFF",
        "ts": "1569381344.014700",
        "team": "TN9LC1S6M",
        "user_team": "TN9LC1S6M",
        "source_team": "TN9LC1S6M",
        "user_profile": {
            "avatar_hash": "90c831cac8ba",
            "image_72": "https:\/\/avatars.slack-edge.com\/2019-09-17\/764115434832_90c831cac8ba4f2fc73e_72.jpg",
            "first_name": "Cindy",
            "real_name": "Cindy Wu",
            "display_name": "cindy",
            "team": "TN9LC1S6M",
            "name": "cindy",
            "is_restricted": false,
            "is_ultra_restricted": false
        },
        "reactions": [
            {
                "name": "star-struck",
                "users": [
                    "UNPP3CW6Q"
                ],
                "count": 1
            }
        ]
    },
    {
        "user": "UNPPANK60",
        "type": "message",
        "subtype": "channel_join",
        "ts": "1569381834.014900",
        "text": "<@UNPPANK60> has joined the channel",
        "reactions": [
            {
                "name": "wave",
                "users": [
                    "UNG35QZFF"
                ],
                "count": 1
            }
        ]
    },
    {
        "user": "UNCQ6MBDZ",
        "type": "message",
        "subtype": "channel_join",
        "ts": "1569386230.015300",
        "text": "<@UNCQ6MBDZ> has joined the channel"
    },
    {
        "client_msg_id": "3C63D45A-9E30-41B6-9689-25253AEF36CC",
        "type": "message",
        "text": "Thanks! <@UNG35QZFF> ",
        "user": "UNPP3CW6Q",
        "ts": "1569386903.016000",
        "team": "TN9LC1S6M",
        "user_team": "TN9LC1S6M",
        "source_team": "TN9LC1S6M",
        "user_profile": {
            "avatar_hash": "219ef63e84f9",
            "image_72": "https:\/\/avatars.slack-edge.com\/2019-09-25\/774479601414_219ef63e84f98e1df932_72.png",
            "first_name": "rshibato",
            "real_name": "rshibato",
            "display_name": "",
            "team": "TN9LC1S6M",
            "name": "rshibato",
            "is_restricted": false,
            "is_ultra_restricted": false
        }
    },
    {
        "client_msg_id": "4ae31dff-c1e7-4dbe-929f-579fdd7b11b0",
        "type": "message",
        "text": "hello hello <@UNCQ6MBDZ>! welcome.",
        "user": "UNG35QZFF",
        "ts": "1569386945.016300",
        "team": "TN9LC1S6M",
        "user_team": "TN9LC1S6M",
        "source_team": "TN9LC1S6M",
        "user_profile": {
            "avatar_hash": "90c831cac8ba",
            "image_72": "https:\/\/avatars.slack-edge.com\/2019-09-17\/764115434832_90c831cac8ba4f2fc73e_72.jpg",
            "first_name": "Cindy",
            "real_name": "Cindy Wu",
            "display_name": "cindy",
            "team": "TN9LC1S6M",
            "name": "cindy",
            "is_restricted": false,
            "is_ultra_restricted": false
        }
    }
]