[
    {
        "client_msg_id": "464fe116-5c30-472b-bc25-6d870dbdd4eb",
        "type": "message",
        "text": "Channels dedicated to specific fields of science? This issue is specific to health or biology - then people in that specific field can discuss shortcomings and then solutions without exhausting other slack members",
        "user": "UNB3ACN0K",
        "ts": "1569928929.009200",
        "team": "TN9LC1S6M",
        "user_team": "TN9LC1S6M",
        "source_team": "TN9LC1S6M",
        "user_profile": {
            "avatar_hash": "22c5c1201ad6",
            "image_72": "https:\/\/avatars.slack-edge.com\/2019-09-23\/757895371826_22c5c1201ad643cd29f8_72.png",
            "first_name": "Andrea",
            "real_name": "Andrea Mazzocchi",
            "display_name": "Andrea Mazzocchi",
            "team": "TN9LC1S6M",
            "name": "amazzocchi13",
            "is_restricted": false,
            "is_ultra_restricted": false
        },
        "thread_ts": "1569801223.001900",
        "parent_user_id": "UNG35QZFF"
    },
    {
        "client_msg_id": "ec7aeceb-70be-42a8-9943-4b47a1036ee3",
        "type": "message",
        "text": "<@UNB3ACN0K> let’s give it a try! can you  create a health and biology channel and invite me and <@UNGJ0B58A> to it and we can continue the IRB conversation there? we are a try lots of things and keep the things that serve us kind of group. :slightly_smiling_face: let’s see where this specific field of science channel takes us!",
        "user": "UNG35QZFF",
        "ts": "1569952816.009400",
        "team": "TN9LC1S6M",
        "user_team": "TN9LC1S6M",
        "source_team": "TN9LC1S6M",
        "user_profile": {
            "avatar_hash": "90c831cac8ba",
            "image_72": "https:\/\/avatars.slack-edge.com\/2019-09-17\/764115434832_90c831cac8ba4f2fc73e_72.jpg",
            "first_name": "Cindy",
            "real_name": "Cindy Wu",
            "display_name": "cindy",
            "team": "TN9LC1S6M",
            "name": "cindy",
            "is_restricted": false,
            "is_ultra_restricted": false
        },
        "thread_ts": "1569801223.001900",
        "parent_user_id": "UNG35QZFF"
    },
    {
        "user": "UNY325M8Q",
        "type": "message",
        "subtype": "channel_join",
        "ts": "1569957723.009800",
        "text": "<@UNY325M8Q> has joined the channel"
    },
    {
        "client_msg_id": "a25535d1-2cb6-46bb-99b8-c9040f5bc4f1",
        "type": "message",
        "text": "For those interested in talking health sciences and bio - I've created a channel for those things",
        "user": "UNB3ACN0K",
        "ts": "1569966573.010400",
        "team": "TN9LC1S6M",
        "user_team": "TN9LC1S6M",
        "source_team": "TN9LC1S6M",
        "user_profile": {
            "avatar_hash": "22c5c1201ad6",
            "image_72": "https:\/\/avatars.slack-edge.com\/2019-09-23\/757895371826_22c5c1201ad643cd29f8_72.png",
            "first_name": "Andrea",
            "real_name": "Andrea Mazzocchi",
            "display_name": "Andrea Mazzocchi",
            "team": "TN9LC1S6M",
            "name": "amazzocchi13",
            "is_restricted": false,
            "is_ultra_restricted": false
        },
        "reactions": [
            {
                "name": "raised_hands",
                "users": [
                    "UNG35QZFF"
                ],
                "count": 1
            }
        ]
    },
    {
        "client_msg_id": "508eecb8-f235-46e1-9488-862a60812af8",
        "type": "message",
        "text": "<https:\/\/www.reviewcommons.org> just launched today",
        "user": "UNJ95CKPG",
        "ts": "1569969101.010800",
        "team": "TN9LC1S6M",
        "user_team": "TN9LC1S6M",
        "source_team": "TN9LC1S6M",
        "user_profile": {
            "avatar_hash": "3c827ecd0300",
            "image_72": "https:\/\/avatars.slack-edge.com\/2019-09-23\/759234742083_3c827ecd0300e7312f4f_72.png",
            "first_name": "Denny",
            "real_name": "Denny",
            "display_name": "denny",
            "team": "TN9LC1S6M",
            "name": "denny",
            "is_restricted": false,
            "is_ultra_restricted": false
        },
        "reactions": [
            {
                "name": "eyes",
                "users": [
                    "UNG35QZFF"
                ],
                "count": 1
            },
            {
                "name": "+1",
                "users": [
                    "UNPP3CW6Q"
                ],
                "count": 1
            }
        ]
    },
    {
        "client_msg_id": "7808dc16-ca10-4e0d-a72b-97ffd0bdc225",
        "type": "message",
        "text": "ASAPBio and EMBO :eyes:",
        "user": "UNJ95CKPG",
        "ts": "1569969126.011100",
        "team": "TN9LC1S6M",
        "user_team": "TN9LC1S6M",
        "source_team": "TN9LC1S6M",
        "user_profile": {
            "avatar_hash": "3c827ecd0300",
            "image_72": "https:\/\/avatars.slack-edge.com\/2019-09-23\/759234742083_3c827ecd0300e7312f4f_72.png",
            "first_name": "Denny",
            "real_name": "Denny",
            "display_name": "denny",
            "team": "TN9LC1S6M",
            "name": "denny",
            "is_restricted": false,
            "is_ultra_restricted": false
        },
        "thread_ts": "1569969126.011100",
        "reply_count": 3,
        "reply_users_count": 2,
        "latest_reply": "1569985850.012600",
        "reply_users": [
            "UNK56SRFD",
            "UNG35QZFF"
        ],
        "replies": [
            {
                "user": "UNK56SRFD",
                "ts": "1569981378.011900"
            },
            {
                "user": "UNG35QZFF",
                "ts": "1569985567.012300"
            },
            {
                "user": "UNG35QZFF",
                "ts": "1569985850.012600"
            }
        ],
        "subscribed": true,
        "last_read": "1569985850.012600",
        "reactions": [
            {
                "name": "+1",
                "users": [
                    "UNK56SRFD"
                ],
                "count": 1
            }
        ]
    },
    {
        "user": "UP06JD76K",
        "type": "message",
        "subtype": "channel_join",
        "ts": "1569971991.011400",
        "text": "<@UP06JD76K> has joined the channel"
    },
    {
        "client_msg_id": "e57efeef-88de-40a3-8b0e-b2679360ab0e",
        "type": "message",
        "text": "Want an intro to Naomi? She's the assistant director of ASAPbio",
        "user": "UNK56SRFD",
        "ts": "1569981378.011900",
        "team": "TN9LC1S6M",
        "user_team": "TN9LC1S6M",
        "source_team": "TN9LC1S6M",
        "user_profile": {
            "avatar_hash": "g8d0c2cd1337",
            "image_72": "https:\/\/secure.gravatar.com\/avatar\/8d0c2cd1337827f7d3f3bafc23baca0b.jpg?s=72&d=https%3A%2F%2Fa.slack-edge.com%2Fdf10d%2Fimg%2Favatars%2Fava_0001-72.png",
            "first_name": "",
            "real_name": "Elliot Roth",
            "display_name": "",
            "team": "TN9LC1S6M",
            "name": "elliot",
            "is_restricted": false,
            "is_ultra_restricted": false
        },
        "thread_ts": "1569969126.011100",
        "parent_user_id": "UNJ95CKPG",
        "reactions": [
            {
                "name": "star2",
                "users": [
                    "UNG35QZFF"
                ],
                "count": 1
            }
        ]
    },
    {
        "client_msg_id": "28fc4489-1dc0-4bb6-934e-f13b8b7e7699",
        "type": "message",
        "text": "<@UNK56SRFD> yes i would love to meet naomi! i will follow-up over email.",
        "user": "UNG35QZFF",
        "ts": "1569985567.012300",
        "team": "TN9LC1S6M",
        "user_team": "TN9LC1S6M",
        "source_team": "TN9LC1S6M",
        "user_profile": {
            "avatar_hash": "90c831cac8ba",
            "image_72": "https:\/\/avatars.slack-edge.com\/2019-09-17\/764115434832_90c831cac8ba4f2fc73e_72.jpg",
            "first_name": "Cindy",
            "real_name": "Cindy Wu",
            "display_name": "cindy",
            "team": "TN9LC1S6M",
            "name": "cindy",
            "is_restricted": false,
            "is_ultra_restricted": false
        },
        "thread_ts": "1569969126.011100",
        "parent_user_id": "UNJ95CKPG"
    },
    {
        "client_msg_id": "0a44f205-5c7d-42a7-a789-5f538f1fecf9",
        "type": "message",
        "text": "sent the email!",
        "user": "UNG35QZFF",
        "ts": "1569985850.012600",
        "team": "TN9LC1S6M",
        "user_team": "TN9LC1S6M",
        "source_team": "TN9LC1S6M",
        "user_profile": {
            "avatar_hash": "90c831cac8ba",
            "image_72": "https:\/\/avatars.slack-edge.com\/2019-09-17\/764115434832_90c831cac8ba4f2fc73e_72.jpg",
            "first_name": "Cindy",
            "real_name": "Cindy Wu",
            "display_name": "cindy",
            "team": "TN9LC1S6M",
            "name": "cindy",
            "is_restricted": false,
            "is_ultra_restricted": false
        },
        "thread_ts": "1569969126.011100",
        "parent_user_id": "UNJ95CKPG"
    }
]