[
    {
        "client_msg_id": "6681ff77-6522-465e-92bf-3a983af48397",
        "type": "message",
        "text": "<https:\/\/nextjournal.com\/> launched a new landing page :slightly_smiling_face: they’re hoping the new landing page better explains what nextjournal can do",
        "user": "UNG35QZFF",
        "ts": "1570649591.000700",
        "team": "TN9LC1S6M",
        "user_team": "TN9LC1S6M",
        "source_team": "TN9LC1S6M",
        "user_profile": {
            "avatar_hash": "90c831cac8ba",
            "image_72": "https:\/\/avatars.slack-edge.com\/2019-09-17\/764115434832_90c831cac8ba4f2fc73e_72.jpg",
            "first_name": "Cindy",
            "real_name": "Cindy Wu",
            "display_name": "cindy",
            "team": "TN9LC1S6M",
            "name": "cindy",
            "is_restricted": false,
            "is_ultra_restricted": false
        },
        "attachments": [
            {
                "title": "The notebook for reproducible research — Nextjournal",
                "title_link": "https:\/\/nextjournal.com\/",
                "text": "Runs anything you can put into a Docker container. Improve your workflow with polyglot notebooks, automatic versioning and real-time collaboration. Save time and money with on-demand provisioning, including GPU support. Use it for ML, data science, runnable tutorials, for your classroom or scientific publishing.",
                "fallback": "The notebook for reproducible research — Nextjournal",
                "thumb_url": "https:\/\/cdn.nextjournal.com\/images\/social.png",
                "from_url": "https:\/\/nextjournal.com\/",
                "thumb_width": 1024,
                "thumb_height": 512,
                "service_name": "nextjournal.com",
                "id": 1,
                "original_url": "https:\/\/nextjournal.com\/"
            }
        ]
    },
    {
        "client_msg_id": "7c94a4ec-eaa0-4caa-8641-7caf7257ff76",
        "type": "message",
        "text": "anyone here ever follow IETF proposals and new standards for fun?",
        "user": "UNJ95CKPG",
        "ts": "1570663619.001500",
        "team": "TN9LC1S6M",
        "user_team": "TN9LC1S6M",
        "source_team": "TN9LC1S6M",
        "user_profile": {
            "avatar_hash": "3c827ecd0300",
            "image_72": "https:\/\/avatars.slack-edge.com\/2019-09-23\/759234742083_3c827ecd0300e7312f4f_72.png",
            "first_name": "Denny",
            "real_name": "Denny",
            "display_name": "denny",
            "team": "TN9LC1S6M",
            "name": "denny",
            "is_restricted": false,
            "is_ultra_restricted": false
        },
        "reactions": [
            {
                "name": "thinking_face",
                "users": [
                    "UN74A97FV"
                ],
                "count": 1
            }
        ]
    },
    {
        "client_msg_id": "9959bc86-9dce-4c3e-afa0-76cbd4d5eac8",
        "type": "message",
        "text": "<https:\/\/www.youtube.com\/watch?v=Qps6e2HzPX4> this video made me think more about what incentives need to change and how the scientific community’s culture needs to evolve to transition to a world where scientists feel safe sharing results early and often :thinking_face:",
        "user": "UNG35QZFF",
        "ts": "1570672484.003600",
        "team": "TN9LC1S6M",
        "user_team": "TN9LC1S6M",
        "source_team": "TN9LC1S6M",
        "user_profile": {
            "avatar_hash": "90c831cac8ba",
            "image_72": "https:\/\/avatars.slack-edge.com\/2019-09-17\/764115434832_90c831cac8ba4f2fc73e_72.jpg",
            "first_name": "Cindy",
            "real_name": "Cindy Wu",
            "display_name": "cindy",
            "team": "TN9LC1S6M",
            "name": "cindy",
            "is_restricted": false,
            "is_ultra_restricted": false
        },
        "attachments": [
            {
                "service_name": "YouTube",
                "service_url": "https:\/\/www.youtube.com\/",
                "title": "Update on Time Traveling Photon Experiment 10\/8\/19",
                "title_link": "https:\/\/www.youtube.com\/watch?v=Qps6e2HzPX4",
                "author_name": "Julia Mossbridge",
                "author_link": "https:\/\/www.youtube.com\/user\/choosejoy69",
                "thumb_url": "https:\/\/i.ytimg.com\/vi\/Qps6e2HzPX4\/hqdefault.jpg",
                "thumb_width": 480,
                "thumb_height": 360,
                "fallback": "YouTube Video: Update on Time Traveling Photon Experiment 10\/8\/19",
                "video_html": "<iframe width=\"400\" height=\"225\" src=\"https:\/\/www.youtube.com\/embed\/Qps6e2HzPX4?feature=oembed&autoplay=1&iv_load_policy=3\" frameborder=\"0\" allow=\"accelerometer; autoplay; encrypted-media; gyroscope; picture-in-picture\" allowfullscreen><\/iframe>",
                "video_html_width": 400,
                "video_html_height": 225,
                "from_url": "https:\/\/www.youtube.com\/watch?v=Qps6e2HzPX4",
                "service_icon": "https:\/\/a.slack-edge.com\/80588\/img\/unfurl_icons\/youtube.png",
                "id": 1,
                "original_url": "https:\/\/www.youtube.com\/watch?v=Qps6e2HzPX4"
            }
        ],
        "thread_ts": "1570672484.003600",
        "reply_count": 4,
        "reply_users_count": 2,
        "latest_reply": "1570674569.004700",
        "reply_users": [
            "UNG35QZFF",
            "UNB3ACN0K"
        ],
        "replies": [
            {
                "user": "UNG35QZFF",
                "ts": "1570672489.003800"
            },
            {
                "user": "UNB3ACN0K",
                "ts": "1570673200.004100"
            },
            {
                "user": "UNB3ACN0K",
                "ts": "1570673258.004300"
            },
            {
                "user": "UNG35QZFF",
                "ts": "1570674569.004700"
            }
        ],
        "subscribed": true,
        "last_read": "1570674569.004700",
        "reactions": [
            {
                "name": "eyes",
                "users": [
                    "UNB3ACN0K",
                    "UNPP3CW6Q"
                ],
                "count": 2
            }
        ]
    },
    {
        "client_msg_id": "52dc5344-bc96-4ad3-9d26-dda375f56583",
        "type": "message",
        "text": "<https:\/\/experiment.com\/u\/MzbFtA>",
        "user": "UNG35QZFF",
        "ts": "1570672489.003800",
        "team": "TN9LC1S6M",
        "user_team": "TN9LC1S6M",
        "source_team": "TN9LC1S6M",
        "user_profile": {
            "avatar_hash": "90c831cac8ba",
            "image_72": "https:\/\/avatars.slack-edge.com\/2019-09-17\/764115434832_90c831cac8ba4f2fc73e_72.jpg",
            "first_name": "Cindy",
            "real_name": "Cindy Wu",
            "display_name": "cindy",
            "team": "TN9LC1S6M",
            "name": "cindy",
            "is_restricted": false,
            "is_ultra_restricted": false
        },
        "thread_ts": "1570672484.003600",
        "parent_user_id": "UNG35QZFF"
    },
    {
        "client_msg_id": "6f9b0b1d-49d1-4a8b-b76c-863444c29a88",
        "type": "message",
        "text": "What's interesting is that her sentiments are the reason my advisor prevented me from applying for experiment funding (although I'm desperate for a small amount of funds on a super interesting project) - worry about getting scooped. Once it's out, you lose all ownership and IP, or that's how it's explained to us in academia. Ideally we wouldn't worry about this ownership but it's well known that academic centers will run the same experiments and because they have a network that includes journal editors, will ultimately publish their findings and \"own\" the IP, method, results, instead of the true owner.",
        "user": "UNB3ACN0K",
        "ts": "1570673200.004100",
        "team": "TN9LC1S6M",
        "user_team": "TN9LC1S6M",
        "source_team": "TN9LC1S6M",
        "user_profile": {
            "avatar_hash": "22c5c1201ad6",
            "image_72": "https:\/\/avatars.slack-edge.com\/2019-09-23\/757895371826_22c5c1201ad643cd29f8_72.png",
            "first_name": "Andrea",
            "real_name": "Andrea Mazzocchi",
            "display_name": "Andrea Mazzocchi",
            "team": "TN9LC1S6M",
            "name": "amazzocchi13",
            "is_restricted": false,
            "is_ultra_restricted": false
        },
        "thread_ts": "1570672484.003600",
        "parent_user_id": "UNG35QZFF",
        "reactions": [
            {
                "name": "eyes",
                "users": [
                    "UNG35QZFF"
                ],
                "count": 1
            }
        ]
    },
    {
        "client_msg_id": "e3fbe970-7423-4656-848b-5d4753175a2a",
        "type": "message",
        "text": "I was super disappointed when I wasn't allowed to apply to experiment but also understand and respect my advisors decision because the scientific community is tough to navigate.",
        "user": "UNB3ACN0K",
        "ts": "1570673258.004300",
        "team": "TN9LC1S6M",
        "user_team": "TN9LC1S6M",
        "source_team": "TN9LC1S6M",
        "user_profile": {
            "avatar_hash": "22c5c1201ad6",
            "image_72": "https:\/\/avatars.slack-edge.com\/2019-09-23\/757895371826_22c5c1201ad643cd29f8_72.png",
            "first_name": "Andrea",
            "real_name": "Andrea Mazzocchi",
            "display_name": "Andrea Mazzocchi",
            "team": "TN9LC1S6M",
            "name": "amazzocchi13",
            "is_restricted": false,
            "is_ultra_restricted": false
        },
        "thread_ts": "1570672484.003600",
        "parent_user_id": "UNG35QZFF",
        "reactions": [
            {
                "name": "eyes",
                "users": [
                    "UNG35QZFF"
                ],
                "count": 1
            }
        ]
    },
    {
        "client_msg_id": "f1c3f0cd-cca4-4873-9d25-d12b56135e46",
        "type": "message",
        "text": "Thanks for sharing your experience <@UNB3ACN0K>! :pray::skin-tone-3:\n\n“once it’s out, you lose all ownership and IP” this really interests me. we’ve been spending a lot of brain cycles thinking about scientist control over their stuff… thinking of ways that scientists can put stuff out publicly  and keep ownership and IP… :thinking_face:",
        "user": "UNG35QZFF",
        "ts": "1570674569.004700",
        "team": "TN9LC1S6M",
        "user_team": "TN9LC1S6M",
        "source_team": "TN9LC1S6M",
        "user_profile": {
            "avatar_hash": "90c831cac8ba",
            "image_72": "https:\/\/avatars.slack-edge.com\/2019-09-17\/764115434832_90c831cac8ba4f2fc73e_72.jpg",
            "first_name": "Cindy",
            "real_name": "Cindy Wu",
            "display_name": "cindy",
            "team": "TN9LC1S6M",
            "name": "cindy",
            "is_restricted": false,
            "is_ultra_restricted": false
        },
        "thread_ts": "1570672484.003600",
        "parent_user_id": "UNG35QZFF",
        "reactions": [
            {
                "name": "heavy_plus_sign",
                "users": [
                    "UNB3ACN0K"
                ],
                "count": 1
            }
        ]
    },
    {
        "client_msg_id": "00000aaa-f618-4185-b57c-67e0429a9def",
        "type": "message",
        "text": "Are y'all coming to Science Hack Day in a week?? <https:\/\/sf.sciencehackday.org\/> It was fantastic last year and supposedly this is its last year in SF.",
        "user": "UP7Q268R3",
        "ts": "1570676807.005800",
        "team": "TN9LC1S6M",
        "user_team": "TN9LC1S6M",
        "source_team": "TN9LC1S6M",
        "user_profile": {
            "avatar_hash": "g02734bb0afe",
            "image_72": "https:\/\/secure.gravatar.com\/avatar\/02734bb0afe24b614f37a54eada76538.jpg?s=72&d=https%3A%2F%2Fa.slack-edge.com%2Fdf10d%2Fimg%2Favatars%2Fava_0012-72.png",
            "first_name": "",
            "real_name": "Andrew Cantino",
            "display_name": "Andrew Cantino",
            "team": "TN9LC1S6M",
            "name": "andrew",
            "is_restricted": false,
            "is_ultra_restricted": false
        },
        "thread_ts": "1570676807.005800",
        "reply_count": 6,
        "reply_users_count": 3,
        "latest_reply": "1570838496.008800",
        "reply_users": [
            "UNJ95CKPG",
            "UP7Q268R3",
            "UNG35QZFF"
        ],
        "replies": [
            {
                "user": "UNJ95CKPG",
                "ts": "1570676874.005900"
            },
            {
                "user": "UNJ95CKPG",
                "ts": "1570676918.006100"
            },
            {
                "user": "UP7Q268R3",
                "ts": "1570676933.006300"
            },
            {
                "user": "UNG35QZFF",
                "ts": "1570693184.006700"
            },
            {
                "user": "UP7Q268R3",
                "ts": "1570762928.008500"
            },
            {
                "user": "UNG35QZFF",
                "ts": "1570838496.008800"
            }
        ],
        "subscribed": true,
        "last_read": "1570838496.008800"
    },
    {
        "client_msg_id": "9bdb3795-144d-4a40-9e71-b1cb6fd95ed5",
        "type": "message",
        "text": "yeah saw that this years is the last one :disappointed:",
        "user": "UNJ95CKPG",
        "ts": "1570676874.005900",
        "team": "TN9LC1S6M",
        "user_team": "TN9LC1S6M",
        "source_team": "TN9LC1S6M",
        "user_profile": {
            "avatar_hash": "3c827ecd0300",
            "image_72": "https:\/\/avatars.slack-edge.com\/2019-09-23\/759234742083_3c827ecd0300e7312f4f_72.png",
            "first_name": "Denny",
            "real_name": "Denny",
            "display_name": "denny",
            "team": "TN9LC1S6M",
            "name": "denny",
            "is_restricted": false,
            "is_ultra_restricted": false
        },
        "thread_ts": "1570676807.005800",
        "parent_user_id": "UP7Q268R3"
    },
    {
        "client_msg_id": "fce6265d-19bc-482e-99ee-1c52f999d5db",
        "type": "message",
        "text": "we wont be at this years",
        "user": "UNJ95CKPG",
        "ts": "1570676918.006100",
        "team": "TN9LC1S6M",
        "user_team": "TN9LC1S6M",
        "source_team": "TN9LC1S6M",
        "user_profile": {
            "avatar_hash": "3c827ecd0300",
            "image_72": "https:\/\/avatars.slack-edge.com\/2019-09-23\/759234742083_3c827ecd0300e7312f4f_72.png",
            "first_name": "Denny",
            "real_name": "Denny",
            "display_name": "denny",
            "team": "TN9LC1S6M",
            "name": "denny",
            "is_restricted": false,
            "is_ultra_restricted": false
        },
        "thread_ts": "1570676807.005800",
        "parent_user_id": "UP7Q268R3"
    },
    {
        "client_msg_id": "9e745a4a-eeaa-4c5e-90f4-4033efe7947d",
        "type": "message",
        "text": "ah darn",
        "user": "UP7Q268R3",
        "ts": "1570676933.006300",
        "team": "TN9LC1S6M",
        "user_team": "TN9LC1S6M",
        "source_team": "TN9LC1S6M",
        "user_profile": {
            "avatar_hash": "g02734bb0afe",
            "image_72": "https:\/\/secure.gravatar.com\/avatar\/02734bb0afe24b614f37a54eada76538.jpg?s=72&d=https%3A%2F%2Fa.slack-edge.com%2Fdf10d%2Fimg%2Favatars%2Fava_0012-72.png",
            "first_name": "",
            "real_name": "Andrew Cantino",
            "display_name": "Andrew Cantino",
            "team": "TN9LC1S6M",
            "name": "andrew",
            "is_restricted": false,
            "is_ultra_restricted": false
        },
        "thread_ts": "1570676807.005800",
        "parent_user_id": "UP7Q268R3"
    }
]