[
    {
        "user": "UNS38F4DB",
        "type": "message",
        "subtype": "channel_join",
        "ts": "1569493534.000800",
        "text": "<@UNS38F4DB> has joined the channel"
    },
    {
        "client_msg_id": "47a5f899-ae5a-45ff-b3b2-a8c6b41d77a4",
        "type": "message",
        "text": "I have prepared a PR for <https:\/\/gitlab.com\/jellylabs\/jelly> but I don't have permission to push a branch",
        "user": "UNQRW3EPN",
        "ts": "1569527784.001900",
        "team": "TN9LC1S6M",
        "user_team": "TN9LC1S6M",
        "source_team": "TN9LC1S6M",
        "user_profile": {
            "avatar_hash": "g45293e1c21b",
            "image_72": "https:\/\/secure.gravatar.com\/avatar\/45293e1c21bd09727dbc2ac098ab4cc4.jpg?s=72&d=https%3A%2F%2Fa.slack-edge.com%2Fdf10d%2Fimg%2Favatars%2Fava_0002-72.png",
            "first_name": "",
            "real_name": "Jeff Maxim",
            "display_name": "Jeff Maxim",
            "team": "TN9LC1S6M",
            "name": "frey.maxim",
            "is_restricted": false,
            "is_ultra_restricted": false
        },
        "edited": {
            "user": "UNQRW3EPN",
            "ts": "1569527788.000000"
        },
        "thread_ts": "1569527784.001900",
        "reply_count": 17,
        "reply_users_count": 3,
        "latest_reply": "1569533274.005700",
        "reply_users": [
            "UNG35QZFF",
            "UNQRW3EPN",
            "UNJ95CKPG"
        ],
        "replies": [
            {
                "user": "UNG35QZFF",
                "ts": "1569528678.002300"
            },
            {
                "user": "UNQRW3EPN",
                "ts": "1569528711.002500"
            },
            {
                "user": "UNG35QZFF",
                "ts": "1569529596.002700"
            },
            {
                "user": "UNG35QZFF",
                "ts": "1569529629.002900"
            },
            {
                "user": "UNQRW3EPN",
                "ts": "1569529644.003100"
            },
            {
                "user": "UNG35QZFF",
                "ts": "1569529681.003300"
            },
            {
                "user": "UNQRW3EPN",
                "ts": "1569529908.003500"
            },
            {
                "user": "UNQRW3EPN",
                "ts": "1569530018.003700"
            },
            {
                "user": "UNJ95CKPG",
                "ts": "1569533086.004000"
            },
            {
                "user": "UNJ95CKPG",
                "ts": "1569533094.004200"
            },
            {
                "user": "UNQRW3EPN",
                "ts": "1569533098.004400"
            },
            {
                "user": "UNJ95CKPG",
                "ts": "1569533098.004600"
            },
            {
                "user": "UNQRW3EPN",
                "ts": "1569533126.004800"
            },
            {
                "user": "UNJ95CKPG",
                "ts": "1569533128.005000"
            },
            {
                "user": "UNQRW3EPN",
                "ts": "1569533146.005200"
            },
            {
                "user": "UNJ95CKPG",
                "ts": "1569533215.005400"
            },
            {
                "user": "UNQRW3EPN",
                "ts": "1569533274.005700"
            }
        ],
        "subscribed": true,
        "last_read": "1569533274.005700",
        "reactions": [
            {
                "name": "heart_eyes",
                "users": [
                    "UNG35QZFF"
                ],
                "count": 1
            },
            {
                "name": "jelly",
                "users": [
                    "UN74A97FV"
                ],
                "count": 1
            }
        ]
    },
    {
        "client_msg_id": "a7a56957-888c-4196-a986-07635cbf1b89",
        "type": "message",
        "text": "will take a look. inspired me to make some documentation",
        "user": "UNG35QZFF",
        "ts": "1569528678.002300",
        "team": "TN9LC1S6M",
        "user_team": "TN9LC1S6M",
        "source_team": "TN9LC1S6M",
        "user_profile": {
            "avatar_hash": "90c831cac8ba",
            "image_72": "https:\/\/avatars.slack-edge.com\/2019-09-17\/764115434832_90c831cac8ba4f2fc73e_72.jpg",
            "first_name": "Cindy",
            "real_name": "Cindy Wu",
            "display_name": "cindy",
            "team": "TN9LC1S6M",
            "name": "cindy",
            "is_restricted": false,
            "is_ultra_restricted": false
        },
        "thread_ts": "1569527784.001900",
        "parent_user_id": "UNQRW3EPN"
    },
    {
        "client_msg_id": "5ff0a68e-6034-475a-99c2-fac2f7e71582",
        "type": "message",
        "text": "Ah that's what I was working on, `README.md` updates, mine were `First time setup` instructions",
        "user": "UNQRW3EPN",
        "ts": "1569528711.002500",
        "team": "TN9LC1S6M",
        "user_team": "TN9LC1S6M",
        "source_team": "TN9LC1S6M",
        "user_profile": {
            "avatar_hash": "g45293e1c21b",
            "image_72": "https:\/\/secure.gravatar.com\/avatar\/45293e1c21bd09727dbc2ac098ab4cc4.jpg?s=72&d=https%3A%2F%2Fa.slack-edge.com%2Fdf10d%2Fimg%2Favatars%2Fava_0002-72.png",
            "first_name": "",
            "real_name": "Jeff Maxim",
            "display_name": "Jeff Maxim",
            "team": "TN9LC1S6M",
            "name": "frey.maxim",
            "is_restricted": false,
            "is_ultra_restricted": false
        },
        "thread_ts": "1569527784.001900",
        "parent_user_id": "UNQRW3EPN"
    },
    {
        "client_msg_id": "be61b394-107f-49f1-9a7f-29eb68e535a1",
        "type": "message",
        "text": "ooo perfect!",
        "user": "UNG35QZFF",
        "ts": "1569529596.002700",
        "team": "TN9LC1S6M",
        "user_team": "TN9LC1S6M",
        "source_team": "TN9LC1S6M",
        "user_profile": {
            "avatar_hash": "90c831cac8ba",
            "image_72": "https:\/\/avatars.slack-edge.com\/2019-09-17\/764115434832_90c831cac8ba4f2fc73e_72.jpg",
            "first_name": "Cindy",
            "real_name": "Cindy Wu",
            "display_name": "cindy",
            "team": "TN9LC1S6M",
            "name": "cindy",
            "is_restricted": false,
            "is_ultra_restricted": false
        },
        "thread_ts": "1569527784.001900",
        "parent_user_id": "UNQRW3EPN"
    },
    {
        "client_msg_id": "5334d15b-9424-4347-a17d-67955c9ec6cf",
        "type": "message",
        "text": "i will wait to see your version",
        "user": "UNG35QZFF",
        "ts": "1569529629.002900",
        "team": "TN9LC1S6M",
        "user_team": "TN9LC1S6M",
        "source_team": "TN9LC1S6M",
        "user_profile": {
            "avatar_hash": "90c831cac8ba",
            "image_72": "https:\/\/avatars.slack-edge.com\/2019-09-17\/764115434832_90c831cac8ba4f2fc73e_72.jpg",
            "first_name": "Cindy",
            "real_name": "Cindy Wu",
            "display_name": "cindy",
            "team": "TN9LC1S6M",
            "name": "cindy",
            "is_restricted": false,
            "is_ultra_restricted": false
        },
        "thread_ts": "1569527784.001900",
        "parent_user_id": "UNQRW3EPN"
    },
    {
        "client_msg_id": "40c240bc-f9cc-4bcc-a056-8833f800fa69",
        "type": "message",
        "text": "well i don't know to get my version up there",
        "user": "UNQRW3EPN",
        "ts": "1569529644.003100",
        "team": "TN9LC1S6M",
        "user_team": "TN9LC1S6M",
        "source_team": "TN9LC1S6M",
        "user_profile": {
            "avatar_hash": "g45293e1c21b",
            "image_72": "https:\/\/secure.gravatar.com\/avatar\/45293e1c21bd09727dbc2ac098ab4cc4.jpg?s=72&d=https%3A%2F%2Fa.slack-edge.com%2Fdf10d%2Fimg%2Favatars%2Fava_0002-72.png",
            "first_name": "",
            "real_name": "Jeff Maxim",
            "display_name": "Jeff Maxim",
            "team": "TN9LC1S6M",
            "name": "frey.maxim",
            "is_restricted": false,
            "is_ultra_restricted": false
        },
        "thread_ts": "1569527784.001900",
        "parent_user_id": "UNQRW3EPN"
    },
    {
        "client_msg_id": "6e96498b-2d4f-4c6d-97d7-4021e5b0fab1",
        "type": "message",
        "text": "let’s wait for <@UNJ95CKPG> to get online he’s in charge of all those things",
        "user": "UNG35QZFF",
        "ts": "1569529681.003300",
        "team": "TN9LC1S6M",
        "user_team": "TN9LC1S6M",
        "source_team": "TN9LC1S6M",
        "user_profile": {
            "avatar_hash": "90c831cac8ba",
            "image_72": "https:\/\/avatars.slack-edge.com\/2019-09-17\/764115434832_90c831cac8ba4f2fc73e_72.jpg",
            "first_name": "Cindy",
            "real_name": "Cindy Wu",
            "display_name": "cindy",
            "team": "TN9LC1S6M",
            "name": "cindy",
            "is_restricted": false,
            "is_ultra_restricted": false
        },
        "thread_ts": "1569527784.001900",
        "parent_user_id": "UNQRW3EPN"
    },
    {
        "client_msg_id": "e0c51807-9bb9-466c-9b47-18b9a48d7d8f",
        "type": "message",
        "text": ":jelly:",
        "user": "UNQRW3EPN",
        "ts": "1569529908.003500",
        "team": "TN9LC1S6M",
        "user_team": "TN9LC1S6M",
        "source_team": "TN9LC1S6M",
        "user_profile": {
            "avatar_hash": "g45293e1c21b",
            "image_72": "https:\/\/secure.gravatar.com\/avatar\/45293e1c21bd09727dbc2ac098ab4cc4.jpg?s=72&d=https%3A%2F%2Fa.slack-edge.com%2Fdf10d%2Fimg%2Favatars%2Fava_0002-72.png",
            "first_name": "",
            "real_name": "Jeff Maxim",
            "display_name": "Jeff Maxim",
            "team": "TN9LC1S6M",
            "name": "frey.maxim",
            "is_restricted": false,
            "is_ultra_restricted": false
        },
        "thread_ts": "1569527784.001900",
        "parent_user_id": "UNQRW3EPN",
        "reactions": [
            {
                "name": "heart",
                "users": [
                    "UNG35QZFF"
                ],
                "count": 1
            }
        ]
    },
    {
        "client_msg_id": "a1be5646-60b6-4ecc-8d4c-6614176a0560",
        "type": "message",
        "text": "oh yeah I forgot it hawaii time there",
        "user": "UNQRW3EPN",
        "ts": "1569530018.003700",
        "team": "TN9LC1S6M",
        "user_team": "TN9LC1S6M",
        "source_team": "TN9LC1S6M",
        "user_profile": {
            "avatar_hash": "g45293e1c21b",
            "image_72": "https:\/\/secure.gravatar.com\/avatar\/45293e1c21bd09727dbc2ac098ab4cc4.jpg?s=72&d=https%3A%2F%2Fa.slack-edge.com%2Fdf10d%2Fimg%2Favatars%2Fava_0002-72.png",
            "first_name": "",
            "real_name": "Jeff Maxim",
            "display_name": "Jeff Maxim",
            "team": "TN9LC1S6M",
            "name": "frey.maxim",
            "is_restricted": false,
            "is_ultra_restricted": false
        },
        "thread_ts": "1569527784.001900",
        "parent_user_id": "UNQRW3EPN"
    },
    {
        "client_msg_id": "73a47856-bbe3-4987-94c1-c2531c385491",
        "type": "message",
        "text": "hey jerf",
        "user": "UNJ95CKPG",
        "ts": "1569533086.004000",
        "team": "TN9LC1S6M",
        "user_team": "TN9LC1S6M",
        "source_team": "TN9LC1S6M",
        "user_profile": {
            "avatar_hash": "3c827ecd0300",
            "image_72": "https:\/\/avatars.slack-edge.com\/2019-09-23\/759234742083_3c827ecd0300e7312f4f_72.png",
            "first_name": "Denny",
            "real_name": "Denny",
            "display_name": "denny",
            "team": "TN9LC1S6M",
            "name": "denny",
            "is_restricted": false,
            "is_ultra_restricted": false
        },
        "thread_ts": "1569527784.001900",
        "parent_user_id": "UNQRW3EPN"
    },
    {
        "client_msg_id": "21fc5ce0-50b1-40b5-b4bb-cecb3a38979b",
        "type": "message",
        "text": "that repo is just the blog",
        "user": "UNJ95CKPG",
        "ts": "1569533094.004200",
        "team": "TN9LC1S6M",
        "user_team": "TN9LC1S6M",
        "source_team": "TN9LC1S6M",
        "user_profile": {
            "avatar_hash": "3c827ecd0300",
            "image_72": "https:\/\/avatars.slack-edge.com\/2019-09-23\/759234742083_3c827ecd0300e7312f4f_72.png",
            "first_name": "Denny",
            "real_name": "Denny",
            "display_name": "denny",
            "team": "TN9LC1S6M",
            "name": "denny",
            "is_restricted": false,
            "is_ultra_restricted": false
        },
        "thread_ts": "1569527784.001900",
        "parent_user_id": "UNQRW3EPN"
    },
    {
        "client_msg_id": "2ece6733-5a95-42dc-982f-50d159ad3661",
        "type": "message",
        "text": "hi!",
        "user": "UNQRW3EPN",
        "ts": "1569533098.004400",
        "team": "TN9LC1S6M",
        "user_team": "TN9LC1S6M",
        "source_team": "TN9LC1S6M",
        "user_profile": {
            "avatar_hash": "g45293e1c21b",
            "image_72": "https:\/\/secure.gravatar.com\/avatar\/45293e1c21bd09727dbc2ac098ab4cc4.jpg?s=72&d=https%3A%2F%2Fa.slack-edge.com%2Fdf10d%2Fimg%2Favatars%2Fava_0002-72.png",
            "first_name": "",
            "real_name": "Jeff Maxim",
            "display_name": "Jeff Maxim",
            "team": "TN9LC1S6M",
            "name": "frey.maxim",
            "is_restricted": false,
            "is_ultra_restricted": false
        },
        "thread_ts": "1569527784.001900",
        "parent_user_id": "UNQRW3EPN"
    },
    {
        "client_msg_id": "2379e3fc-63b6-4ca5-adbe-202ae839bced",
        "type": "message",
        "text": "we'll be putting more stuff up soon",
        "user": "UNJ95CKPG",
        "ts": "1569533098.004600",
        "team": "TN9LC1S6M",
        "user_team": "TN9LC1S6M",
        "source_team": "TN9LC1S6M",
        "user_profile": {
            "avatar_hash": "3c827ecd0300",
            "image_72": "https:\/\/avatars.slack-edge.com\/2019-09-23\/759234742083_3c827ecd0300e7312f4f_72.png",
            "first_name": "Denny",
            "real_name": "Denny",
            "display_name": "denny",
            "team": "TN9LC1S6M",
            "name": "denny",
            "is_restricted": false,
            "is_ultra_restricted": false
        },
        "thread_ts": "1569527784.001900",
        "parent_user_id": "UNQRW3EPN"
    },
    {
        "client_msg_id": "33e5c753-da86-4ca6-a1ab-8341becf1da4",
        "type": "message",
        "text": "ok! well let me know whenever it's ready, excited to halp if you want it!",
        "user": "UNQRW3EPN",
        "ts": "1569533126.004800",
        "team": "TN9LC1S6M",
        "user_team": "TN9LC1S6M",
        "source_team": "TN9LC1S6M",
        "user_profile": {
            "avatar_hash": "g45293e1c21b",
            "image_72": "https:\/\/secure.gravatar.com\/avatar\/45293e1c21bd09727dbc2ac098ab4cc4.jpg?s=72&d=https%3A%2F%2Fa.slack-edge.com%2Fdf10d%2Fimg%2Favatars%2Fava_0002-72.png",
            "first_name": "",
            "real_name": "Jeff Maxim",
            "display_name": "Jeff Maxim",
            "team": "TN9LC1S6M",
            "name": "frey.maxim",
            "is_restricted": false,
            "is_ultra_restricted": false
        },
        "thread_ts": "1569527784.001900",
        "parent_user_id": "UNQRW3EPN"
    },
    {
        "client_msg_id": "3bdc2531-16f9-484d-b937-95cf3b3545db",
        "type": "message",
        "text": "i think we'll be trying out an elixir stack :slightly_smiling_face:",
        "user": "UNJ95CKPG",
        "ts": "1569533128.005000",
        "team": "TN9LC1S6M",
        "user_team": "TN9LC1S6M",
        "source_team": "TN9LC1S6M",
        "user_profile": {
            "avatar_hash": "3c827ecd0300",
            "image_72": "https:\/\/avatars.slack-edge.com\/2019-09-23\/759234742083_3c827ecd0300e7312f4f_72.png",
            "first_name": "Denny",
            "real_name": "Denny",
            "display_name": "denny",
            "team": "TN9LC1S6M",
            "name": "denny",
            "is_restricted": false,
            "is_ultra_restricted": false
        },
        "thread_ts": "1569527784.001900",
        "parent_user_id": "UNQRW3EPN"
    },
    {
        "client_msg_id": "29f3ee97-22fb-40e1-bd52-be9618255cdd",
        "type": "message",
        "text": "(googling \"elixir stack\")",
        "user": "UNQRW3EPN",
        "ts": "1569533146.005200",
        "team": "TN9LC1S6M",
        "user_team": "TN9LC1S6M",
        "source_team": "TN9LC1S6M",
        "user_profile": {
            "avatar_hash": "g45293e1c21b",
            "image_72": "https:\/\/secure.gravatar.com\/avatar\/45293e1c21bd09727dbc2ac098ab4cc4.jpg?s=72&d=https%3A%2F%2Fa.slack-edge.com%2Fdf10d%2Fimg%2Favatars%2Fava_0002-72.png",
            "first_name": "",
            "real_name": "Jeff Maxim",
            "display_name": "Jeff Maxim",
            "team": "TN9LC1S6M",
            "name": "frey.maxim",
            "is_restricted": false,
            "is_ultra_restricted": false
        },
        "thread_ts": "1569527784.001900",
        "parent_user_id": "UNQRW3EPN"
    },
    {
        "client_msg_id": "4890fd7f-9093-491c-86c1-825ff6ace535",
        "type": "message",
        "text": "yeah check out phoenix! there's some cool stuff: <https:\/\/www.youtube.com\/watch?v=Z2DU0qLfPIY>",
        "user": "UNJ95CKPG",
        "ts": "1569533215.005400",
        "team": "TN9LC1S6M",
        "user_team": "TN9LC1S6M",
        "source_team": "TN9LC1S6M",
        "user_profile": {
            "avatar_hash": "3c827ecd0300",
            "image_72": "https:\/\/avatars.slack-edge.com\/2019-09-23\/759234742083_3c827ecd0300e7312f4f_72.png",
            "first_name": "Denny",
            "real_name": "Denny",
            "display_name": "denny",
            "team": "TN9LC1S6M",
            "name": "denny",
            "is_restricted": false,
            "is_ultra_restricted": false
        },
        "attachments": [
            {
                "service_name": "YouTube",
                "service_url": "https:\/\/www.youtube.com\/",
                "title": "ElixirConf 2018 - Keynote - Chris McCord",
                "title_link": "https:\/\/www.youtube.com\/watch?v=Z2DU0qLfPIY",
                "author_name": "ElixirConf",
                "author_link": "https:\/\/www.youtube.com\/channel\/UC0l2QTnO1P2iph-86HHilMQ",
                "thumb_url": "https:\/\/i.ytimg.com\/vi\/Z2DU0qLfPIY\/hqdefault.jpg",
                "thumb_width": 480,
                "thumb_height": 360,
                "fallback": "YouTube Video: ElixirConf 2018 - Keynote - Chris McCord",
                "video_html": "<iframe width=\"400\" height=\"225\" src=\"https:\/\/www.youtube.com\/embed\/Z2DU0qLfPIY?feature=oembed&autoplay=1&iv_load_policy=3\" frameborder=\"0\" allow=\"accelerometer; autoplay; encrypted-media; gyroscope; picture-in-picture\" allowfullscreen><\/iframe>",
                "video_html_width": 400,
                "video_html_height": 225,
                "from_url": "https:\/\/www.youtube.com\/watch?v=Z2DU0qLfPIY",
                "service_icon": "https:\/\/a.slack-edge.com\/80588\/img\/unfurl_icons\/youtube.png",
                "id": 1,
                "original_url": "https:\/\/www.youtube.com\/watch?v=Z2DU0qLfPIY"
            }
        ],
        "thread_ts": "1569527784.001900",
        "parent_user_id": "UNQRW3EPN"
    },
    {
        "client_msg_id": "6154a8ce-3617-4c2f-aeb0-ca612ffbc264",
        "type": "message",
        "text": "I've missed rails since working in express and flask all the time here",
        "user": "UNQRW3EPN",
        "ts": "1569533274.005700",
        "team": "TN9LC1S6M",
        "user_team": "TN9LC1S6M",
        "source_team": "TN9LC1S6M",
        "user_profile": {
            "avatar_hash": "g45293e1c21b",
            "image_72": "https:\/\/secure.gravatar.com\/avatar\/45293e1c21bd09727dbc2ac098ab4cc4.jpg?s=72&d=https%3A%2F%2Fa.slack-edge.com%2Fdf10d%2Fimg%2Favatars%2Fava_0002-72.png",
            "first_name": "",
            "real_name": "Jeff Maxim",
            "display_name": "Jeff Maxim",
            "team": "TN9LC1S6M",
            "name": "frey.maxim",
            "is_restricted": false,
            "is_ultra_restricted": false
        },
        "thread_ts": "1569527784.001900",
        "parent_user_id": "UNQRW3EPN"
    }
]