[
    {
        "client_msg_id": "97b75ed8-1c00-4263-9c83-d63a8c2f19aa",
        "type": "message",
        "text": "<@UNG35QZFF> Hello! Thanks for inviting me to join. Question -- what do you think of a channel where we gather favorite quotes about science, for potential use on Jelly (like Slack opens with a quote)\/",
        "user": "UPG7XEAUF",
        "ts": "1571165887.009300",
        "team": "TN9LC1S6M",
        "user_team": "TN9LC1S6M",
        "source_team": "TN9LC1S6M",
        "user_profile": {
            "avatar_hash": "g4d5041393a1",
            "image_72": "https:\/\/secure.gravatar.com\/avatar\/4d5041393a1435ba36a1c589f23ea2ae.jpg?s=72&d=https%3A%2F%2Fa.slack-edge.com%2Fdf10d%2Fimg%2Favatars%2Fava_0022-72.png",
            "first_name": "",
            "real_name": "Julia Mossbridge",
            "display_name": "Julia Mossbridge",
            "team": "TN9LC1S6M",
            "name": "jmossbridge",
            "is_restricted": false,
            "is_ultra_restricted": false
        },
        "thread_ts": "1571165887.009300",
        "reply_count": 2,
        "reply_users_count": 1,
        "latest_reply": "1571166047.009700",
        "reply_users": [
            "UNG35QZFF"
        ],
        "replies": [
            {
                "user": "UNG35QZFF",
                "ts": "1571166022.009500"
            },
            {
                "user": "UNG35QZFF",
                "ts": "1571166047.009700"
            }
        ],
        "subscribed": true,
        "last_read": "1571166047.009700"
    },
    {
        "client_msg_id": "837ce325-c82e-4b92-97b8-9d1099420da7",
        "type": "message",
        "text": "love it! want to create a channel and invite me and denny to it?",
        "user": "UNG35QZFF",
        "ts": "1571166022.009500",
        "team": "TN9LC1S6M",
        "user_team": "TN9LC1S6M",
        "source_team": "TN9LC1S6M",
        "user_profile": {
            "avatar_hash": "90c831cac8ba",
            "image_72": "https:\/\/avatars.slack-edge.com\/2019-09-17\/764115434832_90c831cac8ba4f2fc73e_72.jpg",
            "first_name": "Cindy",
            "real_name": "Cindy Wu",
            "display_name": "cindy",
            "team": "TN9LC1S6M",
            "name": "cindy",
            "is_restricted": false,
            "is_ultra_restricted": false
        },
        "thread_ts": "1571165887.009300",
        "parent_user_id": "UPG7XEAUF"
    },
    {
        "client_msg_id": "17129032-3cba-4957-973c-7d66d59c3002",
        "type": "message",
        "text": "i have been gathering lots of these and they will definitely come in handy for us :slightly_smiling_face:",
        "user": "UNG35QZFF",
        "ts": "1571166047.009700",
        "team": "TN9LC1S6M",
        "user_team": "TN9LC1S6M",
        "source_team": "TN9LC1S6M",
        "user_profile": {
            "avatar_hash": "90c831cac8ba",
            "image_72": "https:\/\/avatars.slack-edge.com\/2019-09-17\/764115434832_90c831cac8ba4f2fc73e_72.jpg",
            "first_name": "Cindy",
            "real_name": "Cindy Wu",
            "display_name": "cindy",
            "team": "TN9LC1S6M",
            "name": "cindy",
            "is_restricted": false,
            "is_ultra_restricted": false
        },
        "thread_ts": "1571165887.009300",
        "parent_user_id": "UPG7XEAUF"
    }
]