[
    {
        "user": "UN74A97FV",
        "type": "message",
        "subtype": "channel_join",
        "ts": "1568919848.000200",
        "text": "<@UN74A97FV> has joined the channel"
    },
    {
        "client_msg_id": "5c04c4ad-3f98-44f6-af16-1d1cf54bccab",
        "type": "message",
        "text": ":wave::skin-tone-4: <@UN74A97FV>",
        "user": "UNG35QZFF",
        "ts": "1568919980.000500",
        "team": "TN9LC1S6M",
        "user_team": "TN9LC1S6M",
        "source_team": "TN9LC1S6M",
        "user_profile": {
            "avatar_hash": "90c831cac8ba",
            "image_72": "https:\/\/avatars.slack-edge.com\/2019-09-17\/764115434832_90c831cac8ba4f2fc73e_72.jpg",
            "first_name": "Cindy",
            "real_name": "Cindy Wu",
            "display_name": "cindy",
            "team": "TN9LC1S6M",
            "name": "cindy",
            "is_restricted": false,
            "is_ultra_restricted": false
        }
    },
    {
        "client_msg_id": "fb31eb14-d209-4c9e-a9f3-2d5a7655b0a0",
        "type": "message",
        "text": "velcome to our super super empty slack haha",
        "user": "UNG35QZFF",
        "ts": "1568919990.000700",
        "team": "TN9LC1S6M",
        "user_team": "TN9LC1S6M",
        "source_team": "TN9LC1S6M",
        "user_profile": {
            "avatar_hash": "90c831cac8ba",
            "image_72": "https:\/\/avatars.slack-edge.com\/2019-09-17\/764115434832_90c831cac8ba4f2fc73e_72.jpg",
            "first_name": "Cindy",
            "real_name": "Cindy Wu",
            "display_name": "cindy",
            "team": "TN9LC1S6M",
            "name": "cindy",
            "is_restricted": false,
            "is_ultra_restricted": false
        },
        "reactions": [
            {
                "name": "fire",
                "users": [
                    "UN74A97FV"
                ],
                "count": 1
            }
        ]
    },
    {
        "client_msg_id": "61e98605-60fb-4abb-a817-1e9125ad94be",
        "type": "message",
        "text": "Not sure how I feel about the icon being flan",
        "user": "UN74A97FV",
        "ts": "1568920172.001200",
        "team": "TN9LC1S6M",
        "user_team": "TN9LC1S6M",
        "source_team": "TN9LC1S6M",
        "user_profile": {
            "avatar_hash": "gece0186c6ef",
            "image_72": "https:\/\/secure.gravatar.com\/avatar\/ece0186c6ef6197201c058eb16af0684.jpg?s=72&d=https%3A%2F%2Fa.slack-edge.com%2Fdf10d%2Fimg%2Favatars%2Fava_0015-72.png",
            "first_name": "Skander",
            "real_name": "Skander",
            "display_name": "skander",
            "team": "TN9LC1S6M",
            "name": "skanderm",
            "is_restricted": false,
            "is_ultra_restricted": false
        }
    },
    {
        "client_msg_id": "a3fba86b-28c0-45a9-bd82-ecbedc022c0e",
        "type": "message",
        "text": "lol",
        "user": "UNG35QZFF",
        "ts": "1568920196.001400",
        "team": "TN9LC1S6M",
        "user_team": "TN9LC1S6M",
        "source_team": "TN9LC1S6M",
        "user_profile": {
            "avatar_hash": "90c831cac8ba",
            "image_72": "https:\/\/avatars.slack-edge.com\/2019-09-17\/764115434832_90c831cac8ba4f2fc73e_72.jpg",
            "first_name": "Cindy",
            "real_name": "Cindy Wu",
            "display_name": "cindy",
            "team": "TN9LC1S6M",
            "name": "cindy",
            "is_restricted": false,
            "is_ultra_restricted": false
        }
    },
    {
        "client_msg_id": "dca9ee2e-f3ec-413c-92d3-c7871c39feee",
        "type": "message",
        "text": "need to make a jelly icon or change the color of the flan :laughing:",
        "user": "UNG35QZFF",
        "ts": "1568920221.001800",
        "team": "TN9LC1S6M",
        "user_team": "TN9LC1S6M",
        "source_team": "TN9LC1S6M",
        "user_profile": {
            "avatar_hash": "90c831cac8ba",
            "image_72": "https:\/\/avatars.slack-edge.com\/2019-09-17\/764115434832_90c831cac8ba4f2fc73e_72.jpg",
            "first_name": "Cindy",
            "real_name": "Cindy Wu",
            "display_name": "cindy",
            "team": "TN9LC1S6M",
            "name": "cindy",
            "is_restricted": false,
            "is_ultra_restricted": false
        }
    },
    {
        "client_msg_id": "b5c4b092-8a8f-4cc9-8d3f-decb5950770a",
        "type": "message",
        "text": "I guess funnily I think of the jellyfish icon from that one app",
        "user": "UN74A97FV",
        "ts": "1568920235.002100",
        "team": "TN9LC1S6M",
        "user_team": "TN9LC1S6M",
        "source_team": "TN9LC1S6M",
        "user_profile": {
            "avatar_hash": "gece0186c6ef",
            "image_72": "https:\/\/secure.gravatar.com\/avatar\/ece0186c6ef6197201c058eb16af0684.jpg?s=72&d=https%3A%2F%2Fa.slack-edge.com%2Fdf10d%2Fimg%2Favatars%2Fava_0015-72.png",
            "first_name": "Skander",
            "real_name": "Skander",
            "display_name": "skander",
            "team": "TN9LC1S6M",
            "name": "skanderm",
            "is_restricted": false,
            "is_ultra_restricted": false
        }
    },
    {
        "type": "message",
        "text": "",
        "files": [
            {
                "id": "FNLQJKN1L",
                "created": 1568920258,
                "timestamp": 1568920258,
                "name": "image.png",
                "title": "image.png",
                "mimetype": "image\/png",
                "filetype": "png",
                "pretty_type": "PNG",
                "user": "UN74A97FV",
                "editable": false,
                "size": 45800,
                "mode": "hosted",
                "is_external": false,
                "external_type": "",
                "is_public": true,
                "public_url_shared": false,
                "display_as_bot": false,
                "username": "",
                "url_private": "https:\/\/files.slack.com\/files-pri\/TN9LC1S6M-FNLQJKN1L\/image.png?t=xoxe-757692060225-808518148580-808990851829-cb70f89030c5a979dfbdab397746fcee",
                "url_private_download": "https:\/\/files.slack.com\/files-pri\/TN9LC1S6M-FNLQJKN1L\/download\/image.png?t=xoxe-757692060225-808518148580-808990851829-cb70f89030c5a979dfbdab397746fcee",
                "thumb_64": "https:\/\/files.slack.com\/files-tmb\/TN9LC1S6M-FNLQJKN1L-edc58a320d\/image_64.png?t=xoxe-757692060225-808518148580-808990851829-cb70f89030c5a979dfbdab397746fcee",
                "thumb_80": "https:\/\/files.slack.com\/files-tmb\/TN9LC1S6M-FNLQJKN1L-edc58a320d\/image_80.png?t=xoxe-757692060225-808518148580-808990851829-cb70f89030c5a979dfbdab397746fcee",
                "thumb_360": "https:\/\/files.slack.com\/files-tmb\/TN9LC1S6M-FNLQJKN1L-edc58a320d\/image_360.png?t=xoxe-757692060225-808518148580-808990851829-cb70f89030c5a979dfbdab397746fcee",
                "thumb_360_w": 158,
                "thumb_360_h": 162,
                "thumb_160": "https:\/\/files.slack.com\/files-tmb\/TN9LC1S6M-FNLQJKN1L-edc58a320d\/image_160.png?t=xoxe-757692060225-808518148580-808990851829-cb70f89030c5a979dfbdab397746fcee",
                "image_exif_rotation": 1,
                "original_w": 158,
                "original_h": 162,
                "permalink": "https:\/\/jelly-community.slack.com\/files\/UN74A97FV\/FNLQJKN1L\/image.png",
                "permalink_public": "https:\/\/slack-files.com\/TN9LC1S6M-FNLQJKN1L-cb24323ba1",
                "is_starred": false,
                "has_rich_preview": false
            }
        ],
        "upload": true,
        "user": "UN74A97FV",
        "display_as_bot": false,
        "ts": "1568920259.002300",
        "client_msg_id": "2a839fd4-124c-467e-a94b-3bc1e845e69c",
        "thread_ts": "1568920259.002300",
        "reply_count": 2,
        "reply_users_count": 2,
        "latest_reply": "1568920341.003600",
        "reply_users": [
            "UN74A97FV",
            "UNG35QZFF"
        ],
        "replies": [
            {
                "user": "UN74A97FV",
                "ts": "1568920300.003000"
            },
            {
                "user": "UNG35QZFF",
                "ts": "1568920341.003600"
            }
        ],
        "subscribed": true,
        "last_read": "1568920341.003600"
    },
    {
        "client_msg_id": "387849ba-fed6-401f-aedd-7a62a402a0a3",
        "type": "message",
        "text": "never mind on this one, it’s the icon of a youtube channel :stuck_out_tongue:",
        "user": "UN74A97FV",
        "ts": "1568920300.003000",
        "team": "TN9LC1S6M",
        "user_team": "TN9LC1S6M",
        "source_team": "TN9LC1S6M",
        "user_profile": {
            "avatar_hash": "gece0186c6ef",
            "image_72": "https:\/\/secure.gravatar.com\/avatar\/ece0186c6ef6197201c058eb16af0684.jpg?s=72&d=https%3A%2F%2Fa.slack-edge.com%2Fdf10d%2Fimg%2Favatars%2Fava_0015-72.png",
            "first_name": "Skander",
            "real_name": "Skander",
            "display_name": "skander",
            "team": "TN9LC1S6M",
            "name": "skanderm",
            "is_restricted": false,
            "is_ultra_restricted": false
        },
        "thread_ts": "1568920259.002300",
        "parent_user_id": "UN74A97FV"
    },
    {
        "type": "message",
        "text": "this one?",
        "files": [
            {
                "id": "FNJJJ926L",
                "created": 1568920306,
                "timestamp": 1568920306,
                "name": "1_5uHkvFSDpclsdhSq8H-Lxg.png",
                "title": "1_5uHkvFSDpclsdhSq8H-Lxg.png",
                "mimetype": "image\/png",
                "filetype": "png",
                "pretty_type": "PNG",
                "user": "UNG35QZFF",
                "editable": false,
                "size": 22971,
                "mode": "hosted",
                "is_external": false,
                "external_type": "",
                "is_public": true,
                "public_url_shared": false,
                "display_as_bot": false,
                "username": "",
                "url_private": "https:\/\/files.slack.com\/files-pri\/TN9LC1S6M-FNJJJ926L\/1_5uhkvfsdpclsdhsq8h-lxg.png?t=xoxe-757692060225-808518148580-808990851829-cb70f89030c5a979dfbdab397746fcee",
                "url_private_download": "https:\/\/files.slack.com\/files-pri\/TN9LC1S6M-FNJJJ926L\/download\/1_5uhkvfsdpclsdhsq8h-lxg.png?t=xoxe-757692060225-808518148580-808990851829-cb70f89030c5a979dfbdab397746fcee",
                "thumb_64": "https:\/\/files.slack.com\/files-tmb\/TN9LC1S6M-FNJJJ926L-ef88500e85\/1_5uhkvfsdpclsdhsq8h-lxg_64.png?t=xoxe-757692060225-808518148580-808990851829-cb70f89030c5a979dfbdab397746fcee",
                "thumb_80": "https:\/\/files.slack.com\/files-tmb\/TN9LC1S6M-FNJJJ926L-ef88500e85\/1_5uhkvfsdpclsdhsq8h-lxg_80.png?t=xoxe-757692060225-808518148580-808990851829-cb70f89030c5a979dfbdab397746fcee",
                "thumb_360": "https:\/\/files.slack.com\/files-tmb\/TN9LC1S6M-FNJJJ926L-ef88500e85\/1_5uhkvfsdpclsdhsq8h-lxg_360.png?t=xoxe-757692060225-808518148580-808990851829-cb70f89030c5a979dfbdab397746fcee",
                "thumb_360_w": 360,
                "thumb_360_h": 360,
                "thumb_480": "https:\/\/files.slack.com\/files-tmb\/TN9LC1S6M-FNJJJ926L-ef88500e85\/1_5uhkvfsdpclsdhsq8h-lxg_480.png?t=xoxe-757692060225-808518148580-808990851829-cb70f89030c5a979dfbdab397746fcee",
                "thumb_480_w": 480,
                "thumb_480_h": 480,
                "thumb_160": "https:\/\/files.slack.com\/files-tmb\/TN9LC1S6M-FNJJJ926L-ef88500e85\/1_5uhkvfsdpclsdhsq8h-lxg_160.png?t=xoxe-757692060225-808518148580-808990851829-cb70f89030c5a979dfbdab397746fcee",
                "thumb_720": "https:\/\/files.slack.com\/files-tmb\/TN9LC1S6M-FNJJJ926L-ef88500e85\/1_5uhkvfsdpclsdhsq8h-lxg_720.png?t=xoxe-757692060225-808518148580-808990851829-cb70f89030c5a979dfbdab397746fcee",
                "thumb_720_w": 720,
                "thumb_720_h": 720,
                "thumb_800": "https:\/\/files.slack.com\/files-tmb\/TN9LC1S6M-FNJJJ926L-ef88500e85\/1_5uhkvfsdpclsdhsq8h-lxg_800.png?t=xoxe-757692060225-808518148580-808990851829-cb70f89030c5a979dfbdab397746fcee",
                "thumb_800_w": 800,
                "thumb_800_h": 800,
                "thumb_960": "https:\/\/files.slack.com\/files-tmb\/TN9LC1S6M-FNJJJ926L-ef88500e85\/1_5uhkvfsdpclsdhsq8h-lxg_960.png?t=xoxe-757692060225-808518148580-808990851829-cb70f89030c5a979dfbdab397746fcee",
                "thumb_960_w": 960,
                "thumb_960_h": 960,
                "image_exif_rotation": 1,
                "original_w": 1024,
                "original_h": 1024,
                "permalink": "https:\/\/jelly-community.slack.com\/files\/UNG35QZFF\/FNJJJ926L\/1_5uhkvfsdpclsdhsq8h-lxg.png",
                "permalink_public": "https:\/\/slack-files.com\/TN9LC1S6M-FNJJJ926L-f63e0b3c5d",
                "is_starred": false,
                "has_rich_preview": false
            }
        ],
        "upload": true,
        "user": "UNG35QZFF",
        "display_as_bot": false,
        "ts": "1568920309.003200",
        "client_msg_id": "52411f34-ea06-4a86-be9b-7151d531b0d7",
        "reactions": [
            {
                "name": "octopus",
                "users": [
                    "UN74A97FV"
                ],
                "count": 1
            }
        ]
    },
    {
        "client_msg_id": "b3edeee0-3d4e-47c2-b54a-190c1b6eac48",
        "type": "message",
        "text": "this guy! <https:\/\/www.jellystore.com\/>",
        "user": "UNG35QZFF",
        "ts": "1568920341.003600",
        "team": "TN9LC1S6M",
        "user_team": "TN9LC1S6M",
        "source_team": "TN9LC1S6M",
        "user_profile": {
            "avatar_hash": "90c831cac8ba",
            "image_72": "https:\/\/avatars.slack-edge.com\/2019-09-17\/764115434832_90c831cac8ba4f2fc73e_72.jpg",
            "first_name": "Cindy",
            "real_name": "Cindy Wu",
            "display_name": "cindy",
            "team": "TN9LC1S6M",
            "name": "cindy",
            "is_restricted": false,
            "is_ultra_restricted": false
        },
        "attachments": [
            {
                "title": "Jelly Store BV",
                "title_link": "https:\/\/www.jellystore.com\/",
                "text": "Jelly Store BV",
                "fallback": "Jelly Store BV",
                "from_url": "https:\/\/www.jellystore.com\/",
                "service_icon": "http:\/\/cdn.shopify.com\/s\/files\/1\/0636\/4053\/files\/favicon_609391ce-7133-43d9-8ae9-59419903d42f_32x32.png?v=1487531088",
                "service_name": "jellystore.com",
                "id": 1,
                "original_url": "https:\/\/www.jellystore.com\/"
            }
        ],
        "thread_ts": "1568920259.002300",
        "parent_user_id": "UN74A97FV"
    },
    {
        "client_msg_id": "723085a7-c643-4ab2-80dd-29ca71524235",
        "type": "message",
        "text": "hello",
        "user": "UN4JSK003",
        "ts": "1568941230.004000",
        "team": "TN9LC1S6M",
        "user_team": "TN9LC1S6M",
        "source_team": "TN9LC1S6M",
        "user_profile": {
            "avatar_hash": "59d6fc6540ac",
            "image_72": "https:\/\/avatars.slack-edge.com\/2019-09-19\/754186684418_59d6fc6540aca4bd36fd_72.png",
            "first_name": "denny",
            "real_name": "denny luan",
            "display_name": "denny",
            "team": "TN9LC1S6M",
            "name": "dennyluan",
            "is_restricted": false,
            "is_ultra_restricted": false
        },
        "reactions": [
            {
                "name": "wave",
                "users": [
                    "UN74A97FV"
                ],
                "count": 1
            }
        ]
    }
]