[
    {
        "user": "UNK56SRFD",
        "type": "message",
        "subtype": "channel_join",
        "ts": "1569875404.002700",
        "text": "<@UNK56SRFD> has joined the channel",
        "reactions": [
            {
                "name": "tada",
                "users": [
                    "UNG35QZFF"
                ],
                "count": 1
            },
            {
                "name": "jelly",
                "users": [
                    "UN74A97FV"
                ],
                "count": 1
            }
        ]
    },
    {
        "client_msg_id": "D0A131AF-E1CD-46B2-A5DA-F54324A0081D",
        "type": "message",
        "text": "<@UNG35QZFF> Just joined, and glad to be here! I wonder if certification could be done in a more affordable manner than even CITI Program charges, and how the program itself got approval from the IRB. Maybe we could reach out and ask?\n<https:\/\/about.citiprogram.org\/en\/mission-and-history\/>",
        "user": "UNGJ0B58A",
        "ts": "1569891327.006500",
        "team": "TN9LC1S6M",
        "user_team": "TN9LC1S6M",
        "source_team": "TN9LC1S6M",
        "user_profile": {
            "avatar_hash": "gd79a051004a",
            "image_72": "https:\/\/secure.gravatar.com\/avatar\/d79a051004a0f820279844cd5842d60a.jpg?s=72&d=https%3A%2F%2Fa.slack-edge.com%2Fdf10d%2Fimg%2Favatars%2Fava_0013-72.png",
            "first_name": "",
            "real_name": "Emma-Victoria Banos",
            "display_name": "",
            "team": "TN9LC1S6M",
            "name": "tungstenpeonies",
            "is_restricted": false,
            "is_ultra_restricted": false
        },
        "thread_ts": "1569801223.001900",
        "parent_user_id": "UNG35QZFF",
        "reactions": [
            {
                "name": "wave",
                "users": [
                    "UNG35QZFF"
                ],
                "count": 1
            }
        ]
    },
    {
        "client_msg_id": "1c01de3a-480e-42ed-aab7-cb02f69a63cf",
        "type": "message",
        "text": "<@UNK56SRFD> and friends are working on some cool stuff at <https:\/\/www.biosummit.org\/> DIY biology has come a long way in the last decade",
        "user": "UNG35QZFF",
        "ts": "1569892784.007800",
        "team": "TN9LC1S6M",
        "user_team": "TN9LC1S6M",
        "source_team": "TN9LC1S6M",
        "user_profile": {
            "avatar_hash": "90c831cac8ba",
            "image_72": "https:\/\/avatars.slack-edge.com\/2019-09-17\/764115434832_90c831cac8ba4f2fc73e_72.jpg",
            "first_name": "Cindy",
            "real_name": "Cindy Wu",
            "display_name": "cindy",
            "team": "TN9LC1S6M",
            "name": "cindy",
            "is_restricted": false,
            "is_ultra_restricted": false
        }
    },
    {
        "user": "UNJ63Q3C2",
        "type": "message",
        "subtype": "channel_join",
        "ts": "1569899956.008000",
        "text": "<@UNJ63Q3C2> has joined the channel"
    },
    {
        "client_msg_id": "a0cb669c-0dbf-4aac-b945-ebe8673712cd",
        "type": "message",
        "text": "one of the challenges with slack is that these kinds of conversations can get buried as new content comes into this channel. some thing on my mind is ways that we can preserve these conversations and take action where there is community interest. :thinking_face:",
        "user": "UNG35QZFF",
        "ts": "1569900385.008100",
        "team": "TN9LC1S6M",
        "user_team": "TN9LC1S6M",
        "source_team": "TN9LC1S6M",
        "user_profile": {
            "avatar_hash": "90c831cac8ba",
            "image_72": "https:\/\/avatars.slack-edge.com\/2019-09-17\/764115434832_90c831cac8ba4f2fc73e_72.jpg",
            "first_name": "Cindy",
            "real_name": "Cindy Wu",
            "display_name": "cindy",
            "team": "TN9LC1S6M",
            "name": "cindy",
            "is_restricted": false,
            "is_ultra_restricted": false
        },
        "thread_ts": "1569801223.001900",
        "parent_user_id": "UNG35QZFF"
    },
    {
        "user": "UNWG10HRA",
        "type": "message",
        "subtype": "channel_join",
        "ts": "1569902755.008400",
        "text": "<@UNWG10HRA> has joined the channel"
    },
    {
        "type": "message",
        "text": "alright i fixed it so that new members aren’t sent to <#CNJ9570MC|honolulu-science-hack> instead they are sent to <#CNNGS9C00|introduce-yourself> and <#CN4JHB1C3|random> cc: <@UNJ95CKPG>",
        "files": [
            {
                "id": "FNJ84NRR8",
                "created": 1569907537,
                "timestamp": 1569907537,
                "name": "image.png",
                "title": "image.png",
                "mimetype": "image\/png",
                "filetype": "png",
                "pretty_type": "PNG",
                "user": "UNG35QZFF",
                "editable": false,
                "size": 25082,
                "mode": "hosted",
                "is_external": false,
                "external_type": "",
                "is_public": true,
                "public_url_shared": false,
                "display_as_bot": false,
                "username": "",
                "url_private": "https:\/\/files.slack.com\/files-pri\/TN9LC1S6M-FNJ84NRR8\/image.png?t=xoxe-757692060225-808518148580-808990851829-cb70f89030c5a979dfbdab397746fcee",
                "url_private_download": "https:\/\/files.slack.com\/files-pri\/TN9LC1S6M-FNJ84NRR8\/download\/image.png?t=xoxe-757692060225-808518148580-808990851829-cb70f89030c5a979dfbdab397746fcee",
                "thumb_64": "https:\/\/files.slack.com\/files-tmb\/TN9LC1S6M-FNJ84NRR8-775c4d83f3\/image_64.png?t=xoxe-757692060225-808518148580-808990851829-cb70f89030c5a979dfbdab397746fcee",
                "thumb_80": "https:\/\/files.slack.com\/files-tmb\/TN9LC1S6M-FNJ84NRR8-775c4d83f3\/image_80.png?t=xoxe-757692060225-808518148580-808990851829-cb70f89030c5a979dfbdab397746fcee",
                "thumb_360": "https:\/\/files.slack.com\/files-tmb\/TN9LC1S6M-FNJ84NRR8-775c4d83f3\/image_360.png?t=xoxe-757692060225-808518148580-808990851829-cb70f89030c5a979dfbdab397746fcee",
                "thumb_360_w": 360,
                "thumb_360_h": 86,
                "thumb_480": "https:\/\/files.slack.com\/files-tmb\/TN9LC1S6M-FNJ84NRR8-775c4d83f3\/image_480.png?t=xoxe-757692060225-808518148580-808990851829-cb70f89030c5a979dfbdab397746fcee",
                "thumb_480_w": 480,
                "thumb_480_h": 114,
                "thumb_160": "https:\/\/files.slack.com\/files-tmb\/TN9LC1S6M-FNJ84NRR8-775c4d83f3\/image_160.png?t=xoxe-757692060225-808518148580-808990851829-cb70f89030c5a979dfbdab397746fcee",
                "thumb_720": "https:\/\/files.slack.com\/files-tmb\/TN9LC1S6M-FNJ84NRR8-775c4d83f3\/image_720.png?t=xoxe-757692060225-808518148580-808990851829-cb70f89030c5a979dfbdab397746fcee",
                "thumb_720_w": 720,
                "thumb_720_h": 172,
                "thumb_800": "https:\/\/files.slack.com\/files-tmb\/TN9LC1S6M-FNJ84NRR8-775c4d83f3\/image_800.png?t=xoxe-757692060225-808518148580-808990851829-cb70f89030c5a979dfbdab397746fcee",
                "thumb_800_w": 800,
                "thumb_800_h": 191,
                "thumb_960": "https:\/\/files.slack.com\/files-tmb\/TN9LC1S6M-FNJ84NRR8-775c4d83f3\/image_960.png?t=xoxe-757692060225-808518148580-808990851829-cb70f89030c5a979dfbdab397746fcee",
                "thumb_960_w": 960,
                "thumb_960_h": 229,
                "image_exif_rotation": 1,
                "original_w": 994,
                "original_h": 237,
                "permalink": "https:\/\/jelly-community.slack.com\/files\/UNG35QZFF\/FNJ84NRR8\/image.png",
                "permalink_public": "https:\/\/slack-files.com\/TN9LC1S6M-FNJ84NRR8-4a5980675d",
                "is_starred": false,
                "has_rich_preview": false
            }
        ],
        "upload": true,
        "user": "UNG35QZFF",
        "display_as_bot": false,
        "ts": "1569907539.008900",
        "client_msg_id": "a58b7bb5-dd21-4024-9db2-e794c6ba69ad"
    }
]