[
    {
        "client_msg_id": "eb860d89-3263-4e42-85f8-23e113a724b2",
        "type": "message",
        "text": "<@UNG35QZFF> hi hi !\njust joined in because I'm at Biosummit 3.0 and Patrik D'haeseleer is organizing a working group to create a better \"community publishing and resources platform\". Thought it aligns in ways to what Jelly wants to do. Let me know if you're interested in connecting with him.",
        "user": "UP04AQMQS",
        "ts": "1571080516.006800",
        "team": "TN9LC1S6M",
        "user_team": "TN9LC1S6M",
        "source_team": "TN9LC1S6M",
        "user_profile": {
            "avatar_hash": "965e83079392",
            "image_72": "https:\/\/avatars.slack-edge.com\/2019-10-14\/795316209077_965e830793923593272c_72.jpg",
            "first_name": "Yoshi",
            "real_name": "Yoshi Goto",
            "display_name": "Yoshi Goto",
            "team": "TN9LC1S6M",
            "name": "yoshi",
            "is_restricted": false,
            "is_ultra_restricted": false
        },
        "thread_ts": "1571080516.006800",
        "reply_count": 5,
        "reply_users_count": 2,
        "latest_reply": "1571107948.008300",
        "reply_users": [
            "UNG35QZFF",
            "UP04AQMQS"
        ],
        "replies": [
            {
                "user": "UNG35QZFF",
                "ts": "1571090233.007100"
            },
            {
                "user": "UNG35QZFF",
                "ts": "1571090292.007300"
            },
            {
                "user": "UNG35QZFF",
                "ts": "1571090351.007500"
            },
            {
                "user": "UP04AQMQS",
                "ts": "1571107756.008000"
            },
            {
                "user": "UNG35QZFF",
                "ts": "1571107948.008300"
            }
        ],
        "subscribed": true,
        "last_read": "1571107948.008300"
    },
    {
        "client_msg_id": "f915c64e-c37a-4075-9fc4-75d6c6e895f0",
        "type": "message",
        "text": "yayaya! excited to have you here!",
        "user": "UNG35QZFF",
        "ts": "1571090233.007100",
        "team": "TN9LC1S6M",
        "user_team": "TN9LC1S6M",
        "source_team": "TN9LC1S6M",
        "user_profile": {
            "avatar_hash": "90c831cac8ba",
            "image_72": "https:\/\/avatars.slack-edge.com\/2019-09-17\/764115434832_90c831cac8ba4f2fc73e_72.jpg",
            "first_name": "Cindy",
            "real_name": "Cindy Wu",
            "display_name": "cindy",
            "team": "TN9LC1S6M",
            "name": "cindy",
            "is_restricted": false,
            "is_ultra_restricted": false
        },
        "thread_ts": "1571080516.006800",
        "parent_user_id": "UP04AQMQS"
    },
    {
        "client_msg_id": "eca35c4e-5831-4948-9fa7-0ab1af29d364",
        "type": "message",
        "text": "i thought of you the other day… curious how much you guys use benchling for the soundbio igem team.",
        "user": "UNG35QZFF",
        "ts": "1571090292.007300",
        "team": "TN9LC1S6M",
        "user_team": "TN9LC1S6M",
        "source_team": "TN9LC1S6M",
        "user_profile": {
            "avatar_hash": "90c831cac8ba",
            "image_72": "https:\/\/avatars.slack-edge.com\/2019-09-17\/764115434832_90c831cac8ba4f2fc73e_72.jpg",
            "first_name": "Cindy",
            "real_name": "Cindy Wu",
            "display_name": "cindy",
            "team": "TN9LC1S6M",
            "name": "cindy",
            "is_restricted": false,
            "is_ultra_restricted": false
        },
        "thread_ts": "1571080516.006800",
        "parent_user_id": "UP04AQMQS"
    },
    {
        "client_msg_id": "8938a5be-25ca-45f5-be01-3969e601d05d",
        "type": "message",
        "text": "we worked with patrik on open insulin! <https:\/\/experiment.com\/projects\/open-insulin> yes i would love to be reconnected with patrik! my email is <mailto:cindy@jellypbc.com|cindy@jellypbc.com>",
        "user": "UNG35QZFF",
        "ts": "1571090351.007500",
        "team": "TN9LC1S6M",
        "user_team": "TN9LC1S6M",
        "source_team": "TN9LC1S6M",
        "user_profile": {
            "avatar_hash": "90c831cac8ba",
            "image_72": "https:\/\/avatars.slack-edge.com\/2019-09-17\/764115434832_90c831cac8ba4f2fc73e_72.jpg",
            "first_name": "Cindy",
            "real_name": "Cindy Wu",
            "display_name": "cindy",
            "team": "TN9LC1S6M",
            "name": "cindy",
            "is_restricted": false,
            "is_ultra_restricted": false
        },
        "attachments": [
            {
                "service_name": "Experiment - Moving Science Forward",
                "title": "Open Insulin",
                "title_link": "https:\/\/experiment.com\/projects\/open-insulin",
                "text": "A team of biohackers is developing the first open source protocol to produce insulin simply and economically. Our work may serve as a basis for generic production of this life-saving drug and provide a firmer foundation for continued research into improved versions of insulin.See also:New York...",
                "fallback": "Experiment - Moving Science Forward: Open Insulin",
                "image_url": "https:\/\/dgsqcxi9lxx8v.cloudfront.net\/30273\/12491_2050_640x360_nucleus.png",
                "image_width": 444,
                "image_height": 250,
                "from_url": "https:\/\/experiment.com\/projects\/open-insulin",
                "image_bytes": 415005,
                "service_icon": "https:\/\/experiment.com\/favicon.ico",
                "id": 1,
                "original_url": "https:\/\/experiment.com\/projects\/open-insulin"
            }
        ],
        "thread_ts": "1571080516.006800",
        "parent_user_id": "UP04AQMQS",
        "reactions": [
            {
                "name": "+1",
                "users": [
                    "UP04AQMQS"
                ],
                "count": 1
            }
        ]
    },
    {
        "client_msg_id": "39d92f86-a50b-4d1f-8d45-31b9d0560ef1",
        "type": "message",
        "text": "Great!!! Will do sometime in the next few days... catching up with everything after the biosummit. :slightly_smiling_face:",
        "user": "UP04AQMQS",
        "ts": "1571107756.008000",
        "team": "TN9LC1S6M",
        "user_team": "TN9LC1S6M",
        "source_team": "TN9LC1S6M",
        "user_profile": {
            "avatar_hash": "965e83079392",
            "image_72": "https:\/\/avatars.slack-edge.com\/2019-10-14\/795316209077_965e830793923593272c_72.jpg",
            "first_name": "Yoshi",
            "real_name": "Yoshi Goto",
            "display_name": "Yoshi Goto",
            "team": "TN9LC1S6M",
            "name": "yoshi",
            "is_restricted": false,
            "is_ultra_restricted": false
        },
        "thread_ts": "1571080516.006800",
        "parent_user_id": "UP04AQMQS"
    },
    {
        "client_msg_id": "7bc0e818-4661-4cab-84e2-2f1d6e343243",
        "type": "message",
        "text": "thank ya! thanks for thinking of us. :pray::skin-tone-3:",
        "user": "UNG35QZFF",
        "ts": "1571107948.008300",
        "team": "TN9LC1S6M",
        "user_team": "TN9LC1S6M",
        "source_team": "TN9LC1S6M",
        "user_profile": {
            "avatar_hash": "90c831cac8ba",
            "image_72": "https:\/\/avatars.slack-edge.com\/2019-09-17\/764115434832_90c831cac8ba4f2fc73e_72.jpg",
            "first_name": "Cindy",
            "real_name": "Cindy Wu",
            "display_name": "cindy",
            "team": "TN9LC1S6M",
            "name": "cindy",
            "is_restricted": false,
            "is_ultra_restricted": false
        },
        "thread_ts": "1571080516.006800",
        "parent_user_id": "UP04AQMQS"
    }
]