[
    {
        "client_msg_id": "3738d623-bd0b-48a6-b96c-87a21f45ef47",
        "type": "message",
        "text": "<@UP6MCAL2U> that's what I was going to say! <@UNG35QZFF> there's <https:\/\/distill.pub>",
        "user": "UN74A97FV",
        "ts": "1571319648.015500",
        "team": "TN9LC1S6M",
        "user_team": "TN9LC1S6M",
        "source_team": "TN9LC1S6M",
        "user_profile": {
            "avatar_hash": "gece0186c6ef",
            "image_72": "https:\/\/secure.gravatar.com\/avatar\/ece0186c6ef6197201c058eb16af0684.jpg?s=72&d=https%3A%2F%2Fa.slack-edge.com%2Fdf10d%2Fimg%2Favatars%2Fava_0015-72.png",
            "first_name": "Skander",
            "real_name": "Skander",
            "display_name": "skander",
            "team": "TN9LC1S6M",
            "name": "skanderm",
            "is_restricted": false,
            "is_ultra_restricted": false
        },
        "edited": {
            "user": "UN74A97FV",
            "ts": "1571319651.000000"
        },
        "thread_ts": "1571261341.012700",
        "parent_user_id": "UNG35QZFF",
        "reactions": [
            {
                "name": "heart",
                "users": [
                    "UP6MCAL2U"
                ],
                "count": 1
            },
            {
                "name": "100",
                "users": [
                    "UP6MCAL2U"
                ],
                "count": 1
            },
            {
                "name": "eyes",
                "users": [
                    "UNG35QZFF"
                ],
                "count": 1
            }
        ]
    },
    {
        "client_msg_id": "576a0430-e3b5-472a-b3d5-55d58ca85f28",
        "type": "message",
        "text": "ex. <https:\/\/distill.pub\/2019\/visual-exploration-gaussian-processes\/>",
        "user": "UN74A97FV",
        "ts": "1571319731.015900",
        "team": "TN9LC1S6M",
        "user_team": "TN9LC1S6M",
        "source_team": "TN9LC1S6M",
        "user_profile": {
            "avatar_hash": "gece0186c6ef",
            "image_72": "https:\/\/secure.gravatar.com\/avatar\/ece0186c6ef6197201c058eb16af0684.jpg?s=72&d=https%3A%2F%2Fa.slack-edge.com%2Fdf10d%2Fimg%2Favatars%2Fava_0015-72.png",
            "first_name": "Skander",
            "real_name": "Skander",
            "display_name": "skander",
            "team": "TN9LC1S6M",
            "name": "skanderm",
            "is_restricted": false,
            "is_ultra_restricted": false
        },
        "edited": {
            "user": "UN74A97FV",
            "ts": "1571319812.000000"
        },
        "thread_ts": "1571261341.012700",
        "parent_user_id": "UNG35QZFF",
        "reactions": [
            {
                "name": "eyes",
                "users": [
                    "UNG35QZFF"
                ],
                "count": 1
            }
        ]
    },
    {
        "client_msg_id": "66e9582c-6f12-42c0-ac2a-4e9b60f18f73",
        "type": "message",
        "text": "Or <https:\/\/ncase.me\/ballot\/> (and other projects by the same person) built with <https:\/\/www.red-lang.org\/>",
        "user": "UN74A97FV",
        "ts": "1571319834.016300",
        "team": "TN9LC1S6M",
        "user_team": "TN9LC1S6M",
        "source_team": "TN9LC1S6M",
        "user_profile": {
            "avatar_hash": "gece0186c6ef",
            "image_72": "https:\/\/secure.gravatar.com\/avatar\/ece0186c6ef6197201c058eb16af0684.jpg?s=72&d=https%3A%2F%2Fa.slack-edge.com%2Fdf10d%2Fimg%2Favatars%2Fava_0015-72.png",
            "first_name": "Skander",
            "real_name": "Skander",
            "display_name": "skander",
            "team": "TN9LC1S6M",
            "name": "skanderm",
            "is_restricted": false,
            "is_ultra_restricted": false
        },
        "edited": {
            "user": "UN74A97FV",
            "ts": "1571319838.000000"
        },
        "attachments": [
            {
                "title": "To Build a Better Ballot",
                "title_link": "https:\/\/ncase.me\/ballot\/",
                "text": "an interactive guide to alternative voting systems",
                "fallback": "To Build a Better Ballot",
                "image_url": "http:\/\/ncase.me\/ballot\/social\/thumbnail.png",
                "from_url": "https:\/\/ncase.me\/ballot\/",
                "image_width": 500,
                "image_height": 250,
                "image_bytes": 65358,
                "service_icon": "https:\/\/ncase.me\/favicon.png",
                "service_name": "ncase.me",
                "id": 1,
                "original_url": "https:\/\/ncase.me\/ballot\/"
            }
        ],
        "thread_ts": "1571261341.012700",
        "parent_user_id": "UNG35QZFF",
        "reactions": [
            {
                "name": "eyes",
                "users": [
                    "UNG35QZFF"
                ],
                "count": 1
            }
        ]
    },
    {
        "client_msg_id": "9082c0fb-b152-4bec-9416-a1dce2fbd793",
        "type": "message",
        "text": "and finally - <https:\/\/www.reddit.com\/r\/explorables\/>",
        "user": "UN74A97FV",
        "ts": "1571319861.016700",
        "team": "TN9LC1S6M",
        "user_team": "TN9LC1S6M",
        "source_team": "TN9LC1S6M",
        "user_profile": {
            "avatar_hash": "gece0186c6ef",
            "image_72": "https:\/\/secure.gravatar.com\/avatar\/ece0186c6ef6197201c058eb16af0684.jpg?s=72&d=https%3A%2F%2Fa.slack-edge.com%2Fdf10d%2Fimg%2Favatars%2Fava_0015-72.png",
            "first_name": "Skander",
            "real_name": "Skander",
            "display_name": "skander",
            "team": "TN9LC1S6M",
            "name": "skanderm",
            "is_restricted": false,
            "is_ultra_restricted": false
        },
        "attachments": [
            {
                "service_name": "reddit",
                "title": "Explorables • r\/explorables",
                "title_link": "https:\/\/www.reddit.com\/r\/explorables\/",
                "text": "A subreddit around interactive explanations, thinking tools, concept visualizations, and other media for communicating and generating ideas.",
                "fallback": "reddit: Explorables • r\/explorables",
                "thumb_url": "https:\/\/b.thumbs.redditmedia.com\/PRv6XQ_qqDn7YZZ4kzkv49XLpzsZjtLQf_noIJKuRtk.png",
                "from_url": "https:\/\/www.reddit.com\/r\/explorables\/",
                "thumb_width": 1280,
                "thumb_height": 383,
                "service_icon": "http:\/\/www.redditstatic.com\/desktop2x\/img\/favicon\/apple-icon-57x57.png",
                "id": 1,
                "original_url": "https:\/\/www.reddit.com\/r\/explorables\/"
            }
        ],
        "thread_ts": "1571261341.012700",
        "parent_user_id": "UNG35QZFF",
        "reactions": [
            {
                "name": "eyes",
                "users": [
                    "UNG35QZFF"
                ],
                "count": 1
            }
        ]
    },
    {
        "client_msg_id": "69bb972a-d5ca-4af3-98aa-e8ab1cc1bd19",
        "type": "message",
        "text": "Another open collaborative tool for science: <https:\/\/jogl.io\/>",
        "user": "UNK56SRFD",
        "ts": "1571321538.018000",
        "team": "TN9LC1S6M",
        "user_team": "TN9LC1S6M",
        "source_team": "TN9LC1S6M",
        "user_profile": {
            "avatar_hash": "g8d0c2cd1337",
            "image_72": "https:\/\/secure.gravatar.com\/avatar\/8d0c2cd1337827f7d3f3bafc23baca0b.jpg?s=72&d=https%3A%2F%2Fa.slack-edge.com%2Fdf10d%2Fimg%2Favatars%2Fava_0001-72.png",
            "first_name": "",
            "real_name": "Elliot Roth",
            "display_name": "",
            "team": "TN9LC1S6M",
            "name": "elliot",
            "is_restricted": false,
            "is_ultra_restricted": false
        },
        "attachments": [
            {
                "service_name": "JOGL - Just One Giant Lab",
                "title": "Just One Giant Lab - Learning and Solving Together",
                "title_link": "https:\/\/jogl.io\/",
                "text": "JOGL helps sync humanity onto solving our most important social &amp; environmental problems using open science, responsible innovation &amp; continuous learning.",
                "fallback": "JOGL - Just One Giant Lab: Just One Giant Lab - Learning and Solving Together",
                "thumb_url": "https:\/\/jogl.io\/assets\/imgs\/planet.jpg",
                "from_url": "https:\/\/jogl.io\/",
                "thumb_width": 2049,
                "thumb_height": 1011,
                "service_icon": "https:\/\/jogl.io\/assets\/imgs\/favicons\/apple-touch-icon.png",
                "id": 1,
                "original_url": "https:\/\/jogl.io\/"
            }
        ],
        "thread_ts": "1571321538.018000",
        "reply_count": 2,
        "reply_users_count": 2,
        "latest_reply": "1571418196.021600",
        "reply_users": [
            "UP7Q268R3",
            "UNK56SRFD"
        ],
        "replies": [
            {
                "user": "UP7Q268R3",
                "ts": "1571416224.020700"
            },
            {
                "user": "UNK56SRFD",
                "ts": "1571418196.021600"
            }
        ],
        "subscribed": false
    },
    {
        "client_msg_id": "0010d665-6be1-4b53-adf7-d162c775461a",
        "type": "message",
        "text": "<https:\/\/observablehq.com\/>\n\nFrom the d3 folks (nyt graphics, mbostock)",
        "user": "UP6MCAL2U",
        "ts": "1571327902.018400",
        "team": "TN9LC1S6M",
        "user_team": "TN9LC1S6M",
        "source_team": "TN9LC1S6M",
        "user_profile": {
            "avatar_hash": "gfdadf7053b7",
            "image_72": "https:\/\/secure.gravatar.com\/avatar\/fdadf7053b778c4d2c58efa64c0b408a.jpg?s=72&d=https%3A%2F%2Fa.slack-edge.com%2Fdf10d%2Fimg%2Favatars%2Fava_0024-72.png",
            "first_name": "Alex",
            "real_name": "Alex Krolick",
            "display_name": "",
            "team": "TN9LC1S6M",
            "name": "alexander.krolick",
            "is_restricted": false,
            "is_ultra_restricted": false
        },
        "attachments": [
            {
                "title": "Observable",
                "title_link": "https:\/\/observablehq.com\/",
                "text": "Discover insights faster and communicate more effectively with interactive notebooks for data analysis, visualization, and exploration.",
                "fallback": "Observable",
                "from_url": "https:\/\/observablehq.com\/",
                "service_icon": "https:\/\/static.observablehq.com\/favicon-512.e85350a27dfadeea7c7c78c797c24419525df5579de174d86d258c40ae57473a.png",
                "service_name": "observablehq.com",
                "id": 1,
                "original_url": "https:\/\/observablehq.com\/"
            }
        ],
        "thread_ts": "1571261341.012700",
        "parent_user_id": "UNG35QZFF",
        "reactions": [
            {
                "name": "eyes",
                "users": [
                    "UNG35QZFF"
                ],
                "count": 1
            }
        ]
    },
    {
        "client_msg_id": "c8dd6f38-9481-498a-9807-354edeea2070",
        "type": "message",
        "text": "I’d be very interested to read it or have a conversation with you and learn about that experience",
        "user": "UPD7LQG94",
        "ts": "1571333824.019200",
        "team": "TN9LC1S6M",
        "user_team": "TN9LC1S6M",
        "source_team": "TN9LC1S6M",
        "user_profile": {
            "avatar_hash": "g8da14b92000",
            "image_72": "https:\/\/secure.gravatar.com\/avatar\/8da14b92000908697418983cd472677d.jpg?s=72&d=https%3A%2F%2Fa.slack-edge.com%2Fdf10d%2Fimg%2Favatars%2Fava_0008-72.png",
            "first_name": "",
            "real_name": "jon letts",
            "display_name": "jon letts",
            "team": "TN9LC1S6M",
            "name": "jonletts",
            "is_restricted": false,
            "is_ultra_restricted": false
        },
        "thread_ts": "1571272774.014000",
        "parent_user_id": "UPD7LQG94"
    },
    {
        "client_msg_id": "a693383c-5fe0-4d67-8070-f2748132b95e",
        "type": "message",
        "text": "Sure! I was interested in quantifying similarity of \"activity spaces\" in social media, and tested a few methods to do so. Instead of synthesizing  data or try to harvest it from random people and invade their privacy I reached out to a few friends and had them \"donate\" some data. Here's the link to the paper:\nJuhász, L. and Hochmair, H. H. (2018). Cross-checking user activities in multiple geo-social media networks. 21st AGILE Conference on Geo-information Science. Lund, Sweden <https:\/\/agile-online.org\/conference_paper\/cds\/agile_2018\/shortpapers\/160%20JuhaszHochmair_AGILE2018_revised_final.pdf>",
        "user": "UPG47FB4G",
        "ts": "1571334277.019400",
        "team": "TN9LC1S6M",
        "user_team": "TN9LC1S6M",
        "source_team": "TN9LC1S6M",
        "user_profile": {
            "avatar_hash": "754559858de1",
            "image_72": "https:\/\/avatars.slack-edge.com\/2019-10-16\/798226220096_754559858de1ade93e10_72.jpg",
            "first_name": "Levente",
            "real_name": "Levente Juhász",
            "display_name": "levente",
            "team": "TN9LC1S6M",
            "name": "jlevente89",
            "is_restricted": false,
            "is_ultra_restricted": false
        },
        "thread_ts": "1571272774.014000",
        "parent_user_id": "UPD7LQG94"
    },
    {
        "client_msg_id": "49080498-b75f-4052-8b58-b90652f0af51",
        "type": "message",
        "text": "user #1 is, well... me :slightly_smiling_face:",
        "user": "UPG47FB4G",
        "ts": "1571334327.019600",
        "team": "TN9LC1S6M",
        "user_team": "TN9LC1S6M",
        "source_team": "TN9LC1S6M",
        "user_profile": {
            "avatar_hash": "754559858de1",
            "image_72": "https:\/\/avatars.slack-edge.com\/2019-10-16\/798226220096_754559858de1ade93e10_72.jpg",
            "first_name": "Levente",
            "real_name": "Levente Juhász",
            "display_name": "levente",
            "team": "TN9LC1S6M",
            "name": "jlevente89",
            "is_restricted": false,
            "is_ultra_restricted": false
        },
        "thread_ts": "1571272774.014000",
        "parent_user_id": "UPD7LQG94"
    },
    {
        "client_msg_id": "24cad8e5-485d-4cca-b033-8c8e736a1ce8",
        "type": "message",
        "text": "adding this too :slightly_smiling_face: <https:\/\/idyll-lang.org>",
        "user": "UNJ95CKPG",
        "ts": "1571348663.019800",
        "team": "TN9LC1S6M",
        "user_team": "TN9LC1S6M",
        "source_team": "TN9LC1S6M",
        "user_profile": {
            "avatar_hash": "3c827ecd0300",
            "image_72": "https:\/\/avatars.slack-edge.com\/2019-09-23\/759234742083_3c827ecd0300e7312f4f_72.png",
            "first_name": "Denny",
            "real_name": "Denny",
            "display_name": "denny",
            "team": "TN9LC1S6M",
            "name": "denny",
            "is_restricted": false,
            "is_ultra_restricted": false
        },
        "attachments": [
            {
                "title": "Idyll",
                "title_link": "https:\/\/idyll-lang.org\/",
                "text": "Create data-driven stories, explorable explanations, and interactive blog posts.",
                "fallback": "Idyll",
                "image_url": "https:\/\/idyll-lang.org\/static\/images\/twitter-share.png",
                "from_url": "https:\/\/idyll-lang.org\/",
                "image_width": 500,
                "image_height": 250,
                "image_bytes": 13234,
                "service_icon": "https:\/\/idyll-lang.org\/static\/images\/favicon.ico",
                "service_name": "idyll-lang.org",
                "id": 1,
                "original_url": "https:\/\/idyll-lang.org"
            }
        ],
        "thread_ts": "1571261341.012700",
        "parent_user_id": "UNG35QZFF"
    }
]