[
    {
        "client_msg_id": "b631f2af-1ca7-459c-ae0d-d6b17b511c87",
        "type": "message",
        "text": "I've run studies using Twitter data. <https:\/\/github.com\/cantino\/twitter_to_csv>",
        "user": "UP7Q268R3",
        "ts": "1571416199.020100",
        "team": "TN9LC1S6M",
        "user_team": "TN9LC1S6M",
        "source_team": "TN9LC1S6M",
        "user_profile": {
            "avatar_hash": "g02734bb0afe",
            "image_72": "https:\/\/secure.gravatar.com\/avatar\/02734bb0afe24b614f37a54eada76538.jpg?s=72&d=https%3A%2F%2Fa.slack-edge.com%2Fdf10d%2Fimg%2Favatars%2Fava_0012-72.png",
            "first_name": "",
            "real_name": "Andrew Cantino",
            "display_name": "Andrew Cantino",
            "team": "TN9LC1S6M",
            "name": "andrew",
            "is_restricted": false,
            "is_ultra_restricted": false
        },
        "edited": {
            "user": "UP7Q268R3",
            "ts": "1571416205.000000"
        },
        "thread_ts": "1571272774.014000",
        "parent_user_id": "UPD7LQG94"
    },
    {
        "client_msg_id": "5eca1859-2a5e-45c2-b17e-351e27987c24",
        "type": "message",
        "text": "Mostly sentiment related.",
        "user": "UP7Q268R3",
        "ts": "1571416215.020500",
        "team": "TN9LC1S6M",
        "user_team": "TN9LC1S6M",
        "source_team": "TN9LC1S6M",
        "user_profile": {
            "avatar_hash": "g02734bb0afe",
            "image_72": "https:\/\/secure.gravatar.com\/avatar\/02734bb0afe24b614f37a54eada76538.jpg?s=72&d=https%3A%2F%2Fa.slack-edge.com%2Fdf10d%2Fimg%2Favatars%2Fava_0012-72.png",
            "first_name": "",
            "real_name": "Andrew Cantino",
            "display_name": "Andrew Cantino",
            "team": "TN9LC1S6M",
            "name": "andrew",
            "is_restricted": false,
            "is_ultra_restricted": false
        },
        "thread_ts": "1571272774.014000",
        "parent_user_id": "UPD7LQG94"
    },
    {
        "client_msg_id": "c514e27c-9ff7-4c87-9935-d93aa62a92bb",
        "type": "message",
        "text": "Have you used it?",
        "user": "UP7Q268R3",
        "ts": "1571416224.020700",
        "team": "TN9LC1S6M",
        "user_team": "TN9LC1S6M",
        "source_team": "TN9LC1S6M",
        "user_profile": {
            "avatar_hash": "g02734bb0afe",
            "image_72": "https:\/\/secure.gravatar.com\/avatar\/02734bb0afe24b614f37a54eada76538.jpg?s=72&d=https%3A%2F%2Fa.slack-edge.com%2Fdf10d%2Fimg%2Favatars%2Fava_0012-72.png",
            "first_name": "",
            "real_name": "Andrew Cantino",
            "display_name": "Andrew Cantino",
            "team": "TN9LC1S6M",
            "name": "andrew",
            "is_restricted": false,
            "is_ultra_restricted": false
        },
        "thread_ts": "1571321538.018000",
        "parent_user_id": "UNK56SRFD"
    },
    {
        "client_msg_id": "ff5ede39-ef3c-4a2d-af65-b93365c9d099",
        "type": "message",
        "text": "If you're in the Bay Area, I highly recommend Science Hack Day. It's happening tomorrow. <https:\/\/sf.sciencehackday.org\/> May be the last year.",
        "user": "UP7Q268R3",
        "ts": "1571416423.021400",
        "team": "TN9LC1S6M",
        "user_team": "TN9LC1S6M",
        "source_team": "TN9LC1S6M",
        "user_profile": {
            "avatar_hash": "g02734bb0afe",
            "image_72": "https:\/\/secure.gravatar.com\/avatar\/02734bb0afe24b614f37a54eada76538.jpg?s=72&d=https%3A%2F%2Fa.slack-edge.com%2Fdf10d%2Fimg%2Favatars%2Fava_0012-72.png",
            "first_name": "",
            "real_name": "Andrew Cantino",
            "display_name": "Andrew Cantino",
            "team": "TN9LC1S6M",
            "name": "andrew",
            "is_restricted": false,
            "is_ultra_restricted": false
        },
        "reactions": [
            {
                "name": "blush",
                "users": [
                    "UNB3ACN0K"
                ],
                "count": 1
            },
            {
                "name": "raised_hands",
                "users": [
                    "UNG35QZFF"
                ],
                "count": 1
            },
            {
                "name": "sob",
                "users": [
                    "UNG35QZFF"
                ],
                "count": 1
            }
        ]
    },
    {
        "client_msg_id": "3ec80e1f-2949-4bde-a122-d7c6e69f614c",
        "type": "message",
        "text": "Yeah I posted one project up there without much success on engagement",
        "user": "UNK56SRFD",
        "ts": "1571418196.021600",
        "team": "TN9LC1S6M",
        "user_team": "TN9LC1S6M",
        "source_team": "TN9LC1S6M",
        "user_profile": {
            "avatar_hash": "g8d0c2cd1337",
            "image_72": "https:\/\/secure.gravatar.com\/avatar\/8d0c2cd1337827f7d3f3bafc23baca0b.jpg?s=72&d=https%3A%2F%2Fa.slack-edge.com%2Fdf10d%2Fimg%2Favatars%2Fava_0001-72.png",
            "first_name": "",
            "real_name": "Elliot Roth",
            "display_name": "",
            "team": "TN9LC1S6M",
            "name": "elliot",
            "is_restricted": false,
            "is_ultra_restricted": false
        },
        "thread_ts": "1571321538.018000",
        "parent_user_id": "UNK56SRFD"
    },
    {
        "client_msg_id": "9520a3e5-d46b-47eb-8a45-a2e865a43630",
        "type": "message",
        "text": "Registration closes today.",
        "user": "UP7Q268R3",
        "ts": "1571423559.022100",
        "team": "TN9LC1S6M",
        "user_team": "TN9LC1S6M",
        "source_team": "TN9LC1S6M",
        "user_profile": {
            "avatar_hash": "g02734bb0afe",
            "image_72": "https:\/\/secure.gravatar.com\/avatar\/02734bb0afe24b614f37a54eada76538.jpg?s=72&d=https%3A%2F%2Fa.slack-edge.com%2Fdf10d%2Fimg%2Favatars%2Fava_0012-72.png",
            "first_name": "",
            "real_name": "Andrew Cantino",
            "display_name": "Andrew Cantino",
            "team": "TN9LC1S6M",
            "name": "andrew",
            "is_restricted": false,
            "is_ultra_restricted": false
        }
    }
]