[
    {
        "client_msg_id": "ba817f27-5946-4ed9-b8ad-14ce0053ebeb",
        "type": "message",
        "text": "this is a cool new project! <https:\/\/genepool.me\/> h\/t <@UNK56SRFD>",
        "user": "UNG35QZFF",
        "ts": "1570584801.002900",
        "team": "TN9LC1S6M",
        "user_team": "TN9LC1S6M",
        "source_team": "TN9LC1S6M",
        "user_profile": {
            "avatar_hash": "90c831cac8ba",
            "image_72": "https:\/\/avatars.slack-edge.com\/2019-09-17\/764115434832_90c831cac8ba4f2fc73e_72.jpg",
            "first_name": "Cindy",
            "real_name": "Cindy Wu",
            "display_name": "cindy",
            "team": "TN9LC1S6M",
            "name": "cindy",
            "is_restricted": false,
            "is_ultra_restricted": false
        },
        "reactions": [
            {
                "name": "heart",
                "users": [
                    "UNK56SRFD",
                    "UP5SUR54L"
                ],
                "count": 2
            }
        ]
    }
]