[
    {
        "client_msg_id": "a4fb95c0-00df-4f58-a01e-bc12b6da81ea",
        "type": "message",
        "text": "IGDORE is also planning to create an IRB for indpendent researchers.\n(you might have to create an account to view the post in their forum)\n<https:\/\/forum.igdore.org\/t\/igdore-project-starting-our-own-irb\/296>",
        "user": "UNVFX3UKT",
        "ts": "1570201911.015100",
        "team": "TN9LC1S6M",
        "user_team": "TN9LC1S6M",
        "source_team": "TN9LC1S6M",
        "user_profile": {
            "avatar_hash": "217cde18d5d5",
            "image_72": "https:\/\/avatars.slack-edge.com\/2019-10-04\/786032189079_217cde18d5d56898ba92_72.jpg",
            "first_name": "",
            "real_name": "Gavin",
            "display_name": "Gavin",
            "team": "TN9LC1S6M",
            "name": "gavin.taylor.01",
            "is_restricted": false,
            "is_ultra_restricted": false
        },
        "attachments": [
            {
                "title": "On Science &amp; Academia",
                "title_link": "https:\/\/forum.igdore.org\/t\/igdore-project-starting-our-own-irb\/296",
                "text": "A place for researchers, students, and the science-interested public, to discuss good science; bad science; statistics; openness; academia.",
                "fallback": "On Science &amp; Academia",
                "thumb_url": "https:\/\/aws1.discourse-cdn.com\/standard17\/uploads\/igdore1\/original\/1X\/6a148adef499024600a95584d6200233fd143419.png",
                "from_url": "https:\/\/forum.igdore.org\/t\/igdore-project-starting-our-own-irb\/296",
                "thumb_width": 512,
                "thumb_height": 512,
                "service_icon": "https:\/\/aws1.discourse-cdn.com\/standard17\/uploads\/igdore1\/optimized\/1X\/6a148adef499024600a95584d6200233fd143419_2_180x180.png",
                "service_name": "forum.igdore.org",
                "id": 1,
                "original_url": "https:\/\/forum.igdore.org\/t\/igdore-project-starting-our-own-irb\/296"
            }
        ],
        "thread_ts": "1569801223.001900",
        "parent_user_id": "UNG35QZFF"
    }
]