[
    {
        "client_msg_id": "302a618b-9772-4044-9a8c-818bd5c53be6",
        "type": "message",
        "text": "we are stuck on this island in the middle of the pacific until december. :slightly_smiling_face: you planning on attending?",
        "user": "UNG35QZFF",
        "ts": "1570693184.006700",
        "team": "TN9LC1S6M",
        "user_team": "TN9LC1S6M",
        "source_team": "TN9LC1S6M",
        "user_profile": {
            "avatar_hash": "90c831cac8ba",
            "image_72": "https:\/\/avatars.slack-edge.com\/2019-09-17\/764115434832_90c831cac8ba4f2fc73e_72.jpg",
            "first_name": "Cindy",
            "real_name": "Cindy Wu",
            "display_name": "cindy",
            "team": "TN9LC1S6M",
            "name": "cindy",
            "is_restricted": false,
            "is_ultra_restricted": false
        },
        "thread_ts": "1570676807.005800",
        "parent_user_id": "UP7Q268R3"
    },
    {
        "client_msg_id": "62BD15E0-3E36-49A2-A621-8D0E408C10E5",
        "type": "message",
        "text": "Yup",
        "user": "UP7Q268R3",
        "ts": "1570762928.008500",
        "team": "TN9LC1S6M",
        "user_team": "TN9LC1S6M",
        "source_team": "TN9LC1S6M",
        "user_profile": {
            "avatar_hash": "g02734bb0afe",
            "image_72": "https:\/\/secure.gravatar.com\/avatar\/02734bb0afe24b614f37a54eada76538.jpg?s=72&d=https%3A%2F%2Fa.slack-edge.com%2Fdf10d%2Fimg%2Favatars%2Fava_0012-72.png",
            "first_name": "",
            "real_name": "Andrew Cantino",
            "display_name": "Andrew Cantino",
            "team": "TN9LC1S6M",
            "name": "andrew",
            "is_restricted": false,
            "is_ultra_restricted": false
        },
        "thread_ts": "1570676807.005800",
        "parent_user_id": "UP7Q268R3",
        "reactions": [
            {
                "name": "heart_eyes",
                "users": [
                    "UNG35QZFF"
                ],
                "count": 1
            }
        ]
    }
]