[
    {
        "client_msg_id": "298cdd8f-8ebd-4c2d-9c1e-012733f95757",
        "type": "message",
        "text": "reading this conversation between drew endy and donna haraway made me smile this morning <https:\/\/jods.mitpress.mit.edu\/pub\/q04b4o74>",
        "user": "UNG35QZFF",
        "ts": "1570484029.000600",
        "team": "TN9LC1S6M",
        "user_team": "TN9LC1S6M",
        "source_team": "TN9LC1S6M",
        "user_profile": {
            "avatar_hash": "90c831cac8ba",
            "image_72": "https:\/\/avatars.slack-edge.com\/2019-09-17\/764115434832_90c831cac8ba4f2fc73e_72.jpg",
            "first_name": "Cindy",
            "real_name": "Cindy Wu",
            "display_name": "cindy",
            "team": "TN9LC1S6M",
            "name": "cindy",
            "is_restricted": false,
            "is_ultra_restricted": false
        },
        "thread_ts": "1570484029.000600",
        "reply_count": 4,
        "reply_users_count": 3,
        "latest_reply": "1570503840.001700",
        "reply_users": [
            "UNJ95CKPG",
            "UNG35QZFF",
            "UNPPANK60"
        ],
        "replies": [
            {
                "user": "UNJ95CKPG",
                "ts": "1570484058.000700"
            },
            {
                "user": "UNG35QZFF",
                "ts": "1570484255.000900"
            },
            {
                "user": "UNG35QZFF",
                "ts": "1570484276.001100"
            },
            {
                "user": "UNPPANK60",
                "ts": "1570503840.001700"
            }
        ],
        "subscribed": true,
        "last_read": "1570503840.001700",
        "reactions": [
            {
                "name": "eyes",
                "users": [
                    "UNPPANK60"
                ],
                "count": 1
            }
        ]
    },
    {
        "client_msg_id": "989e2365-73da-4e70-adc3-ab44d70aec4a",
        "type": "message",
        "text": "tldr?",
        "user": "UNJ95CKPG",
        "ts": "1570484058.000700",
        "team": "TN9LC1S6M",
        "user_team": "TN9LC1S6M",
        "source_team": "TN9LC1S6M",
        "user_profile": {
            "avatar_hash": "3c827ecd0300",
            "image_72": "https:\/\/avatars.slack-edge.com\/2019-09-23\/759234742083_3c827ecd0300e7312f4f_72.png",
            "first_name": "Denny",
            "real_name": "Denny",
            "display_name": "denny",
            "team": "TN9LC1S6M",
            "name": "denny",
            "is_restricted": false,
            "is_ultra_restricted": false
        },
        "thread_ts": "1570484029.000600",
        "parent_user_id": "UNG35QZFF"
    },
    {
        "client_msg_id": "7bbdbd2c-50a1-4895-84b6-0a0a91b26b0e",
        "type": "message",
        "text": "sciencing is not just about finding things out but also taking care of the space and living things around us. science doesn’t have to be so destructive there is a way to do good science while living harmoniously with our planet. they also talk about treasuring play.",
        "user": "UNG35QZFF",
        "ts": "1570484255.000900",
        "team": "TN9LC1S6M",
        "user_team": "TN9LC1S6M",
        "source_team": "TN9LC1S6M",
        "user_profile": {
            "avatar_hash": "90c831cac8ba",
            "image_72": "https:\/\/avatars.slack-edge.com\/2019-09-17\/764115434832_90c831cac8ba4f2fc73e_72.jpg",
            "first_name": "Cindy",
            "real_name": "Cindy Wu",
            "display_name": "cindy",
            "team": "TN9LC1S6M",
            "name": "cindy",
            "is_restricted": false,
            "is_ultra_restricted": false
        },
        "thread_ts": "1570484029.000600",
        "parent_user_id": "UNG35QZFF",
        "reactions": [
            {
                "name": "+1",
                "users": [
                    "UNPPANK60",
                    "UNVFX3UKT"
                ],
                "count": 2
            }
        ]
    },
    {
        "client_msg_id": "ee3251e0-67fd-4b19-909e-8e4ed5ead557",
        "type": "message",
        "text": "donna seems very special reminds me of old cavers",
        "user": "UNG35QZFF",
        "ts": "1570484276.001100",
        "team": "TN9LC1S6M",
        "user_team": "TN9LC1S6M",
        "source_team": "TN9LC1S6M",
        "user_profile": {
            "avatar_hash": "90c831cac8ba",
            "image_72": "https:\/\/avatars.slack-edge.com\/2019-09-17\/764115434832_90c831cac8ba4f2fc73e_72.jpg",
            "first_name": "Cindy",
            "real_name": "Cindy Wu",
            "display_name": "cindy",
            "team": "TN9LC1S6M",
            "name": "cindy",
            "is_restricted": false,
            "is_ultra_restricted": false
        },
        "thread_ts": "1570484029.000600",
        "parent_user_id": "UNG35QZFF"
    },
    {
        "client_msg_id": "C398F6D0-A211-4B0E-9B92-0171759DECA6",
        "type": "message",
        "text": "Looks interesting, added to my reading list :)",
        "user": "UNPPANK60",
        "ts": "1570503840.001700",
        "team": "TN9LC1S6M",
        "user_team": "TN9LC1S6M",
        "source_team": "TN9LC1S6M",
        "user_profile": {
            "avatar_hash": "g94afa607bcd",
            "image_72": "https:\/\/secure.gravatar.com\/avatar\/94afa607bcd0573bbeb3a5335a646bf0.jpg?s=72&d=https%3A%2F%2Fa.slack-edge.com%2Fdf10d%2Fimg%2Favatars%2Fava_0026-72.png",
            "first_name": "James",
            "real_name": "James Hill-Khurana",
            "display_name": "",
            "team": "TN9LC1S6M",
            "name": "jhillkhurana",
            "is_restricted": false,
            "is_ultra_restricted": false
        },
        "edited": {
            "user": "UNPPANK60",
            "ts": "1570503847.000000"
        },
        "thread_ts": "1570484029.000600",
        "parent_user_id": "UNG35QZFF",
        "reactions": [
            {
                "name": "slightly_smiling_face",
                "users": [
                    "UNG35QZFF"
                ],
                "count": 1
            }
        ]
    }
]