[
    {
        "client_msg_id": "15d2b67c-0e36-4c0d-9970-7d9cefa521f1",
        "type": "message",
        "text": "our blog post this week on <http:\/\/jellypbc.com|jellypbc.com> is going to be about our process (what we do week to week, how we keep track of our progress, how we measure success, etc.) if you have questions about what me and denny do or how we do what we do, please let me know and i will do my best to incorporate this into the content of the post!",
        "user": "UNG35QZFF",
        "ts": "1571214538.011100",
        "team": "TN9LC1S6M",
        "user_team": "TN9LC1S6M",
        "source_team": "TN9LC1S6M",
        "user_profile": {
            "avatar_hash": "90c831cac8ba",
            "image_72": "https:\/\/avatars.slack-edge.com\/2019-09-17\/764115434832_90c831cac8ba4f2fc73e_72.jpg",
            "first_name": "Cindy",
            "real_name": "Cindy Wu",
            "display_name": "cindy",
            "team": "TN9LC1S6M",
            "name": "cindy",
            "is_restricted": false,
            "is_ultra_restricted": false
        },
        "reactions": [
            {
                "name": "star-struck",
                "users": [
                    "UNPP3CW6Q",
                    "UNK56SRFD"
                ],
                "count": 2
            },
            {
                "name": "+1",
                "users": [
                    "UNVFX3UKT",
                    "UNB3ACN0K",
                    "UNK56SRFD"
                ],
                "count": 3
            },
            {
                "name": "black_heart",
                "users": [
                    "UNB6R8QP5",
                    "UNK56SRFD"
                ],
                "count": 2
            }
        ]
    },
    {
        "client_msg_id": "288e7279-b447-4755-b049-7256d95c01e9",
        "type": "message",
        "text": "first time seeing this powerpoint replacement <https:\/\/pitch.com\/> anyone here use it? i believe the solution to powerpoint for science is not powerpoint, but what is it… :thinking_face:",
        "user": "UNG35QZFF",
        "ts": "1571261341.012700",
        "team": "TN9LC1S6M",
        "user_team": "TN9LC1S6M",
        "source_team": "TN9LC1S6M",
        "user_profile": {
            "avatar_hash": "90c831cac8ba",
            "image_72": "https:\/\/avatars.slack-edge.com\/2019-09-17\/764115434832_90c831cac8ba4f2fc73e_72.jpg",
            "first_name": "Cindy",
            "real_name": "Cindy Wu",
            "display_name": "cindy",
            "team": "TN9LC1S6M",
            "name": "cindy",
            "is_restricted": false,
            "is_ultra_restricted": false
        },
        "attachments": [
            {
                "title": "Collaborative presentation software for modern teams.",
                "title_link": "https:\/\/pitch.com\/",
                "text": "Pitch helps teams build better presentations: collaboratively, effectively, and beautifully.",
                "fallback": "Collaborative presentation software for modern teams.",
                "image_url": "https:\/\/www.pitch.com\/images\/home-meta.jpg",
                "from_url": "https:\/\/pitch.com\/",
                "image_width": 476,
                "image_height": 250,
                "image_bytes": 85159,
                "service_name": "pitch.com",
                "id": 1,
                "original_url": "https:\/\/pitch.com\/"
            }
        ],
        "thread_ts": "1571261341.012700",
        "reply_count": 9,
        "reply_users_count": 4,
        "latest_reply": "1571348663.019800",
        "reply_users": [
            "UPG47FB4G",
            "UP6MCAL2U",
            "UN74A97FV",
            "UNJ95CKPG"
        ],
        "replies": [
            {
                "user": "UPG47FB4G",
                "ts": "1571264959.012900"
            },
            {
                "user": "UPG47FB4G",
                "ts": "1571265080.013100"
            },
            {
                "user": "UP6MCAL2U",
                "ts": "1571295189.014800"
            },
            {
                "user": "UN74A97FV",
                "ts": "1571319648.015500"
            },
            {
                "user": "UN74A97FV",
                "ts": "1571319731.015900"
            },
            {
                "user": "UN74A97FV",
                "ts": "1571319834.016300"
            },
            {
                "user": "UN74A97FV",
                "ts": "1571319861.016700"
            },
            {
                "user": "UP6MCAL2U",
                "ts": "1571327902.018400"
            },
            {
                "user": "UNJ95CKPG",
                "ts": "1571348663.019800"
            }
        ],
        "subscribed": true,
        "last_read": "1571348663.019800"
    },
    {
        "client_msg_id": "fd4b9e93-3eb0-4b56-a26f-c3f1b3f893d0",
        "type": "message",
        "text": "never heard of it. collaborative, effective and beautiful sounds nice but will it save me time and effort compared to a powerpoint presentation? :slightly_smiling_face:",
        "user": "UPG47FB4G",
        "ts": "1571264959.012900",
        "team": "TN9LC1S6M",
        "user_team": "TN9LC1S6M",
        "source_team": "TN9LC1S6M",
        "user_profile": {
            "avatar_hash": "754559858de1",
            "image_72": "https:\/\/avatars.slack-edge.com\/2019-10-16\/798226220096_754559858de1ade93e10_72.jpg",
            "first_name": "Levente",
            "real_name": "Levente Juhász",
            "display_name": "levente",
            "team": "TN9LC1S6M",
            "name": "jlevente89",
            "is_restricted": false,
            "is_ultra_restricted": false
        },
        "thread_ts": "1571261341.012700",
        "parent_user_id": "UNG35QZFF"
    },
    {
        "client_msg_id": "763d5720-5f1c-44c0-a86d-2b89c8fe5c0b",
        "type": "message",
        "text": "a few times I used something called big (<https:\/\/github.com\/tmcw\/big>) which is a super lazy way to create presentations. basically you write a simple text file and it'll print those on the screen with large letters. quite fun",
        "user": "UPG47FB4G",
        "ts": "1571265080.013100",
        "team": "TN9LC1S6M",
        "user_team": "TN9LC1S6M",
        "source_team": "TN9LC1S6M",
        "user_profile": {
            "avatar_hash": "754559858de1",
            "image_72": "https:\/\/avatars.slack-edge.com\/2019-10-16\/798226220096_754559858de1ade93e10_72.jpg",
            "first_name": "Levente",
            "real_name": "Levente Juhász",
            "display_name": "levente",
            "team": "TN9LC1S6M",
            "name": "jlevente89",
            "is_restricted": false,
            "is_ultra_restricted": false
        },
        "attachments": [
            {
                "service_name": "GitHub",
                "title": "tmcw\/big",
                "title_link": "https:\/\/github.com\/tmcw\/big",
                "text": "presentations for busy messy hackers. Contribute to tmcw\/big development by creating an account on GitHub.",
                "fallback": "GitHub: tmcw\/big",
                "from_url": "https:\/\/github.com\/tmcw\/big",
                "thumb_url": "https:\/\/repository-images.githubusercontent.com\/2381601\/1d8a8d00-74b6-11e9-8616-f995e24bc888",
                "thumb_width": 391,
                "thumb_height": 250,
                "service_icon": "https:\/\/a.slack-edge.com\/80588\/img\/unfurl_icons\/github.png",
                "id": 1,
                "original_url": "https:\/\/github.com\/tmcw\/big"
            }
        ],
        "thread_ts": "1571261341.012700",
        "parent_user_id": "UNG35QZFF",
        "reactions": [
            {
                "name": "eyes",
                "users": [
                    "UNG35QZFF"
                ],
                "count": 1
            }
        ]
    },
    {
        "client_msg_id": "6690e26a-6575-4bba-ab68-5d3e068ce4d8",
        "type": "message",
        "text": "Do folks here run personal studies using their own data and crowd sourcing answers from friends\/peers?",
        "user": "UPD7LQG94",
        "ts": "1571272774.014000",
        "team": "TN9LC1S6M",
        "user_team": "TN9LC1S6M",
        "source_team": "TN9LC1S6M",
        "user_profile": {
            "avatar_hash": "g8da14b92000",
            "image_72": "https:\/\/secure.gravatar.com\/avatar\/8da14b92000908697418983cd472677d.jpg?s=72&d=https%3A%2F%2Fa.slack-edge.com%2Fdf10d%2Fimg%2Favatars%2Fava_0008-72.png",
            "first_name": "",
            "real_name": "jon letts",
            "display_name": "jon letts",
            "team": "TN9LC1S6M",
            "name": "jonletts",
            "is_restricted": false,
            "is_ultra_restricted": false
        },
        "thread_ts": "1571272774.014000",
        "reply_count": 7,
        "reply_users_count": 3,
        "latest_reply": "1571416215.020500",
        "reply_users": [
            "UPD7LQG94",
            "UPG47FB4G",
            "UP7Q268R3"
        ],
        "replies": [
            {
                "user": "UPD7LQG94",
                "ts": "1571272949.014100"
            },
            {
                "user": "UPG47FB4G",
                "ts": "1571273229.014300"
            },
            {
                "user": "UPD7LQG94",
                "ts": "1571333824.019200"
            },
            {
                "user": "UPG47FB4G",
                "ts": "1571334277.019400"
            },
            {
                "user": "UPG47FB4G",
                "ts": "1571334327.019600"
            },
            {
                "user": "UP7Q268R3",
                "ts": "1571416199.020100"
            },
            {
                "user": "UP7Q268R3",
                "ts": "1571416215.020500"
            }
        ],
        "subscribed": false,
        "reactions": [
            {
                "name": "+1",
                "users": [
                    "UNVFX3UKT",
                    "UPG47FB4G"
                ],
                "count": 2
            },
            {
                "name": "thinking_face",
                "users": [
                    "UNB3ACN0K"
                ],
                "count": 1
            }
        ]
    },
    {
        "client_msg_id": "3ca617b8-7603-4aef-b329-90b760a7f73e",
        "type": "message",
        "text": "<@UPG47FB4G> your intro brought this up for me around location data and how nice it would be for easier use of personal data",
        "user": "UPD7LQG94",
        "ts": "1571272949.014100",
        "team": "TN9LC1S6M",
        "user_team": "TN9LC1S6M",
        "source_team": "TN9LC1S6M",
        "user_profile": {
            "avatar_hash": "g8da14b92000",
            "image_72": "https:\/\/secure.gravatar.com\/avatar\/8da14b92000908697418983cd472677d.jpg?s=72&d=https%3A%2F%2Fa.slack-edge.com%2Fdf10d%2Fimg%2Favatars%2Fava_0008-72.png",
            "first_name": "",
            "real_name": "jon letts",
            "display_name": "jon letts",
            "team": "TN9LC1S6M",
            "name": "jonletts",
            "is_restricted": false,
            "is_ultra_restricted": false
        },
        "thread_ts": "1571272774.014000",
        "parent_user_id": "UPD7LQG94"
    },
    {
        "client_msg_id": "32466137-50c7-4f36-bf66-daea450937dc",
        "type": "message",
        "text": "I do, even published a short paper using my friends data once :)",
        "user": "UPG47FB4G",
        "ts": "1571273229.014300",
        "team": "TN9LC1S6M",
        "user_team": "TN9LC1S6M",
        "source_team": "TN9LC1S6M",
        "user_profile": {
            "avatar_hash": "754559858de1",
            "image_72": "https:\/\/avatars.slack-edge.com\/2019-10-16\/798226220096_754559858de1ade93e10_72.jpg",
            "first_name": "Levente",
            "real_name": "Levente Juhász",
            "display_name": "levente",
            "team": "TN9LC1S6M",
            "name": "jlevente89",
            "is_restricted": false,
            "is_ultra_restricted": false
        },
        "thread_ts": "1571272774.014000",
        "parent_user_id": "UPD7LQG94"
    },
    {
        "client_msg_id": "12b4fde1-d824-481b-86e0-81f18fc60aa7",
        "type": "message",
        "text": "&gt;  i believe the solution to powerpoint for science is not powerpoint, but what is it…\n\nSomething interactive?\n\n<http:\/\/worrydream.com\/#!\/ScientificCommunicationAsSequentialArt>",
        "user": "UP6MCAL2U",
        "ts": "1571295189.014800",
        "team": "TN9LC1S6M",
        "user_team": "TN9LC1S6M",
        "source_team": "TN9LC1S6M",
        "user_profile": {
            "avatar_hash": "gfdadf7053b7",
            "image_72": "https:\/\/secure.gravatar.com\/avatar\/fdadf7053b778c4d2c58efa64c0b408a.jpg?s=72&d=https%3A%2F%2Fa.slack-edge.com%2Fdf10d%2Fimg%2Favatars%2Fava_0024-72.png",
            "first_name": "Alex",
            "real_name": "Alex Krolick",
            "display_name": "",
            "team": "TN9LC1S6M",
            "name": "alexander.krolick",
            "is_restricted": false,
            "is_ultra_restricted": false
        },
        "edited": {
            "user": "UP6MCAL2U",
            "ts": "1571295205.000000"
        },
        "attachments": [
            {
                "title": "Bret Victor, beast of burden",
                "title_link": "http:\/\/worrydream.com\/#!\/ScientificCommunicationAsSequentialArt",
                "text": "Bret Victor has been provided by the management for your protection.",
                "fallback": "Bret Victor, beast of burden",
                "from_url": "http:\/\/worrydream.com\/#!\/ScientificCommunicationAsSequentialArt",
                "service_icon": "http:\/\/worrydream.com\/favicon.ico",
                "service_name": "worrydream.com",
                "id": 1,
                "original_url": "http:\/\/worrydream.com\/#!\/ScientificCommunicationAsSequentialArt"
            }
        ],
        "thread_ts": "1571261341.012700",
        "parent_user_id": "UNG35QZFF",
        "reactions": [
            {
                "name": "eyes",
                "users": [
                    "UNG35QZFF"
                ],
                "count": 1
            },
            {
                "name": "fire",
                "users": [
                    "UN74A97FV"
                ],
                "count": 1
            }
        ]
    }
]