[
    {
        "client_msg_id": "122aadea-26ef-448d-b972-7278206b1d36",
        "type": "message",
        "text": "if anyone is building cool new tools for science and want to share with everyone please do! or if anyone discovers science tools that you like, would love to see what others are playing with.",
        "user": "UNG35QZFF",
        "ts": "1570042235.014600",
        "team": "TN9LC1S6M",
        "user_team": "TN9LC1S6M",
        "source_team": "TN9LC1S6M",
        "user_profile": {
            "avatar_hash": "90c831cac8ba",
            "image_72": "https:\/\/avatars.slack-edge.com\/2019-09-17\/764115434832_90c831cac8ba4f2fc73e_72.jpg",
            "first_name": "Cindy",
            "real_name": "Cindy Wu",
            "display_name": "cindy",
            "team": "TN9LC1S6M",
            "name": "cindy",
            "is_restricted": false,
            "is_ultra_restricted": false
        }
    }
]