[
    {
        "client_msg_id": "8dcc5edb-efc4-4e85-977a-4e823d3c9ea7",
        "type": "message",
        "text": "I'm currently at the <http:\/\/biosummit.org|biosummit.org> and we did a brief workshop to identify problems with the current methods of \"doing science\" and sharing information through papers. It was incredibly eye-opening. Seems like people are looking for a rap genius meets GitHub meets venmo for work-in-progress experiments. \n\nSome additional links to other interesting platforms that could approximate what these scientists are looking for:\n<https:\/\/jogl.io\/>\n<https:\/\/www.jove.com\/>\n<https:\/\/cos.io>",
        "user": "UNK56SRFD",
        "ts": "1570987597.004000",
        "team": "TN9LC1S6M",
        "user_team": "TN9LC1S6M",
        "source_team": "TN9LC1S6M",
        "user_profile": {
            "avatar_hash": "g8d0c2cd1337",
            "image_72": "https:\/\/secure.gravatar.com\/avatar\/8d0c2cd1337827f7d3f3bafc23baca0b.jpg?s=72&d=https%3A%2F%2Fa.slack-edge.com%2Fdf10d%2Fimg%2Favatars%2Fava_0001-72.png",
            "first_name": "",
            "real_name": "Elliot Roth",
            "display_name": "",
            "team": "TN9LC1S6M",
            "name": "elliot",
            "is_restricted": false,
            "is_ultra_restricted": false
        },
        "attachments": [
            {
                "service_name": "JOGL - Just One Giant Lab",
                "title": "Just One Giant Lab - Learning and Solving Together",
                "title_link": "https:\/\/jogl.io\/",
                "text": "JOGL helps sync humanity onto solving our most important social &amp; environmental problems using open science, responsible innovation &amp; continuous learning.",
                "fallback": "JOGL - Just One Giant Lab: Just One Giant Lab - Learning and Solving Together",
                "thumb_url": "https:\/\/jogl.io\/assets\/imgs\/planet.jpg",
                "from_url": "https:\/\/jogl.io\/",
                "thumb_width": 2049,
                "thumb_height": 1011,
                "service_icon": "https:\/\/jogl.io\/assets\/imgs\/favicons\/apple-touch-icon.png",
                "id": 1,
                "original_url": "https:\/\/jogl.io\/"
            },
            {
                "title": "JoVE | Peer Reviewed Scientific Video Journal - Methods and Protocols",
                "title_link": "https:\/\/www.jove.com\/",
                "text": "JoVE publishes peer-reviewed scientific video protocols to accelerate biological, medical, chemical and physical research. Watch our scientific video articles.",
                "fallback": "JoVE | Peer Reviewed Scientific Video Journal - Methods and Protocols",
                "image_url": "https:\/\/www.jove.com\/img\/logo_share.jpg",
                "from_url": "https:\/\/www.jove.com\/",
                "image_width": 250,
                "image_height": 250,
                "image_bytes": 12627,
                "service_icon": "https:\/\/www.jove.com\/files\/img\/apple-touch-icon.png",
                "service_name": "jove.com",
                "id": 2,
                "original_url": "https:\/\/www.jove.com\/"
            },
            {
                "title": "The Center for Open Science",
                "title_link": "https:\/\/cos.io\/",
                "text": "At the Center for Open Science, our mission is to increase openness, integrity, and reproducibility of scholarly research. Promoting these practices within the research funding and publishing communities accelerates scientific progress",
                "fallback": "The Center for Open Science",
                "from_url": "https:\/\/cos.io\/",
                "service_icon": "https:\/\/cdn.cos.io\/static\/favicon.ico",
                "service_name": "cos.io",
                "id": 3,
                "original_url": "https:\/\/cos.io"
            }
        ],
        "thread_ts": "1570987597.004000",
        "reply_count": 1,
        "reply_users_count": 1,
        "latest_reply": "1571005210.004500",
        "reply_users": [
            "UNG35QZFF"
        ],
        "replies": [
            {
                "user": "UNG35QZFF",
                "ts": "1571005210.004500"
            }
        ],
        "subscribed": true,
        "last_read": "1571005210.004500",
        "reactions": [
            {
                "name": "slightly_smiling_face",
                "users": [
                    "UNG35QZFF",
                    "UNVFX3UKT",
                    "UNPP3CW6Q",
                    "UNJ95CKPG",
                    "UNQRW3EPN"
                ],
                "count": 5
            },
            {
                "name": "eyes",
                "users": [
                    "UNS2AQC2D"
                ],
                "count": 1
            }
        ]
    },
    {
        "client_msg_id": "90c0e8f1-c12b-4b9c-a452-7339eb81e833",
        "type": "message",
        "text": "thanks for sharing this elliot!",
        "user": "UNG35QZFF",
        "ts": "1571005210.004500",
        "team": "TN9LC1S6M",
        "user_team": "TN9LC1S6M",
        "source_team": "TN9LC1S6M",
        "user_profile": {
            "avatar_hash": "90c831cac8ba",
            "image_72": "https:\/\/avatars.slack-edge.com\/2019-09-17\/764115434832_90c831cac8ba4f2fc73e_72.jpg",
            "first_name": "Cindy",
            "real_name": "Cindy Wu",
            "display_name": "cindy",
            "team": "TN9LC1S6M",
            "name": "cindy",
            "is_restricted": false,
            "is_ultra_restricted": false
        },
        "thread_ts": "1570987597.004000",
        "parent_user_id": "UNK56SRFD"
    }
]