[
    {
        "client_msg_id": "0517cb0c-3a3e-4c51-9852-55caba978b79",
        "type": "message",
        "text": "fyi we’re aware that <http:\/\/jellypbc.com\/follow|jellypbc.com\/follow> is returning a 500 error",
        "user": "UNG35QZFF",
        "ts": "1569640967.001100",
        "team": "TN9LC1S6M",
        "user_team": "TN9LC1S6M",
        "source_team": "TN9LC1S6M",
        "user_profile": {
            "avatar_hash": "90c831cac8ba",
            "image_72": "https:\/\/avatars.slack-edge.com\/2019-09-17\/764115434832_90c831cac8ba4f2fc73e_72.jpg",
            "first_name": "Cindy",
            "real_name": "Cindy Wu",
            "display_name": "cindy",
            "team": "TN9LC1S6M",
            "name": "cindy",
            "is_restricted": false,
            "is_ultra_restricted": false
        }
    }
]