[
    {
        "client_msg_id": "bd8c5a60-00c4-4686-9d3f-20e341a7d5cd",
        "type": "message",
        "text": "wow this looks really cool!",
        "user": "UNQRW3EPN",
        "ts": "1571844114.025100",
        "team": "TN9LC1S6M",
        "user_team": "TN9LC1S6M",
        "source_team": "TN9LC1S6M",
        "user_profile": {
            "avatar_hash": "g45293e1c21b",
            "image_72": "https:\/\/secure.gravatar.com\/avatar\/45293e1c21bd09727dbc2ac098ab4cc4.jpg?s=72&d=https%3A%2F%2Fa.slack-edge.com%2Fdf10d%2Fimg%2Favatars%2Fava_0002-72.png",
            "first_name": "",
            "real_name": "Jeff Maxim",
            "display_name": "Jeff Maxim",
            "team": "TN9LC1S6M",
            "name": "frey.maxim",
            "is_restricted": false,
            "is_ultra_restricted": false
        },
        "thread_ts": "1571721990.023600",
        "parent_user_id": "UP6MCAL2U"
    },
    {
        "client_msg_id": "56a87c6f-3cf9-42e7-be76-e8babde6b0eb",
        "type": "message",
        "text": "I recently joined the Institute for Globally Distributed Open Research and Education (IGDORE). They have decided to invite  groups interested in metascience to create a space on their forum. Would this interest anybody here?\n\n‘Included in this change is the creation of the category “Organisations”. In this category will you find all organisations that have chosen to have their own space on the forum. We welcome all academic and scientific organisations, in particular organisations that are part of the moment for open and replicable science in some way, to have their own space here on the forum for your internal discussions. This space can be used instead of e.g. Slack or email groups. Email me (<mailto:rebecca.willen@igdore.org|rebecca.willen@igdore.org>) for inquiries on setting up your own space.’\n\nThe forum requires registration to view, and is at:\n<https:\/\/forum.igdore.org\/>",
        "user": "UNVFX3UKT",
        "ts": "1571854626.025400",
        "team": "TN9LC1S6M",
        "user_team": "TN9LC1S6M",
        "source_team": "TN9LC1S6M",
        "user_profile": {
            "avatar_hash": "217cde18d5d5",
            "image_72": "https:\/\/avatars.slack-edge.com\/2019-10-04\/786032189079_217cde18d5d56898ba92_72.jpg",
            "first_name": "",
            "real_name": "Gavin",
            "display_name": "Gavin",
            "team": "TN9LC1S6M",
            "name": "gavin.taylor.01",
            "is_restricted": false,
            "is_ultra_restricted": false
        },
        "attachments": [
            {
                "service_name": "On Science &amp; Academia",
                "title": "On Science &amp; Academia - A forum for discussions on scientific methods and academia",
                "title_link": "https:\/\/forum.igdore.org\/",
                "text": "A place for researchers, students, and the science-interested public, to discuss good science; bad science; statistics; openness; academia.",
                "fallback": "On Science &amp; Academia: On Science &amp; Academia - A forum for discussions on scientific methods and academia",
                "thumb_url": "https:\/\/aws1.discourse-cdn.com\/standard17\/uploads\/igdore1\/original\/1X\/6a148adef499024600a95584d6200233fd143419.png",
                "from_url": "https:\/\/forum.igdore.org\/",
                "thumb_width": 512,
                "thumb_height": 512,
                "service_icon": "https:\/\/aws1.discourse-cdn.com\/standard17\/uploads\/igdore1\/optimized\/1X\/6a148adef499024600a95584d6200233fd143419_2_180x180.png",
                "id": 1,
                "original_url": "https:\/\/forum.igdore.org\/"
            }
        ],
        "thread_ts": "1571854626.025400",
        "reply_count": 1,
        "reply_users_count": 1,
        "latest_reply": "1571857654.025700",
        "reply_users": [
            "UNG35QZFF"
        ],
        "replies": [
            {
                "user": "UNG35QZFF",
                "ts": "1571857654.025700"
            }
        ],
        "subscribed": true,
        "last_read": "1571857654.025700",
        "reactions": [
            {
                "name": "eyes",
                "users": [
                    "UNG35QZFF"
                ],
                "count": 1
            }
        ]
    },
    {
        "client_msg_id": "5c7759b0-153b-44cf-bd4f-f6fe9d49ba82",
        "type": "message",
        "text": "thanks for sharing this opportunity gavin! i see creating a space on a separate forum as a garden that where we need to plant and prune to make it thrive. :slightly_smiling_face:to make a great garden takes time and effort. i can’t take this on because of limited bandwidth rn, but will watch closely.",
        "user": "UNG35QZFF",
        "ts": "1571857654.025700",
        "team": "TN9LC1S6M",
        "user_team": "TN9LC1S6M",
        "source_team": "TN9LC1S6M",
        "user_profile": {
            "avatar_hash": "90c831cac8ba",
            "image_72": "https:\/\/avatars.slack-edge.com\/2019-09-17\/764115434832_90c831cac8ba4f2fc73e_72.jpg",
            "first_name": "Cindy",
            "real_name": "Cindy Wu",
            "display_name": "cindy",
            "team": "TN9LC1S6M",
            "name": "cindy",
            "is_restricted": false,
            "is_ultra_restricted": false
        },
        "thread_ts": "1571854626.025400",
        "parent_user_id": "UNVFX3UKT",
        "reactions": [
            {
                "name": "+1",
                "users": [
                    "UNVFX3UKT"
                ],
                "count": 1
            }
        ]
    }
]