[
    {
        "user": "UP5SUR54L",
        "type": "message",
        "subtype": "channel_join",
        "ts": "1570568432.000300",
        "text": "<@UP5SUR54L> has joined the channel",
        "inviter": "UNG35QZFF",
        "reactions": [
            {
                "name": "wave",
                "users": [
                    "UNG35QZFF",
                    "UNZ44PXUL"
                ],
                "count": 2
            }
        ]
    },
    {
        "client_msg_id": "04479bb0-d0e9-4f7d-b087-0760f6ce098c",
        "type": "message",
        "text": "spoke with armin (founder of purpose) last night. i like him a lot, especially because he is a founder himself of two companies. some notes: <https:\/\/www.notion.so\/jellyapp\/notes-from-call-with-armin-steurnagel-9450c8ebe01b442a8be0cd090c09add8>",
        "user": "UNG35QZFF",
        "ts": "1570568477.001100",
        "team": "TN9LC1S6M",
        "user_team": "TN9LC1S6M",
        "source_team": "TN9LC1S6M",
        "user_profile": {
            "avatar_hash": "90c831cac8ba",
            "image_72": "https:\/\/avatars.slack-edge.com\/2019-09-17\/764115434832_90c831cac8ba4f2fc73e_72.jpg",
            "first_name": "Cindy",
            "real_name": "Cindy Wu",
            "display_name": "cindy",
            "team": "TN9LC1S6M",
            "name": "cindy",
            "is_restricted": false,
            "is_ultra_restricted": false
        },
        "attachments": [
            {
                "service_name": "Jelly on Notion",
                "title": "notes from call with armin steurnagel",
                "title_link": "https:\/\/www.notion.so\/jellyapp\/notes-from-call-with-armin-steurnagel-9450c8ebe01b442a8be0cd090c09add8",
                "text": "Armin is co-founder at Purpose.",
                "fallback": "Jelly on Notion: notes from call with armin steurnagel",
                "from_url": "https:\/\/www.notion.so\/jellyapp\/notes-from-call-with-armin-steurnagel-9450c8ebe01b442a8be0cd090c09add8",
                "service_icon": "https:\/\/www.notion.so\/images\/favicon.ico",
                "id": 1,
                "original_url": "https:\/\/www.notion.so\/jellyapp\/notes-from-call-with-armin-steurnagel-9450c8ebe01b442a8be0cd090c09add8"
            }
        ]
    },
    {
        "user": "UP6MCAL2U",
        "type": "message",
        "subtype": "channel_join",
        "ts": "1570596612.000200",
        "text": "<@UP6MCAL2U> has joined the channel",
        "reactions": [
            {
                "name": "wave",
                "users": [
                    "UNG35QZFF",
                    "UP6MCAL2U",
                    "UN74A97FV",
                    "UNZ44PXUL"
                ],
                "count": 4
            }
        ]
    }
]