[
    {
        "client_msg_id": "c050b3f4-e40a-4d37-b990-649d19c5d716",
        "type": "message",
        "text": "<!channel> notes from our call with juho (founder of sharetribe) requested by <@UNZ44PXUL> i may have gotten specifics about his company incorrect. i also added in my current thoughts about how learnings from juho apply to jelly.  <https:\/\/www.notion.so\/jellyapp\/notes-from-call-with-juho-sharetribe-f81409bb35f442b2be1bd58dbc8f6274>",
        "user": "UNG35QZFF",
        "ts": "1570507713.001700",
        "team": "TN9LC1S6M",
        "user_team": "TN9LC1S6M",
        "source_team": "TN9LC1S6M",
        "user_profile": {
            "avatar_hash": "90c831cac8ba",
            "image_72": "https:\/\/avatars.slack-edge.com\/2019-09-17\/764115434832_90c831cac8ba4f2fc73e_72.jpg",
            "first_name": "Cindy",
            "real_name": "Cindy Wu",
            "display_name": "cindy",
            "team": "TN9LC1S6M",
            "name": "cindy",
            "is_restricted": false,
            "is_ultra_restricted": false
        },
        "attachments": [
            {
                "service_name": "Jelly on Notion",
                "title": "notes from call with juho (sharetribe)",
                "title_link": "https:\/\/www.notion.so\/jellyapp\/notes-from-call-with-juho-sharetribe-f81409bb35f442b2be1bd58dbc8f6274",
                "text": "These are the notes I took from a video call with John Makkonen. All mistakes in this document are my fault.",
                "fallback": "Jelly on Notion: notes from call with juho (sharetribe)",
                "from_url": "https:\/\/www.notion.so\/jellyapp\/notes-from-call-with-juho-sharetribe-f81409bb35f442b2be1bd58dbc8f6274",
                "service_icon": "https:\/\/www.notion.so\/images\/favicon.ico",
                "id": 1,
                "original_url": "https:\/\/www.notion.so\/jellyapp\/notes-from-call-with-juho-sharetribe-f81409bb35f442b2be1bd58dbc8f6274"
            }
        ],
        "reactions": [
            {
                "name": "+1::skin-tone-4",
                "users": [
                    "UNZ44PXUL"
                ],
                "count": 1
            },
            {
                "name": "fire",
                "users": [
                    "UN74A97FV"
                ],
                "count": 1
            }
        ]
    },
    {
        "client_msg_id": "ff1ed921-37e1-4154-9e62-df2272396d0d",
        "type": "message",
        "text": "this is not intended to be shared online… it is my chicken scratch lol. if you want to share with someone else, please let me know!",
        "user": "UNG35QZFF",
        "ts": "1570507763.002800",
        "team": "TN9LC1S6M",
        "user_team": "TN9LC1S6M",
        "source_team": "TN9LC1S6M",
        "user_profile": {
            "avatar_hash": "90c831cac8ba",
            "image_72": "https:\/\/avatars.slack-edge.com\/2019-09-17\/764115434832_90c831cac8ba4f2fc73e_72.jpg",
            "first_name": "Cindy",
            "real_name": "Cindy Wu",
            "display_name": "cindy",
            "team": "TN9LC1S6M",
            "name": "cindy",
            "is_restricted": false,
            "is_ultra_restricted": false
        }
    },
    {
        "client_msg_id": "fdbed0d3-7d29-49fc-b387-d779483d4d41",
        "type": "message",
        "text": "you’re welcome to invite others into this group too.",
        "user": "UNG35QZFF",
        "ts": "1570507778.003100",
        "team": "TN9LC1S6M",
        "user_team": "TN9LC1S6M",
        "source_team": "TN9LC1S6M",
        "user_profile": {
            "avatar_hash": "90c831cac8ba",
            "image_72": "https:\/\/avatars.slack-edge.com\/2019-09-17\/764115434832_90c831cac8ba4f2fc73e_72.jpg",
            "first_name": "Cindy",
            "real_name": "Cindy Wu",
            "display_name": "cindy",
            "team": "TN9LC1S6M",
            "name": "cindy",
            "is_restricted": false,
            "is_ultra_restricted": false
        }
    },
    {
        "type": "message",
        "text": "playing around with a future cap table for us using steward-ownership",
        "files": [
            {
                "id": "FP4MXAY1J",
                "created": 1570507992,
                "timestamp": 1570507992,
                "name": "image.png",
                "title": "image.png",
                "mimetype": "image\/png",
                "filetype": "png",
                "pretty_type": "PNG",
                "user": "UNG35QZFF",
                "editable": false,
                "size": 31421,
                "mode": "hosted",
                "is_external": false,
                "external_type": "",
                "is_public": true,
                "public_url_shared": false,
                "display_as_bot": false,
                "username": "",
                "url_private": "https:\/\/files.slack.com\/files-pri\/TN9LC1S6M-FP4MXAY1J\/image.png?t=xoxe-757692060225-808518148580-808990851829-cb70f89030c5a979dfbdab397746fcee",
                "url_private_download": "https:\/\/files.slack.com\/files-pri\/TN9LC1S6M-FP4MXAY1J\/download\/image.png?t=xoxe-757692060225-808518148580-808990851829-cb70f89030c5a979dfbdab397746fcee",
                "thumb_64": "https:\/\/files.slack.com\/files-tmb\/TN9LC1S6M-FP4MXAY1J-4ab516fcae\/image_64.png?t=xoxe-757692060225-808518148580-808990851829-cb70f89030c5a979dfbdab397746fcee",
                "thumb_80": "https:\/\/files.slack.com\/files-tmb\/TN9LC1S6M-FP4MXAY1J-4ab516fcae\/image_80.png?t=xoxe-757692060225-808518148580-808990851829-cb70f89030c5a979dfbdab397746fcee",
                "thumb_360": "https:\/\/files.slack.com\/files-tmb\/TN9LC1S6M-FP4MXAY1J-4ab516fcae\/image_360.png?t=xoxe-757692060225-808518148580-808990851829-cb70f89030c5a979dfbdab397746fcee",
                "thumb_360_w": 360,
                "thumb_360_h": 46,
                "thumb_480": "https:\/\/files.slack.com\/files-tmb\/TN9LC1S6M-FP4MXAY1J-4ab516fcae\/image_480.png?t=xoxe-757692060225-808518148580-808990851829-cb70f89030c5a979dfbdab397746fcee",
                "thumb_480_w": 480,
                "thumb_480_h": 62,
                "thumb_160": "https:\/\/files.slack.com\/files-tmb\/TN9LC1S6M-FP4MXAY1J-4ab516fcae\/image_160.png?t=xoxe-757692060225-808518148580-808990851829-cb70f89030c5a979dfbdab397746fcee",
                "thumb_720": "https:\/\/files.slack.com\/files-tmb\/TN9LC1S6M-FP4MXAY1J-4ab516fcae\/image_720.png?t=xoxe-757692060225-808518148580-808990851829-cb70f89030c5a979dfbdab397746fcee",
                "thumb_720_w": 720,
                "thumb_720_h": 93,
                "thumb_800": "https:\/\/files.slack.com\/files-tmb\/TN9LC1S6M-FP4MXAY1J-4ab516fcae\/image_800.png?t=xoxe-757692060225-808518148580-808990851829-cb70f89030c5a979dfbdab397746fcee",
                "thumb_800_w": 800,
                "thumb_800_h": 103,
                "thumb_960": "https:\/\/files.slack.com\/files-tmb\/TN9LC1S6M-FP4MXAY1J-4ab516fcae\/image_960.png?t=xoxe-757692060225-808518148580-808990851829-cb70f89030c5a979dfbdab397746fcee",
                "thumb_960_w": 960,
                "thumb_960_h": 124,
                "thumb_1024": "https:\/\/files.slack.com\/files-tmb\/TN9LC1S6M-FP4MXAY1J-4ab516fcae\/image_1024.png?t=xoxe-757692060225-808518148580-808990851829-cb70f89030c5a979dfbdab397746fcee",
                "thumb_1024_w": 1024,
                "thumb_1024_h": 132,
                "image_exif_rotation": 1,
                "original_w": 1233,
                "original_h": 159,
                "thumb_tiny": "AwAGADDRAIHWlIzS0UAJijFLRQAw45pSBzSf3vrSnvQB\/9k=",
                "permalink": "https:\/\/jelly-community.slack.com\/files\/UNG35QZFF\/FP4MXAY1J\/image.png",
                "permalink_public": "https:\/\/slack-files.com\/TN9LC1S6M-FP4MXAY1J-558a12ea67",
                "is_starred": false,
                "has_rich_preview": false
            }
        ],
        "upload": true,
        "user": "UNG35QZFF",
        "display_as_bot": false,
        "ts": "1570507995.003400",
        "client_msg_id": "62592121-1363-48be-ae0b-43e1763eb38c"
    }
]