[
    {
        "user": "UNY325M8Q",
        "type": "message",
        "subtype": "channel_join",
        "ts": "1569960216.000200",
        "text": "<@UNY325M8Q> has joined the channel",
        "inviter": "UNG35QZFF"
    },
    {
        "client_msg_id": "b28e618d-c1f8-4a15-988b-46ccdb1cf982",
        "type": "message",
        "text": "if you register for <http:\/\/invesdor.com|invesdor.com> you can see the articles of incorporation and other documents for <http:\/\/sharetribe.com|sharetribe.com> <https:\/\/www.invesdor.com\/en\/pitches\/903>",
        "user": "UNG35QZFF",
        "ts": "1569960254.000700",
        "team": "TN9LC1S6M",
        "user_team": "TN9LC1S6M",
        "source_team": "TN9LC1S6M",
        "user_profile": {
            "avatar_hash": "90c831cac8ba",
            "image_72": "https:\/\/avatars.slack-edge.com\/2019-09-17\/764115434832_90c831cac8ba4f2fc73e_72.jpg",
            "first_name": "Cindy",
            "real_name": "Cindy Wu",
            "display_name": "cindy",
            "team": "TN9LC1S6M",
            "name": "cindy",
            "is_restricted": false,
            "is_ultra_restricted": false
        },
        "attachments": [
            {
                "service_name": "Invesdor",
                "title": "Sharetribe – Building a better sharing economy",
                "title_link": "https:\/\/www.invesdor.com\/en\/pitches\/903",
                "text": "Sharetribe helps entrepreneurs and organizations create their own sharing economy platforms (like Airbnb or Uber) quickly and with a low budget. Our mission is to democratize the sharing economy by making platform technology accessible to everyone.",
                "fallback": "Invesdor: Sharetribe – Building a better sharing economy",
                "image_url": "https:\/\/invesdor-cdn.com\/1\/business-plan\/913\/og-84c69fca1544df882c90ca9ed67bae0f.jpg",
                "from_url": "https:\/\/www.invesdor.com\/en\/pitches\/903",
                "image_width": 587,
                "image_height": 250,
                "image_bytes": 307857,
                "service_icon": "https:\/\/www.invesdor.com\/favicon.ico",
                "id": 1,
                "original_url": "https:\/\/www.invesdor.com\/en\/pitches\/903"
            }
        ]
    },
    {
        "client_msg_id": "8b9e7a65-fbde-4915-acba-a30056e61178",
        "type": "message",
        "text": "denny and i spoke with juho the founder of <http:\/\/sharetribe.com|sharetribe.com> on sunday night and learned a lot! they’re a finnish company and we’re an american company, so we’re going to have to get creative with our own legal docs. the only other american steward-owned company i know of is <http:\/\/zielwear.com|zielwear.com>. trying to get in touch with the founder marleen.",
        "user": "UNG35QZFF",
        "ts": "1569960333.002400",
        "team": "TN9LC1S6M",
        "user_team": "TN9LC1S6M",
        "source_team": "TN9LC1S6M",
        "user_profile": {
            "avatar_hash": "90c831cac8ba",
            "image_72": "https:\/\/avatars.slack-edge.com\/2019-09-17\/764115434832_90c831cac8ba4f2fc73e_72.jpg",
            "first_name": "Cindy",
            "real_name": "Cindy Wu",
            "display_name": "cindy",
            "team": "TN9LC1S6M",
            "name": "cindy",
            "is_restricted": false,
            "is_ultra_restricted": false
        }
    },
    {
        "client_msg_id": "d79b3b29-2c96-4665-b28f-4b57ce00c5bc",
        "type": "message",
        "text": ":wave::skin-tone-4: <@UNY325M8Q>",
        "user": "UNG35QZFF",
        "ts": "1569969453.003800",
        "team": "TN9LC1S6M",
        "user_team": "TN9LC1S6M",
        "source_team": "TN9LC1S6M",
        "user_profile": {
            "avatar_hash": "90c831cac8ba",
            "image_72": "https:\/\/avatars.slack-edge.com\/2019-09-17\/764115434832_90c831cac8ba4f2fc73e_72.jpg",
            "first_name": "Cindy",
            "real_name": "Cindy Wu",
            "display_name": "cindy",
            "team": "TN9LC1S6M",
            "name": "cindy",
            "is_restricted": false,
            "is_ultra_restricted": false
        }
    },
    {
        "user": "UNJ95CKPG",
        "type": "message",
        "subtype": "channel_join",
        "ts": "1569969458.004000",
        "text": "<@UNJ95CKPG> has joined the channel"
    },
    {
        "client_msg_id": "803a1794-643d-4d69-9c19-6cb56aee6725",
        "type": "message",
        "text": "i learned today that <http:\/\/nextjournal.com|nextjournal.com> is also interested in the steward-ownership model",
        "user": "UNG35QZFF",
        "ts": "1569969505.004400",
        "team": "TN9LC1S6M",
        "user_team": "TN9LC1S6M",
        "source_team": "TN9LC1S6M",
        "user_profile": {
            "avatar_hash": "90c831cac8ba",
            "image_72": "https:\/\/avatars.slack-edge.com\/2019-09-17\/764115434832_90c831cac8ba4f2fc73e_72.jpg",
            "first_name": "Cindy",
            "real_name": "Cindy Wu",
            "display_name": "cindy",
            "team": "TN9LC1S6M",
            "name": "cindy",
            "is_restricted": false,
            "is_ultra_restricted": false
        }
    },
    {
        "type": "message",
        "text": "",
        "files": [
            {
                "id": "FNRSH0WKT",
                "created": 1569969524,
                "timestamp": 1569969524,
                "name": "image.png",
                "title": "image.png",
                "mimetype": "image\/png",
                "filetype": "png",
                "pretty_type": "PNG",
                "user": "UNG35QZFF",
                "editable": false,
                "size": 122658,
                "mode": "hosted",
                "is_external": false,
                "external_type": "",
                "is_public": true,
                "public_url_shared": false,
                "display_as_bot": false,
                "username": "",
                "url_private": "https:\/\/files.slack.com\/files-pri\/TN9LC1S6M-FNRSH0WKT\/image.png?t=xoxe-757692060225-808518148580-808990851829-cb70f89030c5a979dfbdab397746fcee",
                "url_private_download": "https:\/\/files.slack.com\/files-pri\/TN9LC1S6M-FNRSH0WKT\/download\/image.png?t=xoxe-757692060225-808518148580-808990851829-cb70f89030c5a979dfbdab397746fcee",
                "thumb_64": "https:\/\/files.slack.com\/files-tmb\/TN9LC1S6M-FNRSH0WKT-0d0730dbc0\/image_64.png?t=xoxe-757692060225-808518148580-808990851829-cb70f89030c5a979dfbdab397746fcee",
                "thumb_80": "https:\/\/files.slack.com\/files-tmb\/TN9LC1S6M-FNRSH0WKT-0d0730dbc0\/image_80.png?t=xoxe-757692060225-808518148580-808990851829-cb70f89030c5a979dfbdab397746fcee",
                "thumb_360": "https:\/\/files.slack.com\/files-tmb\/TN9LC1S6M-FNRSH0WKT-0d0730dbc0\/image_360.png?t=xoxe-757692060225-808518148580-808990851829-cb70f89030c5a979dfbdab397746fcee",
                "thumb_360_w": 360,
                "thumb_360_h": 157,
                "thumb_480": "https:\/\/files.slack.com\/files-tmb\/TN9LC1S6M-FNRSH0WKT-0d0730dbc0\/image_480.png?t=xoxe-757692060225-808518148580-808990851829-cb70f89030c5a979dfbdab397746fcee",
                "thumb_480_w": 480,
                "thumb_480_h": 209,
                "thumb_160": "https:\/\/files.slack.com\/files-tmb\/TN9LC1S6M-FNRSH0WKT-0d0730dbc0\/image_160.png?t=xoxe-757692060225-808518148580-808990851829-cb70f89030c5a979dfbdab397746fcee",
                "thumb_720": "https:\/\/files.slack.com\/files-tmb\/TN9LC1S6M-FNRSH0WKT-0d0730dbc0\/image_720.png?t=xoxe-757692060225-808518148580-808990851829-cb70f89030c5a979dfbdab397746fcee",
                "thumb_720_w": 720,
                "thumb_720_h": 313,
                "thumb_800": "https:\/\/files.slack.com\/files-tmb\/TN9LC1S6M-FNRSH0WKT-0d0730dbc0\/image_800.png?t=xoxe-757692060225-808518148580-808990851829-cb70f89030c5a979dfbdab397746fcee",
                "thumb_800_w": 800,
                "thumb_800_h": 348,
                "thumb_960": "https:\/\/files.slack.com\/files-tmb\/TN9LC1S6M-FNRSH0WKT-0d0730dbc0\/image_960.png?t=xoxe-757692060225-808518148580-808990851829-cb70f89030c5a979dfbdab397746fcee",
                "thumb_960_w": 960,
                "thumb_960_h": 418,
                "image_exif_rotation": 1,
                "original_w": 965,
                "original_h": 420,
                "permalink": "https:\/\/jelly-community.slack.com\/files\/UNG35QZFF\/FNRSH0WKT\/image.png",
                "permalink_public": "https:\/\/slack-files.com\/TN9LC1S6M-FNRSH0WKT-7493298b4e",
                "is_starred": false,
                "has_rich_preview": false
            }
        ],
        "upload": true,
        "user": "UNG35QZFF",
        "display_as_bot": false,
        "ts": "1569969528.004500",
        "client_msg_id": "2e52013b-3a66-4521-a5bf-e80070e677a3"
    }
]