[
    {
        "user": "UN74A97FV",
        "type": "message",
        "subtype": "channel_join",
        "ts": "1570114390.009100",
        "text": "<@UN74A97FV> has joined the channel"
    },
    {
        "client_msg_id": "caf35764-acda-4763-a064-cf1c33a0b598",
        "type": "message",
        "text": "greetings",
        "user": "UN74A97FV",
        "ts": "1570114393.009300",
        "team": "TN9LC1S6M",
        "user_team": "TN9LC1S6M",
        "source_team": "TN9LC1S6M",
        "user_profile": {
            "avatar_hash": "gece0186c6ef",
            "image_72": "https:\/\/secure.gravatar.com\/avatar\/ece0186c6ef6197201c058eb16af0684.jpg?s=72&d=https%3A%2F%2Fa.slack-edge.com%2Fdf10d%2Fimg%2Favatars%2Fava_0015-72.png",
            "first_name": "Skander",
            "real_name": "Skander",
            "display_name": "skander",
            "team": "TN9LC1S6M",
            "name": "skanderm",
            "is_restricted": false,
            "is_ultra_restricted": false
        }
    },
    {
        "client_msg_id": "bec2f479-2bc6-46d4-a003-d90ed62f6490",
        "type": "message",
        "text": "greetings <@UN74A97FV>",
        "user": "UNG35QZFF",
        "ts": "1570129310.009500",
        "team": "TN9LC1S6M",
        "user_team": "TN9LC1S6M",
        "source_team": "TN9LC1S6M",
        "user_profile": {
            "avatar_hash": "90c831cac8ba",
            "image_72": "https:\/\/avatars.slack-edge.com\/2019-09-17\/764115434832_90c831cac8ba4f2fc73e_72.jpg",
            "first_name": "Cindy",
            "real_name": "Cindy Wu",
            "display_name": "cindy",
            "team": "TN9LC1S6M",
            "name": "cindy",
            "is_restricted": false,
            "is_ultra_restricted": false
        },
        "reactions": [
            {
                "name": "wave",
                "users": [
                    "UN74A97FV"
                ],
                "count": 1
            }
        ]
    }
]