[
    {
        "user": "UNZ44PXUL",
        "type": "message",
        "subtype": "channel_join",
        "ts": "1570044522.000200",
        "text": "<@UNZ44PXUL> has joined the channel",
        "inviter": "UNG35QZFF"
    },
    {
        "client_msg_id": "fa2fe6eb-165f-4755-80e7-dfe5d04b89f5",
        "type": "message",
        "text": "<@UNG35QZFF> thanks for the invite! :wave::skin-tone-4:",
        "user": "UNZ44PXUL",
        "ts": "1570049656.000600",
        "team": "TN9LC1S6M",
        "user_team": "TN9LC1S6M",
        "source_team": "TN9LC1S6M",
        "user_profile": {
            "avatar_hash": "7a4e0b1482e0",
            "image_72": "https:\/\/avatars.slack-edge.com\/2019-10-02\/768939443154_7a4e0b1482e0868c0a7a_72.jpg",
            "first_name": "",
            "real_name": "praful",
            "display_name": "praful",
            "team": "TN9LC1S6M",
            "name": "praful.mathur",
            "is_restricted": false,
            "is_ultra_restricted": false
        },
        "reactions": [
            {
                "name": "wave",
                "users": [
                    "UNPPANK60"
                ],
                "count": 1
            }
        ]
    },
    {
        "client_msg_id": "82de501f-6dda-4501-88b9-ca9db28d105a",
        "type": "message",
        "text": "hello hello! welcome <@UNZ44PXUL>",
        "user": "UNG35QZFF",
        "ts": "1570050176.000800",
        "team": "TN9LC1S6M",
        "user_team": "TN9LC1S6M",
        "source_team": "TN9LC1S6M",
        "user_profile": {
            "avatar_hash": "90c831cac8ba",
            "image_72": "https:\/\/avatars.slack-edge.com\/2019-09-17\/764115434832_90c831cac8ba4f2fc73e_72.jpg",
            "first_name": "Cindy",
            "real_name": "Cindy Wu",
            "display_name": "cindy",
            "team": "TN9LC1S6M",
            "name": "cindy",
            "is_restricted": false,
            "is_ultra_restricted": false
        }
    },
    {
        "client_msg_id": "e7945247-846a-4663-af86-7e97f3e51633",
        "type": "message",
        "text": "have you spoken to Armin Steuernagel from that TedX talk?",
        "user": "UNZ44PXUL",
        "ts": "1570051538.001200",
        "team": "TN9LC1S6M",
        "user_team": "TN9LC1S6M",
        "source_team": "TN9LC1S6M",
        "user_profile": {
            "avatar_hash": "7a4e0b1482e0",
            "image_72": "https:\/\/avatars.slack-edge.com\/2019-10-02\/768939443154_7a4e0b1482e0868c0a7a_72.jpg",
            "first_name": "",
            "real_name": "praful",
            "display_name": "praful",
            "team": "TN9LC1S6M",
            "name": "praful.mathur",
            "is_restricted": false,
            "is_ultra_restricted": false
        },
        "edited": {
            "user": "UNZ44PXUL",
            "ts": "1570051544.000000"
        },
        "thread_ts": "1570051538.001200",
        "reply_count": 2,
        "reply_users_count": 2,
        "latest_reply": "1570053454.002100",
        "reply_users": [
            "UNG35QZFF",
            "UNZ44PXUL"
        ],
        "replies": [
            {
                "user": "UNG35QZFF",
                "ts": "1570053445.001900"
            },
            {
                "user": "UNZ44PXUL",
                "ts": "1570053454.002100"
            }
        ],
        "subscribed": true,
        "last_read": "1570053454.002100"
    },
    {
        "client_msg_id": "498cd73b-6fc5-408b-aaf1-68b6fb960778",
        "type": "message",
        "text": "<@UNJ95CKPG> or <@UNG35QZFF> -- do you have notes from the conversation with sharetribe",
        "user": "UNZ44PXUL",
        "ts": "1570052622.001700",
        "team": "TN9LC1S6M",
        "user_team": "TN9LC1S6M",
        "source_team": "TN9LC1S6M",
        "user_profile": {
            "avatar_hash": "7a4e0b1482e0",
            "image_72": "https:\/\/avatars.slack-edge.com\/2019-10-02\/768939443154_7a4e0b1482e0868c0a7a_72.jpg",
            "first_name": "",
            "real_name": "praful",
            "display_name": "praful",
            "team": "TN9LC1S6M",
            "name": "praful.mathur",
            "is_restricted": false,
            "is_ultra_restricted": false
        },
        "thread_ts": "1570052622.001700",
        "reply_count": 2,
        "reply_users_count": 2,
        "latest_reply": "1570053461.002500",
        "reply_users": [
            "UNG35QZFF",
            "UNZ44PXUL"
        ],
        "replies": [
            {
                "user": "UNG35QZFF",
                "ts": "1570053455.002300"
            },
            {
                "user": "UNZ44PXUL",
                "ts": "1570053461.002500"
            }
        ],
        "subscribed": true,
        "last_read": "1570053461.002500"
    },
    {
        "client_msg_id": "7311a6db-b8e8-4248-836d-7daab17e0ad8",
        "type": "message",
        "text": "speaking with armin on next monday night",
        "user": "UNG35QZFF",
        "ts": "1570053445.001900",
        "team": "TN9LC1S6M",
        "user_team": "TN9LC1S6M",
        "source_team": "TN9LC1S6M",
        "user_profile": {
            "avatar_hash": "90c831cac8ba",
            "image_72": "https:\/\/avatars.slack-edge.com\/2019-09-17\/764115434832_90c831cac8ba4f2fc73e_72.jpg",
            "first_name": "Cindy",
            "real_name": "Cindy Wu",
            "display_name": "cindy",
            "team": "TN9LC1S6M",
            "name": "cindy",
            "is_restricted": false,
            "is_ultra_restricted": false
        },
        "thread_ts": "1570051538.001200",
        "parent_user_id": "UNZ44PXUL"
    },
    {
        "client_msg_id": "f410fd16-b158-4dd1-9970-863f0a2b80fe",
        "type": "message",
        "text": "oh sweet",
        "user": "UNZ44PXUL",
        "ts": "1570053454.002100",
        "team": "TN9LC1S6M",
        "user_team": "TN9LC1S6M",
        "source_team": "TN9LC1S6M",
        "user_profile": {
            "avatar_hash": "7a4e0b1482e0",
            "image_72": "https:\/\/avatars.slack-edge.com\/2019-10-02\/768939443154_7a4e0b1482e0868c0a7a_72.jpg",
            "first_name": "",
            "real_name": "praful",
            "display_name": "praful",
            "team": "TN9LC1S6M",
            "name": "praful.mathur",
            "is_restricted": false,
            "is_ultra_restricted": false
        },
        "thread_ts": "1570051538.001200",
        "parent_user_id": "UNZ44PXUL"
    },
    {
        "client_msg_id": "6bf59c8b-51b0-4074-8e84-3d5f6adb027e",
        "type": "message",
        "text": "not yet, but i’ll write some up",
        "user": "UNG35QZFF",
        "ts": "1570053455.002300",
        "team": "TN9LC1S6M",
        "user_team": "TN9LC1S6M",
        "source_team": "TN9LC1S6M",
        "user_profile": {
            "avatar_hash": "90c831cac8ba",
            "image_72": "https:\/\/avatars.slack-edge.com\/2019-09-17\/764115434832_90c831cac8ba4f2fc73e_72.jpg",
            "first_name": "Cindy",
            "real_name": "Cindy Wu",
            "display_name": "cindy",
            "team": "TN9LC1S6M",
            "name": "cindy",
            "is_restricted": false,
            "is_ultra_restricted": false
        },
        "thread_ts": "1570052622.001700",
        "parent_user_id": "UNZ44PXUL"
    },
    {
        "client_msg_id": "6f00c6af-2bc5-4b9d-aafd-b16e87778ee9",
        "type": "message",
        "text": "thank you!",
        "user": "UNZ44PXUL",
        "ts": "1570053461.002500",
        "team": "TN9LC1S6M",
        "user_team": "TN9LC1S6M",
        "source_team": "TN9LC1S6M",
        "user_profile": {
            "avatar_hash": "7a4e0b1482e0",
            "image_72": "https:\/\/avatars.slack-edge.com\/2019-10-02\/768939443154_7a4e0b1482e0868c0a7a_72.jpg",
            "first_name": "",
            "real_name": "praful",
            "display_name": "praful",
            "team": "TN9LC1S6M",
            "name": "praful.mathur",
            "is_restricted": false,
            "is_ultra_restricted": false
        },
        "thread_ts": "1570052622.001700",
        "parent_user_id": "UNZ44PXUL"
    },
    {
        "client_msg_id": "97658f42-9316-4f10-8dca-e01a83499c19",
        "type": "message",
        "text": "I’ve read parts of the PDF",
        "user": "UNZ44PXUL",
        "ts": "1570053474.002800",
        "team": "TN9LC1S6M",
        "user_team": "TN9LC1S6M",
        "source_team": "TN9LC1S6M",
        "user_profile": {
            "avatar_hash": "7a4e0b1482e0",
            "image_72": "https:\/\/avatars.slack-edge.com\/2019-10-02\/768939443154_7a4e0b1482e0868c0a7a_72.jpg",
            "first_name": "",
            "real_name": "praful",
            "display_name": "praful",
            "team": "TN9LC1S6M",
            "name": "praful.mathur",
            "is_restricted": false,
            "is_ultra_restricted": false
        }
    },
    {
        "client_msg_id": "27a3d632-f6b5-4e06-a51e-0eab2e8f65b3",
        "type": "message",
        "text": "it’s really long but was interested in how you bridge the gap with VC and debt markets",
        "user": "UNZ44PXUL",
        "ts": "1570053488.003300",
        "team": "TN9LC1S6M",
        "user_team": "TN9LC1S6M",
        "source_team": "TN9LC1S6M",
        "user_profile": {
            "avatar_hash": "7a4e0b1482e0",
            "image_72": "https:\/\/avatars.slack-edge.com\/2019-10-02\/768939443154_7a4e0b1482e0868c0a7a_72.jpg",
            "first_name": "",
            "real_name": "praful",
            "display_name": "praful",
            "team": "TN9LC1S6M",
            "name": "praful.mathur",
            "is_restricted": false,
            "is_ultra_restricted": false
        },
        "reactions": [
            {
                "name": "eyes",
                "users": [
                    "UNG35QZFF"
                ],
                "count": 1
            }
        ]
    },
    {
        "client_msg_id": "72f5eb69-6ed2-44bd-ba02-f6f4a0dc5b9f",
        "type": "message",
        "text": "but there’s some interesting overlaps with the stuff that’s going on in the crypto space as part of all this because they’re grappling with similar issues of how to engage capital markets within networks",
        "user": "UNZ44PXUL",
        "ts": "1570053530.004400",
        "team": "TN9LC1S6M",
        "user_team": "TN9LC1S6M",
        "source_team": "TN9LC1S6M",
        "user_profile": {
            "avatar_hash": "7a4e0b1482e0",
            "image_72": "https:\/\/avatars.slack-edge.com\/2019-10-02\/768939443154_7a4e0b1482e0868c0a7a_72.jpg",
            "first_name": "",
            "real_name": "praful",
            "display_name": "praful",
            "team": "TN9LC1S6M",
            "name": "praful.mathur",
            "is_restricted": false,
            "is_ultra_restricted": false
        }
    },
    {
        "client_msg_id": "ac92c0e5-012a-4a50-950f-1262f21fe325",
        "type": "message",
        "text": "their idea is to subsume the entire global economy :shrug::skin-tone-4:",
        "user": "UNZ44PXUL",
        "ts": "1570053554.004900",
        "team": "TN9LC1S6M",
        "user_team": "TN9LC1S6M",
        "source_team": "TN9LC1S6M",
        "user_profile": {
            "avatar_hash": "7a4e0b1482e0",
            "image_72": "https:\/\/avatars.slack-edge.com\/2019-10-02\/768939443154_7a4e0b1482e0868c0a7a_72.jpg",
            "first_name": "",
            "real_name": "praful",
            "display_name": "praful",
            "team": "TN9LC1S6M",
            "name": "praful.mathur",
            "is_restricted": false,
            "is_ultra_restricted": false
        }
    },
    {
        "client_msg_id": "57d121b1-114b-4c2b-85d7-8195197edf93",
        "type": "message",
        "text": "its ok if we start with a small part of the global economy first",
        "user": "UNJ95CKPG",
        "ts": "1570053586.005400",
        "team": "TN9LC1S6M",
        "user_team": "TN9LC1S6M",
        "source_team": "TN9LC1S6M",
        "user_profile": {
            "avatar_hash": "3c827ecd0300",
            "image_72": "https:\/\/avatars.slack-edge.com\/2019-09-23\/759234742083_3c827ecd0300e7312f4f_72.png",
            "first_name": "Denny",
            "real_name": "Denny",
            "display_name": "denny",
            "team": "TN9LC1S6M",
            "name": "denny",
            "is_restricted": false,
            "is_ultra_restricted": false
        },
        "reactions": [
            {
                "name": "joy",
                "users": [
                    "UNZ44PXUL",
                    "UNB6R8QP5"
                ],
                "count": 2
            },
            {
                "name": "+1::skin-tone-4",
                "users": [
                    "UNZ44PXUL"
                ],
                "count": 1
            },
            {
                "name": "100",
                "users": [
                    "UNZ44PXUL"
                ],
                "count": 1
            }
        ]
    },
    {
        "client_msg_id": "bb8f265f-c2f8-4c43-b715-ea99ce318985",
        "type": "message",
        "text": ":slightly_smiling_face:",
        "user": "UNJ95CKPG",
        "ts": "1570053588.005700",
        "team": "TN9LC1S6M",
        "user_team": "TN9LC1S6M",
        "source_team": "TN9LC1S6M",
        "user_profile": {
            "avatar_hash": "3c827ecd0300",
            "image_72": "https:\/\/avatars.slack-edge.com\/2019-09-23\/759234742083_3c827ecd0300e7312f4f_72.png",
            "first_name": "Denny",
            "real_name": "Denny",
            "display_name": "denny",
            "team": "TN9LC1S6M",
            "name": "denny",
            "is_restricted": false,
            "is_ultra_restricted": false
        }
    },
    {
        "client_msg_id": "4b56d940-cfed-4dd1-bae1-530f0f4c422b",
        "type": "message",
        "text": "haha that’s what I think too",
        "user": "UNZ44PXUL",
        "ts": "1570053638.005900",
        "team": "TN9LC1S6M",
        "user_team": "TN9LC1S6M",
        "source_team": "TN9LC1S6M",
        "user_profile": {
            "avatar_hash": "7a4e0b1482e0",
            "image_72": "https:\/\/avatars.slack-edge.com\/2019-10-02\/768939443154_7a4e0b1482e0868c0a7a_72.jpg",
            "first_name": "",
            "real_name": "praful",
            "display_name": "praful",
            "team": "TN9LC1S6M",
            "name": "praful.mathur",
            "is_restricted": false,
            "is_ultra_restricted": false
        }
    },
    {
        "client_msg_id": "f45a6412-69ea-4f39-b736-a2290c4cddfd",
        "type": "message",
        "text": "I like how sharetribe is capping returns to 5x",
        "user": "UNZ44PXUL",
        "ts": "1570053697.006600",
        "team": "TN9LC1S6M",
        "user_team": "TN9LC1S6M",
        "source_team": "TN9LC1S6M",
        "user_profile": {
            "avatar_hash": "7a4e0b1482e0",
            "image_72": "https:\/\/avatars.slack-edge.com\/2019-10-02\/768939443154_7a4e0b1482e0868c0a7a_72.jpg",
            "first_name": "",
            "real_name": "praful",
            "display_name": "praful",
            "team": "TN9LC1S6M",
            "name": "praful.mathur",
            "is_restricted": false,
            "is_ultra_restricted": false
        }
    },
    {
        "client_msg_id": "f4c71b38-31bd-436c-b6dc-c6515c806397",
        "type": "message",
        "text": "and steward corps remove the incentives behind most financial engineering",
        "user": "UNZ44PXUL",
        "ts": "1570053764.007600",
        "team": "TN9LC1S6M",
        "user_team": "TN9LC1S6M",
        "source_team": "TN9LC1S6M",
        "user_profile": {
            "avatar_hash": "7a4e0b1482e0",
            "image_72": "https:\/\/avatars.slack-edge.com\/2019-10-02\/768939443154_7a4e0b1482e0868c0a7a_72.jpg",
            "first_name": "",
            "real_name": "praful",
            "display_name": "praful",
            "team": "TN9LC1S6M",
            "name": "praful.mathur",
            "is_restricted": false,
            "is_ultra_restricted": false
        }
    },
    {
        "client_msg_id": "4670cba8-603c-4379-ada0-63ef9ca50a65",
        "type": "message",
        "text": "and narrative-driven capitalization where you get crazy multiples despite underlying fundamentals (see: WeWork, Peloton)",
        "user": "UNZ44PXUL",
        "ts": "1570053821.008700",
        "team": "TN9LC1S6M",
        "user_team": "TN9LC1S6M",
        "source_team": "TN9LC1S6M",
        "user_profile": {
            "avatar_hash": "7a4e0b1482e0",
            "image_72": "https:\/\/avatars.slack-edge.com\/2019-10-02\/768939443154_7a4e0b1482e0868c0a7a_72.jpg",
            "first_name": "",
            "real_name": "praful",
            "display_name": "praful",
            "team": "TN9LC1S6M",
            "name": "praful.mathur",
            "is_restricted": false,
            "is_ultra_restricted": false
        },
        "reactions": [
            {
                "name": "eyes",
                "users": [
                    "UNG35QZFF"
                ],
                "count": 1
            }
        ]
    }
]