[
    {
        "client_msg_id": "451a4c4e-540b-4d09-bc14-dd9f224eee80",
        "type": "message",
        "text": "I wonder if the steward ownership model can be used to transition companies to worker-controlled ones by separating economic and voting rights",
        "user": "UN74A97FV",
        "ts": "1570210291.010200",
        "team": "TN9LC1S6M",
        "user_team": "TN9LC1S6M",
        "source_team": "TN9LC1S6M",
        "user_profile": {
            "avatar_hash": "gece0186c6ef",
            "image_72": "https:\/\/secure.gravatar.com\/avatar\/ece0186c6ef6197201c058eb16af0684.jpg?s=72&d=https%3A%2F%2Fa.slack-edge.com%2Fdf10d%2Fimg%2Favatars%2Fava_0015-72.png",
            "first_name": "Skander",
            "real_name": "Skander",
            "display_name": "skander",
            "team": "TN9LC1S6M",
            "name": "skanderm",
            "is_restricted": false,
            "is_ultra_restricted": false
        },
        "thread_ts": "1570210291.010200",
        "reply_count": 1,
        "reply_users_count": 1,
        "latest_reply": "1570230101.010500",
        "reply_users": [
            "UNG35QZFF"
        ],
        "replies": [
            {
                "user": "UNG35QZFF",
                "ts": "1570230101.010500"
            }
        ],
        "subscribed": true,
        "last_read": "1570230101.010500"
    },
    {
        "client_msg_id": "043575de-e666-40cb-8396-7ec3873a14f1",
        "type": "message",
        "text": "i think it is possible… it sounds like a legal nightmare for a company with multiple investor shareholders with voting rights to transition to a class of shares that has no voting rights. sharetribe did it… they had two investors on the cap table at the time. i have run the thought experiment of doing it with experiment, but seems like we would never win.\n\nthough! i profitable company could start to buy out their investors… or let their workers slowly buy out the investors (the employee stock ownership plan model) using a percentage of their wages.\n\ni think transition from investor-owned\/investor-controlled to worker-controlled\/worker-owned is possible.\n\ntransition from investor-owned\/investor-controlled to worker-controlled\/investor-owned seems super super difficult.",
        "user": "UNG35QZFF",
        "ts": "1570230101.010500",
        "team": "TN9LC1S6M",
        "user_team": "TN9LC1S6M",
        "source_team": "TN9LC1S6M",
        "user_profile": {
            "avatar_hash": "90c831cac8ba",
            "image_72": "https:\/\/avatars.slack-edge.com\/2019-09-17\/764115434832_90c831cac8ba4f2fc73e_72.jpg",
            "first_name": "Cindy",
            "real_name": "Cindy Wu",
            "display_name": "cindy",
            "team": "TN9LC1S6M",
            "name": "cindy",
            "is_restricted": false,
            "is_ultra_restricted": false
        },
        "thread_ts": "1570210291.010200",
        "parent_user_id": "UN74A97FV",
        "reactions": [
            {
                "name": "+1",
                "users": [
                    "UN74A97FV",
                    "UNZ44PXUL"
                ],
                "count": 2
            }
        ]
    }
]