[
    {
        "client_msg_id": "eaa6d8c0-6e42-47ed-85c7-34f71ea11e49",
        "type": "message",
        "text": "Emailed Juho the founder of <http:\/\/sharetribe.com|sharetribe.com> to see if he can tell me more about what’s worked and what hasn’t worked for them. <https:\/\/medium.com\/bettersharing\/steward-ownership-is-capitalism-2-0-76a1c50a6d88>",
        "user": "UNG35QZFF",
        "ts": "1569317557.002400",
        "team": "TN9LC1S6M",
        "user_team": "TN9LC1S6M",
        "source_team": "TN9LC1S6M",
        "user_profile": {
            "avatar_hash": "90c831cac8ba",
            "image_72": "https:\/\/avatars.slack-edge.com\/2019-09-17\/764115434832_90c831cac8ba4f2fc73e_72.jpg",
            "first_name": "Cindy",
            "real_name": "Cindy Wu",
            "display_name": "cindy",
            "team": "TN9LC1S6M",
            "name": "cindy",
            "is_restricted": false,
            "is_ultra_restricted": false
        },
        "attachments": [
            {
                "service_name": "Medium",
                "title": "Steward-ownership is capitalism 2.0",
                "title_link": "https:\/\/medium.com\/bettersharing\/steward-ownership-is-capitalism-2-0-76a1c50a6d88",
                "text": "In my previous post, I explained why we need to change incentive structures if we want to build companies that are a force for good in…",
                "fallback": "Medium: Steward-ownership is capitalism 2.0",
                "image_url": "https:\/\/miro.medium.com\/max\/1200\/1*7qJBkNMcJ2XbYXV1zZv2yA.jpeg",
                "fields": [
                    {
                        "title": "Reading time",
                        "value": "14 min read",
                        "short": true
                    }
                ],
                "ts": 1530084076,
                "from_url": "https:\/\/medium.com\/bettersharing\/steward-ownership-is-capitalism-2-0-76a1c50a6d88",
                "image_width": 377,
                "image_height": 250,
                "image_bytes": 369425,
                "service_icon": "https:\/\/cdn-images-1.medium.com\/fit\/c\/152\/152\/1*8I-HPL0bfoIzGied-dzOvA.png",
                "id": 1,
                "original_url": "https:\/\/medium.com\/bettersharing\/steward-ownership-is-capitalism-2-0-76a1c50a6d88"
            }
        ],
        "thread_ts": "1569317557.002400",
        "reply_count": 1,
        "reply_users_count": 1,
        "latest_reply": "1569358099.000100",
        "reply_users": [
            "UNG35QZFF"
        ],
        "replies": [
            {
                "user": "UNG35QZFF",
                "ts": "1569358099.000100"
            }
        ],
        "subscribed": true,
        "last_read": "1569358099.000100"
    },
    {
        "client_msg_id": "78faec6d-a85c-4767-ab3a-c667d12838f7",
        "type": "message",
        "text": "yay he responded and said he’s happy to help",
        "user": "UNG35QZFF",
        "ts": "1569358099.000100",
        "team": "TN9LC1S6M",
        "user_team": "TN9LC1S6M",
        "source_team": "TN9LC1S6M",
        "user_profile": {
            "avatar_hash": "90c831cac8ba",
            "image_72": "https:\/\/avatars.slack-edge.com\/2019-09-17\/764115434832_90c831cac8ba4f2fc73e_72.jpg",
            "first_name": "Cindy",
            "real_name": "Cindy Wu",
            "display_name": "cindy",
            "team": "TN9LC1S6M",
            "name": "cindy",
            "is_restricted": false,
            "is_ultra_restricted": false
        },
        "thread_ts": "1569317557.002400",
        "parent_user_id": "UNG35QZFF"
    },
    {
        "user": "UNPPANK60",
        "type": "message",
        "subtype": "channel_join",
        "ts": "1569382317.000200",
        "text": "<@UNPPANK60> has joined the channel"
    }
]