[
    {
        "client_msg_id": "747a9f38-aa7b-4b0c-a6d3-deb5fca56e81",
        "type": "message",
        "text": "found two more founders in america with existing companies in the transition to steward-ownership. gonna talk to them!",
        "user": "UNG35QZFF",
        "ts": "1571260284.000500",
        "team": "TN9LC1S6M",
        "user_team": "TN9LC1S6M",
        "source_team": "TN9LC1S6M",
        "user_profile": {
            "avatar_hash": "90c831cac8ba",
            "image_72": "https:\/\/avatars.slack-edge.com\/2019-09-17\/764115434832_90c831cac8ba4f2fc73e_72.jpg",
            "first_name": "Cindy",
            "real_name": "Cindy Wu",
            "display_name": "cindy",
            "team": "TN9LC1S6M",
            "name": "cindy",
            "is_restricted": false,
            "is_ultra_restricted": false
        }
    },
    {
        "user": "UPJ1RNSCX",
        "type": "message",
        "subtype": "channel_join",
        "ts": "1571261128.000700",
        "text": "<@UPJ1RNSCX> has joined the channel",
        "reactions": [
            {
                "name": "wave",
                "users": [
                    "UNG35QZFF",
                    "UN74A97FV"
                ],
                "count": 2
            }
        ]
    },
    {
        "user": "UPG47FB4G",
        "type": "message",
        "subtype": "channel_join",
        "ts": "1571262880.001000",
        "text": "<@UPG47FB4G> has joined the channel"
    }
]