[
    {
        "user": "UPG4QKDB7",
        "type": "message",
        "subtype": "channel_join",
        "ts": "1571409326.002900",
        "text": "<@UPG4QKDB7> has joined the channel"
    },
    {
        "client_msg_id": "2c5487bf-2232-4f7d-b93f-ae423b3fc4d0",
        "type": "message",
        "text": "Hey, I wanted to share this learning journey report we just published on steward-ownership and alternative financing in the US. It takes about the growing demand for these structures, the challenges entrepenurs nad investors face, and looks at other more know alt ownership structures (ESOP, cooperatives, etc.)",
        "user": "UPJ1RNSCX",
        "ts": "1571423269.003400",
        "team": "TN9LC1S6M",
        "user_team": "TN9LC1S6M",
        "source_team": "TN9LC1S6M",
        "user_profile": {
            "avatar_hash": "g7c990b6bb81",
            "image_72": "https:\/\/secure.gravatar.com\/avatar\/7c990b6bb8126f1d5e74202d5adb8540.jpg?s=72&d=https%3A%2F%2Fa.slack-edge.com%2Fdf10d%2Fimg%2Favatars%2Fava_0025-72.png",
            "first_name": "",
            "real_name": "Camille",
            "display_name": "Camille",
            "team": "TN9LC1S6M",
            "name": "camille",
            "is_restricted": false,
            "is_ultra_restricted": false
        },
        "edited": {
            "user": "UPJ1RNSCX",
            "ts": "1571423330.000000"
        },
        "reactions": [
            {
                "name": "heart_eyes",
                "users": [
                    "UNG35QZFF"
                ],
                "count": 1
            },
            {
                "name": "fire",
                "users": [
                    "UN74A97FV"
                ],
                "count": 1
            }
        ]
    },
    {
        "client_msg_id": "e5ad568e-9d1e-48ad-b7d1-073e5eedb9dd",
        "type": "message",
        "text": "<https:\/\/purpose-economy.org\/wp-content\/uploads\/2019\/10\/Purpose_LearningJourneyReport_2019.pdf>?",
        "user": "UPJ1RNSCX",
        "ts": "1571423270.003600",
        "team": "TN9LC1S6M",
        "user_team": "TN9LC1S6M",
        "source_team": "TN9LC1S6M",
        "user_profile": {
            "avatar_hash": "g7c990b6bb81",
            "image_72": "https:\/\/secure.gravatar.com\/avatar\/7c990b6bb8126f1d5e74202d5adb8540.jpg?s=72&d=https%3A%2F%2Fa.slack-edge.com%2Fdf10d%2Fimg%2Favatars%2Fava_0025-72.png",
            "first_name": "",
            "real_name": "Camille",
            "display_name": "Camille",
            "team": "TN9LC1S6M",
            "name": "camille",
            "is_restricted": false,
            "is_ultra_restricted": false
        }
    },
    {
        "client_msg_id": "f87510d6-8bf5-435a-ac18-c400444d7609",
        "type": "message",
        "text": "thank you for sharing!",
        "user": "UNG35QZFF",
        "ts": "1571423307.004300",
        "team": "TN9LC1S6M",
        "user_team": "TN9LC1S6M",
        "source_team": "TN9LC1S6M",
        "user_profile": {
            "avatar_hash": "90c831cac8ba",
            "image_72": "https:\/\/avatars.slack-edge.com\/2019-09-17\/764115434832_90c831cac8ba4f2fc73e_72.jpg",
            "first_name": "Cindy",
            "real_name": "Cindy Wu",
            "display_name": "cindy",
            "team": "TN9LC1S6M",
            "name": "cindy",
            "is_restricted": false,
            "is_ultra_restricted": false
        },
        "reactions": [
            {
                "name": "+1",
                "users": [
                    "UPJ1RNSCX"
                ],
                "count": 1
            }
        ]
    },
    {
        "client_msg_id": "dc084d34-a58c-4d8f-bb1e-b6f702b3dc68",
        "type": "message",
        "text": "<@UPJ1RNSCX> curious if purpose would support hosting a version of this report and others in a web-first HTML format… so not a PDF, but web reading experience. if there is interest, i would be interested in potentially making that website for you.",
        "user": "UNG35QZFF",
        "ts": "1571428244.005700",
        "team": "TN9LC1S6M",
        "user_team": "TN9LC1S6M",
        "source_team": "TN9LC1S6M",
        "user_profile": {
            "avatar_hash": "90c831cac8ba",
            "image_72": "https:\/\/avatars.slack-edge.com\/2019-09-17\/764115434832_90c831cac8ba4f2fc73e_72.jpg",
            "first_name": "Cindy",
            "real_name": "Cindy Wu",
            "display_name": "cindy",
            "team": "TN9LC1S6M",
            "name": "cindy",
            "is_restricted": false,
            "is_ultra_restricted": false
        }
    },
    {
        "client_msg_id": "526ef9b6-c6fb-48a0-bd55-e963d7b838db",
        "type": "message",
        "text": "or maybe you already have that somewhere online?",
        "user": "UNG35QZFF",
        "ts": "1571428295.006000",
        "team": "TN9LC1S6M",
        "user_team": "TN9LC1S6M",
        "source_team": "TN9LC1S6M",
        "user_profile": {
            "avatar_hash": "90c831cac8ba",
            "image_72": "https:\/\/avatars.slack-edge.com\/2019-09-17\/764115434832_90c831cac8ba4f2fc73e_72.jpg",
            "first_name": "Cindy",
            "real_name": "Cindy Wu",
            "display_name": "cindy",
            "team": "TN9LC1S6M",
            "name": "cindy",
            "is_restricted": false,
            "is_ultra_restricted": false
        }
    },
    {
        "client_msg_id": "204d721d-a009-4c9e-bdca-eeff7f475693",
        "type": "message",
        "text": "<@UPJ1RNSCX> thank you and the purpose and RSF social finance team for researching, writing, and sharing that report. I just finished reading. :100:",
        "user": "UNG35QZFF",
        "ts": "1571461904.007000",
        "team": "TN9LC1S6M",
        "user_team": "TN9LC1S6M",
        "source_team": "TN9LC1S6M",
        "user_profile": {
            "avatar_hash": "90c831cac8ba",
            "image_72": "https:\/\/avatars.slack-edge.com\/2019-09-17\/764115434832_90c831cac8ba4f2fc73e_72.jpg",
            "first_name": "Cindy",
            "real_name": "Cindy Wu",
            "display_name": "cindy",
            "team": "TN9LC1S6M",
            "name": "cindy",
            "is_restricted": false,
            "is_ultra_restricted": false
        }
    }
]