[
    {
        "client_msg_id": "8c7b1008-124b-4c1e-98a9-82b70ab28f0e",
        "type": "message",
        "text": "We are in the process of turning Jelly Public Benefit Corporation into a steward-owned company. For those interested, you can read more about steward-ownership in this PDF: <https:\/\/www.dropbox.com\/s\/28tda0kgsaixlsn\/Steward_Ownership.pdf?dl=0>",
        "user": "UNG35QZFF",
        "ts": "1569280406.000700",
        "team": "TN9LC1S6M",
        "user_team": "TN9LC1S6M",
        "source_team": "TN9LC1S6M",
        "user_profile": {
            "avatar_hash": "90c831cac8ba",
            "image_72": "https:\/\/avatars.slack-edge.com\/2019-09-17\/764115434832_90c831cac8ba4f2fc73e_72.jpg",
            "first_name": "Cindy",
            "real_name": "Cindy Wu",
            "display_name": "cindy",
            "team": "TN9LC1S6M",
            "name": "cindy",
            "is_restricted": false,
            "is_ultra_restricted": false
        }
    },
    {
        "client_msg_id": "a66d8982-151b-4be6-a872-2bbe20edd1ee",
        "type": "message",
        "text": "The two key principles of steward-ownership are 1\/ profits serve purpose and 2\/ self governance.",
        "user": "UNG35QZFF",
        "ts": "1569280491.001400",
        "team": "TN9LC1S6M",
        "user_team": "TN9LC1S6M",
        "source_team": "TN9LC1S6M",
        "user_profile": {
            "avatar_hash": "90c831cac8ba",
            "image_72": "https:\/\/avatars.slack-edge.com\/2019-09-17\/764115434832_90c831cac8ba4f2fc73e_72.jpg",
            "first_name": "Cindy",
            "real_name": "Cindy Wu",
            "display_name": "cindy",
            "team": "TN9LC1S6M",
            "name": "cindy",
            "is_restricted": false,
            "is_ultra_restricted": false
        }
    },
    {
        "client_msg_id": "55b6578e-0e52-4508-b3d9-e4f2622eaa22",
        "type": "message",
        "text": "I will post updates on our progress towards setting up our steward-ownership structure in this channel.",
        "user": "UNG35QZFF",
        "ts": "1569280510.001900",
        "team": "TN9LC1S6M",
        "user_team": "TN9LC1S6M",
        "source_team": "TN9LC1S6M",
        "user_profile": {
            "avatar_hash": "90c831cac8ba",
            "image_72": "https:\/\/avatars.slack-edge.com\/2019-09-17\/764115434832_90c831cac8ba4f2fc73e_72.jpg",
            "first_name": "Cindy",
            "real_name": "Cindy Wu",
            "display_name": "cindy",
            "team": "TN9LC1S6M",
            "name": "cindy",
            "is_restricted": false,
            "is_ultra_restricted": false
        }
    }
]