[
    {
        "type": "message",
        "text": "",
        "files": [
            {
                "id": "FPGR079NG",
                "created": 1571328094,
                "timestamp": 1571328094,
                "name": "image.png",
                "title": "image.png",
                "mimetype": "image\/png",
                "filetype": "png",
                "pretty_type": "PNG",
                "user": "UN74A97FV",
                "editable": false,
                "size": 183818,
                "mode": "hosted",
                "is_external": false,
                "external_type": "",
                "is_public": true,
                "public_url_shared": false,
                "display_as_bot": false,
                "username": "",
                "url_private": "https:\/\/files.slack.com\/files-pri\/TN9LC1S6M-FPGR079NG\/image.png?t=xoxe-757692060225-808518148580-808990851829-cb70f89030c5a979dfbdab397746fcee",
                "url_private_download": "https:\/\/files.slack.com\/files-pri\/TN9LC1S6M-FPGR079NG\/download\/image.png?t=xoxe-757692060225-808518148580-808990851829-cb70f89030c5a979dfbdab397746fcee",
                "thumb_64": "https:\/\/files.slack.com\/files-tmb\/TN9LC1S6M-FPGR079NG-6aa7e8609d\/image_64.png?t=xoxe-757692060225-808518148580-808990851829-cb70f89030c5a979dfbdab397746fcee",
                "thumb_80": "https:\/\/files.slack.com\/files-tmb\/TN9LC1S6M-FPGR079NG-6aa7e8609d\/image_80.png?t=xoxe-757692060225-808518148580-808990851829-cb70f89030c5a979dfbdab397746fcee",
                "thumb_360": "https:\/\/files.slack.com\/files-tmb\/TN9LC1S6M-FPGR079NG-6aa7e8609d\/image_360.png?t=xoxe-757692060225-808518148580-808990851829-cb70f89030c5a979dfbdab397746fcee",
                "thumb_360_w": 360,
                "thumb_360_h": 352,
                "thumb_480": "https:\/\/files.slack.com\/files-tmb\/TN9LC1S6M-FPGR079NG-6aa7e8609d\/image_480.png?t=xoxe-757692060225-808518148580-808990851829-cb70f89030c5a979dfbdab397746fcee",
                "thumb_480_w": 480,
                "thumb_480_h": 469,
                "thumb_160": "https:\/\/files.slack.com\/files-tmb\/TN9LC1S6M-FPGR079NG-6aa7e8609d\/image_160.png?t=xoxe-757692060225-808518148580-808990851829-cb70f89030c5a979dfbdab397746fcee",
                "thumb_720": "https:\/\/files.slack.com\/files-tmb\/TN9LC1S6M-FPGR079NG-6aa7e8609d\/image_720.png?t=xoxe-757692060225-808518148580-808990851829-cb70f89030c5a979dfbdab397746fcee",
                "thumb_720_w": 720,
                "thumb_720_h": 703,
                "thumb_800": "https:\/\/files.slack.com\/files-tmb\/TN9LC1S6M-FPGR079NG-6aa7e8609d\/image_800.png?t=xoxe-757692060225-808518148580-808990851829-cb70f89030c5a979dfbdab397746fcee",
                "thumb_800_w": 800,
                "thumb_800_h": 782,
                "image_exif_rotation": 1,
                "original_w": 912,
                "original_h": 891,
                "thumb_tiny": "AwAuADC\/t+lG0e1OOd3T9KTB9KAEx7ijHuKXB9BRg+lACY9xTlHoaTB9BSjdQAhIJ7\/lSfifypSAD0o\/CgA49f0o49aMe360Y\/2f1oAOPU0o2570c\/3RR3+7QAhPPBH50f8AAh+dGKMGgA\/4EPzox\/tCkxRigBcf7VKBz1pAuR1pQvNAH\/\/Z",
                "permalink": "https:\/\/jelly-community.slack.com\/files\/UN74A97FV\/FPGR079NG\/image.png",
                "permalink_public": "https:\/\/slack-files.com\/TN9LC1S6M-FPGR079NG-7149219f73",
                "is_starred": false,
                "has_rich_preview": false
            }
        ],
        "upload": true,
        "user": "UN74A97FV",
        "display_as_bot": false,
        "ts": "1571328098.001200",
        "client_msg_id": "9cd6943e-dd95-44d7-bbf5-b6db2bb33a65",
        "thread_ts": "1571328098.001200",
        "reply_count": 5,
        "reply_users_count": 2,
        "latest_reply": "1571348722.002600",
        "reply_users": [
            "UN74A97FV",
            "UNJ95CKPG"
        ],
        "replies": [
            {
                "user": "UN74A97FV",
                "ts": "1571328103.001500"
            },
            {
                "user": "UNJ95CKPG",
                "ts": "1571347860.002000"
            },
            {
                "user": "UNJ95CKPG",
                "ts": "1571347901.002200"
            },
            {
                "user": "UN74A97FV",
                "ts": "1571348698.002400"
            },
            {
                "user": "UN74A97FV",
                "ts": "1571348722.002600"
            }
        ],
        "subscribed": false,
        "reactions": [
            {
                "name": "eyes",
                "users": [
                    "UNG35QZFF"
                ],
                "count": 1
            }
        ]
    },
    {
        "client_msg_id": "91e192fa-46ff-4141-b4fe-d9697dd1d95b",
        "type": "message",
        "text": "via <https:\/\/berniesanders.com\/issues\/corporate-accountability-and-democracy\/>",
        "user": "UN74A97FV",
        "ts": "1571328103.001500",
        "team": "TN9LC1S6M",
        "user_team": "TN9LC1S6M",
        "source_team": "TN9LC1S6M",
        "user_profile": {
            "avatar_hash": "gece0186c6ef",
            "image_72": "https:\/\/secure.gravatar.com\/avatar\/ece0186c6ef6197201c058eb16af0684.jpg?s=72&d=https%3A%2F%2Fa.slack-edge.com%2Fdf10d%2Fimg%2Favatars%2Fava_0015-72.png",
            "first_name": "Skander",
            "real_name": "Skander",
            "display_name": "skander",
            "team": "TN9LC1S6M",
            "name": "skanderm",
            "is_restricted": false,
            "is_ultra_restricted": false
        },
        "edited": {
            "user": "UN74A97FV",
            "ts": "1571328107.000000"
        },
        "thread_ts": "1571328098.001200",
        "parent_user_id": "UN74A97FV"
    },
    {
        "client_msg_id": "b0ade0ae-b682-4697-b780-3fddf8b667d0",
        "type": "message",
        "text": "yup, the ESOP fund is some really great stuff",
        "user": "UNJ95CKPG",
        "ts": "1571347860.002000",
        "team": "TN9LC1S6M",
        "user_team": "TN9LC1S6M",
        "source_team": "TN9LC1S6M",
        "user_profile": {
            "avatar_hash": "3c827ecd0300",
            "image_72": "https:\/\/avatars.slack-edge.com\/2019-09-23\/759234742083_3c827ecd0300e7312f4f_72.png",
            "first_name": "Denny",
            "real_name": "Denny",
            "display_name": "denny",
            "team": "TN9LC1S6M",
            "name": "denny",
            "is_restricted": false,
            "is_ultra_restricted": false
        },
        "thread_ts": "1571328098.001200",
        "parent_user_id": "UN74A97FV"
    },
    {
        "client_msg_id": "1253e939-e280-43db-9d5a-feedecc4650f",
        "type": "message",
        "text": "it's pretty cutting edge, but the fund size definitely could be bigger",
        "user": "UNJ95CKPG",
        "ts": "1571347901.002200",
        "team": "TN9LC1S6M",
        "user_team": "TN9LC1S6M",
        "source_team": "TN9LC1S6M",
        "user_profile": {
            "avatar_hash": "3c827ecd0300",
            "image_72": "https:\/\/avatars.slack-edge.com\/2019-09-23\/759234742083_3c827ecd0300e7312f4f_72.png",
            "first_name": "Denny",
            "real_name": "Denny",
            "display_name": "denny",
            "team": "TN9LC1S6M",
            "name": "denny",
            "is_restricted": false,
            "is_ultra_restricted": false
        },
        "thread_ts": "1571328098.001200",
        "parent_user_id": "UN74A97FV"
    },
    {
        "client_msg_id": "8bbefc97-f214-47e0-9569-c552249d8659",
        "type": "message",
        "text": "Yeah much more than $500M",
        "user": "UN74A97FV",
        "ts": "1571348698.002400",
        "team": "TN9LC1S6M",
        "user_team": "TN9LC1S6M",
        "source_team": "TN9LC1S6M",
        "user_profile": {
            "avatar_hash": "gece0186c6ef",
            "image_72": "https:\/\/secure.gravatar.com\/avatar\/ece0186c6ef6197201c058eb16af0684.jpg?s=72&d=https%3A%2F%2Fa.slack-edge.com%2Fdf10d%2Fimg%2Favatars%2Fava_0015-72.png",
            "first_name": "Skander",
            "real_name": "Skander",
            "display_name": "skander",
            "team": "TN9LC1S6M",
            "name": "skanderm",
            "is_restricted": false,
            "is_ultra_restricted": false
        },
        "thread_ts": "1571328098.001200",
        "parent_user_id": "UN74A97FV"
    },
    {
        "client_msg_id": "da280460-4ea1-4cf4-a985-62c1efe583af",
        "type": "message",
        "text": "I really like the right of first refusal",
        "user": "UN74A97FV",
        "ts": "1571348722.002600",
        "team": "TN9LC1S6M",
        "user_team": "TN9LC1S6M",
        "source_team": "TN9LC1S6M",
        "user_profile": {
            "avatar_hash": "gece0186c6ef",
            "image_72": "https:\/\/secure.gravatar.com\/avatar\/ece0186c6ef6197201c058eb16af0684.jpg?s=72&d=https%3A%2F%2Fa.slack-edge.com%2Fdf10d%2Fimg%2Favatars%2Fava_0015-72.png",
            "first_name": "Skander",
            "real_name": "Skander",
            "display_name": "skander",
            "team": "TN9LC1S6M",
            "name": "skanderm",
            "is_restricted": false,
            "is_ultra_restricted": false
        },
        "thread_ts": "1571328098.001200",
        "parent_user_id": "UN74A97FV"
    }
]