[
    {
        "client_msg_id": "f98967b3-3c33-4965-9e3c-142f70233b9e",
        "type": "message",
        "text": "<@UNG35QZFF> that's science related because it uses AI right?",
        "user": "UPG7XEAUF",
        "ts": "1571414082.000400",
        "team": "TN9LC1S6M",
        "user_team": "TN9LC1S6M",
        "source_team": "TN9LC1S6M",
        "user_profile": {
            "avatar_hash": "g4d5041393a1",
            "image_72": "https:\/\/secure.gravatar.com\/avatar\/4d5041393a1435ba36a1c589f23ea2ae.jpg?s=72&d=https%3A%2F%2Fa.slack-edge.com%2Fdf10d%2Fimg%2Favatars%2Fava_0022-72.png",
            "first_name": "",
            "real_name": "Julia Mossbridge",
            "display_name": "Julia Mossbridge",
            "team": "TN9LC1S6M",
            "name": "jmossbridge",
            "is_restricted": false,
            "is_ultra_restricted": false
        },
        "thread_ts": "1571414082.000400",
        "reply_count": 1,
        "reply_users_count": 1,
        "latest_reply": "1571419964.000200",
        "reply_users": [
            "UNG35QZFF"
        ],
        "replies": [
            {
                "user": "UNG35QZFF",
                "ts": "1571419964.000200"
            }
        ],
        "subscribed": true,
        "last_read": "1571419964.000200"
    },
    {
        "client_msg_id": "d296fcf0-0182-4f9a-a7a3-26a9bdbf5e00",
        "type": "message",
        "text": "i guess so!",
        "user": "UNG35QZFF",
        "ts": "1571419964.000200",
        "team": "TN9LC1S6M",
        "user_team": "TN9LC1S6M",
        "source_team": "TN9LC1S6M",
        "user_profile": {
            "avatar_hash": "90c831cac8ba",
            "image_72": "https:\/\/avatars.slack-edge.com\/2019-09-17\/764115434832_90c831cac8ba4f2fc73e_72.jpg",
            "first_name": "Cindy",
            "real_name": "Cindy Wu",
            "display_name": "cindy",
            "team": "TN9LC1S6M",
            "name": "cindy",
            "is_restricted": false,
            "is_ultra_restricted": false
        },
        "thread_ts": "1571414082.000400",
        "parent_user_id": "UPG7XEAUF"
    }
]