[
    {
        "user": "UPG7XEAUF",
        "type": "message",
        "subtype": "channel_join",
        "ts": "1571345253.000200",
        "text": "<@UPG7XEAUF> has joined the channel"
    },
    {
        "user": "UPG7XEAUF",
        "type": "message",
        "subtype": "channel_purpose",
        "ts": "1571345254.000300",
        "text": "<@UPG7XEAUF> set the channel purpose: Quotes that Jelly may eventually use to inspire users",
        "purpose": "Quotes that Jelly may eventually use to inspire users"
    },
    {
        "user": "UNG35QZFF",
        "type": "message",
        "subtype": "channel_join",
        "ts": "1571345261.000500",
        "text": "<@UNG35QZFF> has joined the channel",
        "inviter": "UPG7XEAUF"
    },
    {
        "user": "UNJ95CKPG",
        "type": "message",
        "subtype": "channel_join",
        "ts": "1571345261.000700",
        "text": "<@UNJ95CKPG> has joined the channel",
        "inviter": "UPG7XEAUF"
    },
    {
        "client_msg_id": "9c652b60-17c1-4048-9946-f4baefff052c",
        "type": "message",
        "text": "\"The study of the universe is an act of worship.\" -- Guy Consolmagno, Astronomer for The Vatican",
        "user": "UPG7XEAUF",
        "ts": "1571345325.001300",
        "team": "TN9LC1S6M",
        "user_team": "TN9LC1S6M",
        "source_team": "TN9LC1S6M",
        "user_profile": {
            "avatar_hash": "g4d5041393a1",
            "image_72": "https:\/\/secure.gravatar.com\/avatar\/4d5041393a1435ba36a1c589f23ea2ae.jpg?s=72&d=https%3A%2F%2Fa.slack-edge.com%2Fdf10d%2Fimg%2Favatars%2Fava_0022-72.png",
            "first_name": "",
            "real_name": "Julia Mossbridge",
            "display_name": "Julia Mossbridge",
            "team": "TN9LC1S6M",
            "name": "jmossbridge",
            "is_restricted": false,
            "is_ultra_restricted": false
        }
    },
    {
        "client_msg_id": "f2389d08-7ac0-4b65-9325-cda036c77b78",
        "type": "message",
        "text": "\"If you know you are on the right track, if you have this inner knowledge, then nobody can turn you off... no matter what they say.\" - Barbara McClintock, cytogeneticist and winner of the 1983 Nobel Prize in Physiology or Medicine",
        "user": "UPG7XEAUF",
        "ts": "1571345364.001500",
        "team": "TN9LC1S6M",
        "user_team": "TN9LC1S6M",
        "source_team": "TN9LC1S6M",
        "user_profile": {
            "avatar_hash": "g4d5041393a1",
            "image_72": "https:\/\/secure.gravatar.com\/avatar\/4d5041393a1435ba36a1c589f23ea2ae.jpg?s=72&d=https%3A%2F%2Fa.slack-edge.com%2Fdf10d%2Fimg%2Favatars%2Fava_0022-72.png",
            "first_name": "",
            "real_name": "Julia Mossbridge",
            "display_name": "Julia Mossbridge",
            "team": "TN9LC1S6M",
            "name": "jmossbridge",
            "is_restricted": false,
            "is_ultra_restricted": false
        }
    },
    {
        "client_msg_id": "67d12e73-3d0f-4236-8397-1b77d141a823",
        "type": "message",
        "text": "\"Certain people – men, of course – discouraged me, saying [science] was not a good career for women. That pushed me even more to persevere.\" - Francoise Barre, virologist who won the 2008 Nobel Prize in Physiology and Medicine",
        "user": "UPG7XEAUF",
        "ts": "1571345375.001700",
        "team": "TN9LC1S6M",
        "user_team": "TN9LC1S6M",
        "source_team": "TN9LC1S6M",
        "user_profile": {
            "avatar_hash": "g4d5041393a1",
            "image_72": "https:\/\/secure.gravatar.com\/avatar\/4d5041393a1435ba36a1c589f23ea2ae.jpg?s=72&d=https%3A%2F%2Fa.slack-edge.com%2Fdf10d%2Fimg%2Favatars%2Fava_0022-72.png",
            "first_name": "",
            "real_name": "Julia Mossbridge",
            "display_name": "Julia Mossbridge",
            "team": "TN9LC1S6M",
            "name": "jmossbridge",
            "is_restricted": false,
            "is_ultra_restricted": false
        }
    },
    {
        "client_msg_id": "d279df73-c862-42e9-b305-a8aaabcd25bd",
        "type": "message",
        "text": "\"Let us choose for ourselves our path in life, and let us try to strew that path with flowers.\" - Emilie du Chatelet, mathematician, physicist and author",
        "user": "UPG7XEAUF",
        "ts": "1571345388.001900",
        "team": "TN9LC1S6M",
        "user_team": "TN9LC1S6M",
        "source_team": "TN9LC1S6M",
        "user_profile": {
            "avatar_hash": "g4d5041393a1",
            "image_72": "https:\/\/secure.gravatar.com\/avatar\/4d5041393a1435ba36a1c589f23ea2ae.jpg?s=72&d=https%3A%2F%2Fa.slack-edge.com%2Fdf10d%2Fimg%2Favatars%2Fava_0022-72.png",
            "first_name": "",
            "real_name": "Julia Mossbridge",
            "display_name": "Julia Mossbridge",
            "team": "TN9LC1S6M",
            "name": "jmossbridge",
            "is_restricted": false,
            "is_ultra_restricted": false
        }
    },
    {
        "client_msg_id": "e3905730-b43b-41af-a361-76c4f26d9be6",
        "type": "message",
        "text": "“Don't let anyone rob you of your imagination, your creativity, or your curiosity. It's your place in the world; it's your life. Go on and do all you can with it, and make it the life you want to live.”  - Mae Jemison, first African American woman astronaut in space",
        "user": "UPG7XEAUF",
        "ts": "1571345401.002100",
        "team": "TN9LC1S6M",
        "user_team": "TN9LC1S6M",
        "source_team": "TN9LC1S6M",
        "user_profile": {
            "avatar_hash": "g4d5041393a1",
            "image_72": "https:\/\/secure.gravatar.com\/avatar\/4d5041393a1435ba36a1c589f23ea2ae.jpg?s=72&d=https%3A%2F%2Fa.slack-edge.com%2Fdf10d%2Fimg%2Favatars%2Fava_0022-72.png",
            "first_name": "",
            "real_name": "Julia Mossbridge",
            "display_name": "Julia Mossbridge",
            "team": "TN9LC1S6M",
            "name": "jmossbridge",
            "is_restricted": false,
            "is_ultra_restricted": false
        }
    },
    {
        "client_msg_id": "d7741e5f-29f2-46b7-ab21-0868f0ff4eb0",
        "type": "message",
        "text": "\"I was taught that the way of progress was neither swift nor easy.\" - Marie Curie, 'female STEM superhero,' first woman to win a Nobel Prize, the only woman in history to ever win it twice, and the only human to ever win a Nobel Prize in two different sciences",
        "user": "UPG7XEAUF",
        "ts": "1571345419.002300",
        "team": "TN9LC1S6M",
        "user_team": "TN9LC1S6M",
        "source_team": "TN9LC1S6M",
        "user_profile": {
            "avatar_hash": "g4d5041393a1",
            "image_72": "https:\/\/secure.gravatar.com\/avatar\/4d5041393a1435ba36a1c589f23ea2ae.jpg?s=72&d=https%3A%2F%2Fa.slack-edge.com%2Fdf10d%2Fimg%2Favatars%2Fava_0022-72.png",
            "first_name": "",
            "real_name": "Julia Mossbridge",
            "display_name": "Julia Mossbridge",
            "team": "TN9LC1S6M",
            "name": "jmossbridge",
            "is_restricted": false,
            "is_ultra_restricted": false
        }
    },
    {
        "client_msg_id": "500d86d8-c98e-47db-ae79-e48dd1bdf0ed",
        "type": "message",
        "text": "Ada Lovelace, known as the 'first computer programmer', once said, “Imagination is the Discovering Faculty, pre-eminently. It is that which penetrates into the unseen worlds around us, the worlds of Science. ”",
        "user": "UPG7XEAUF",
        "ts": "1571345466.002500",
        "team": "TN9LC1S6M",
        "user_team": "TN9LC1S6M",
        "source_team": "TN9LC1S6M",
        "user_profile": {
            "avatar_hash": "g4d5041393a1",
            "image_72": "https:\/\/secure.gravatar.com\/avatar\/4d5041393a1435ba36a1c589f23ea2ae.jpg?s=72&d=https%3A%2F%2Fa.slack-edge.com%2Fdf10d%2Fimg%2Favatars%2Fava_0022-72.png",
            "first_name": "",
            "real_name": "Julia Mossbridge",
            "display_name": "Julia Mossbridge",
            "team": "TN9LC1S6M",
            "name": "jmossbridge",
            "is_restricted": false,
            "is_ultra_restricted": false
        }
    },
    {
        "client_msg_id": "8df23ac9-e3c1-4135-93e9-63e59ab26902",
        "type": "message",
        "text": "\"Courage is…a habit, a virtue: you get it by courageous acts.\n\nIt’s like you learn to swim by swimming.\n\nYou learn courage by couraging.”\n\n- Marie Daly, 1947 PhD in Chemistry from Columbia",
        "user": "UPG7XEAUF",
        "ts": "1571345480.002700",
        "team": "TN9LC1S6M",
        "user_team": "TN9LC1S6M",
        "source_team": "TN9LC1S6M",
        "user_profile": {
            "avatar_hash": "g4d5041393a1",
            "image_72": "https:\/\/secure.gravatar.com\/avatar\/4d5041393a1435ba36a1c589f23ea2ae.jpg?s=72&d=https%3A%2F%2Fa.slack-edge.com%2Fdf10d%2Fimg%2Favatars%2Fava_0022-72.png",
            "first_name": "",
            "real_name": "Julia Mossbridge",
            "display_name": "Julia Mossbridge",
            "team": "TN9LC1S6M",
            "name": "jmossbridge",
            "is_restricted": false,
            "is_ultra_restricted": false
        }
    },
    {
        "client_msg_id": "4fcf8b02-aad1-43b1-8dfa-a27a86c12c0c",
        "type": "message",
        "text": "Any girl can be glamorous. All you have to do is stand still and look stupid. Analysis gave me great freedom of emotions and fantastic confidence. I felt I had served my time as a puppet.\n– Hedy Lamarr, actress and inventor of frequency hopping",
        "user": "UPG7XEAUF",
        "ts": "1571345491.002900",
        "team": "TN9LC1S6M",
        "user_team": "TN9LC1S6M",
        "source_team": "TN9LC1S6M",
        "user_profile": {
            "avatar_hash": "g4d5041393a1",
            "image_72": "https:\/\/secure.gravatar.com\/avatar\/4d5041393a1435ba36a1c589f23ea2ae.jpg?s=72&d=https%3A%2F%2Fa.slack-edge.com%2Fdf10d%2Fimg%2Favatars%2Fava_0022-72.png",
            "first_name": "",
            "real_name": "Julia Mossbridge",
            "display_name": "Julia Mossbridge",
            "team": "TN9LC1S6M",
            "name": "jmossbridge",
            "is_restricted": false,
            "is_ultra_restricted": false
        }
    },
    {
        "client_msg_id": "819aff0a-e26d-4e05-acd9-a59b39d9e9f9",
        "type": "message",
        "text": "It's invaluable to have a friend who shares your interests and helps you stay motivated.\n\t\t        -- Maryam Mirzakhani, Fields Medal Winner",
        "user": "UPG7XEAUF",
        "ts": "1571345501.003100",
        "team": "TN9LC1S6M",
        "user_team": "TN9LC1S6M",
        "source_team": "TN9LC1S6M",
        "user_profile": {
            "avatar_hash": "g4d5041393a1",
            "image_72": "https:\/\/secure.gravatar.com\/avatar\/4d5041393a1435ba36a1c589f23ea2ae.jpg?s=72&d=https%3A%2F%2Fa.slack-edge.com%2Fdf10d%2Fimg%2Favatars%2Fava_0022-72.png",
            "first_name": "",
            "real_name": "Julia Mossbridge",
            "display_name": "Julia Mossbridge",
            "team": "TN9LC1S6M",
            "name": "jmossbridge",
            "is_restricted": false,
            "is_ultra_restricted": false
        }
    },
    {
        "client_msg_id": "593ed15c-93bd-4d20-b41a-f0a43cecc0ad",
        "type": "message",
        "text": "Competent women never doubted me.\n-- Naomi Wu (aka Sexy Cyborg), Maker",
        "user": "UPG7XEAUF",
        "ts": "1571345516.003300",
        "team": "TN9LC1S6M",
        "user_team": "TN9LC1S6M",
        "source_team": "TN9LC1S6M",
        "user_profile": {
            "avatar_hash": "g4d5041393a1",
            "image_72": "https:\/\/secure.gravatar.com\/avatar\/4d5041393a1435ba36a1c589f23ea2ae.jpg?s=72&d=https%3A%2F%2Fa.slack-edge.com%2Fdf10d%2Fimg%2Favatars%2Fava_0022-72.png",
            "first_name": "",
            "real_name": "Julia Mossbridge",
            "display_name": "Julia Mossbridge",
            "team": "TN9LC1S6M",
            "name": "jmossbridge",
            "is_restricted": false,
            "is_ultra_restricted": false
        }
    },
    {
        "client_msg_id": "33f39260-3bcb-44f0-bf1f-b7f4fecfff3c",
        "type": "message",
        "text": "yayay!",
        "user": "UNG35QZFF",
        "ts": "1571345530.003500",
        "team": "TN9LC1S6M",
        "user_team": "TN9LC1S6M",
        "source_team": "TN9LC1S6M",
        "user_profile": {
            "avatar_hash": "90c831cac8ba",
            "image_72": "https:\/\/avatars.slack-edge.com\/2019-09-17\/764115434832_90c831cac8ba4f2fc73e_72.jpg",
            "first_name": "Cindy",
            "real_name": "Cindy Wu",
            "display_name": "cindy",
            "team": "TN9LC1S6M",
            "name": "cindy",
            "is_restricted": false,
            "is_ultra_restricted": false
        }
    },
    {
        "client_msg_id": "c874b4e6-e02a-4f1f-9ac9-2031f14a1393",
        "type": "message",
        "text": "<@UPG7XEAUF> thanks for making this channel i will contribute",
        "user": "UNG35QZFF",
        "ts": "1571345544.003900",
        "team": "TN9LC1S6M",
        "user_team": "TN9LC1S6M",
        "source_team": "TN9LC1S6M",
        "user_profile": {
            "avatar_hash": "90c831cac8ba",
            "image_72": "https:\/\/avatars.slack-edge.com\/2019-09-17\/764115434832_90c831cac8ba4f2fc73e_72.jpg",
            "first_name": "Cindy",
            "real_name": "Cindy Wu",
            "display_name": "cindy",
            "team": "TN9LC1S6M",
            "name": "cindy",
            "is_restricted": false,
            "is_ultra_restricted": false
        }
    },
    {
        "client_msg_id": "71672f86-d179-4a77-b327-fbbb9ec85cb1",
        "type": "message",
        "text": "“I would rather have questions that can't be answered than answers that can't be questioned.”\n\n― Richard Feynman",
        "user": "UPG7XEAUF",
        "ts": "1571345609.004100",
        "team": "TN9LC1S6M",
        "user_team": "TN9LC1S6M",
        "source_team": "TN9LC1S6M",
        "user_profile": {
            "avatar_hash": "g4d5041393a1",
            "image_72": "https:\/\/secure.gravatar.com\/avatar\/4d5041393a1435ba36a1c589f23ea2ae.jpg?s=72&d=https%3A%2F%2Fa.slack-edge.com%2Fdf10d%2Fimg%2Favatars%2Fava_0022-72.png",
            "first_name": "",
            "real_name": "Julia Mossbridge",
            "display_name": "Julia Mossbridge",
            "team": "TN9LC1S6M",
            "name": "jmossbridge",
            "is_restricted": false,
            "is_ultra_restricted": false
        }
    },
    {
        "client_msg_id": "8af6d75a-abbe-40a7-adf2-72a8f4420b57",
        "type": "message",
        "text": "Cool <@UNG35QZFF>! I'll put them in here as I find them.",
        "user": "UPG7XEAUF",
        "ts": "1571345621.004500",
        "team": "TN9LC1S6M",
        "user_team": "TN9LC1S6M",
        "source_team": "TN9LC1S6M",
        "user_profile": {
            "avatar_hash": "g4d5041393a1",
            "image_72": "https:\/\/secure.gravatar.com\/avatar\/4d5041393a1435ba36a1c589f23ea2ae.jpg?s=72&d=https%3A%2F%2Fa.slack-edge.com%2Fdf10d%2Fimg%2Favatars%2Fava_0022-72.png",
            "first_name": "",
            "real_name": "Julia Mossbridge",
            "display_name": "Julia Mossbridge",
            "team": "TN9LC1S6M",
            "name": "jmossbridge",
            "is_restricted": false,
            "is_ultra_restricted": false
        }
    },
    {
        "client_msg_id": "4b864dfe-43ea-47ab-bdf6-ea320712b5d3",
        "type": "message",
        "text": "The more clearly we can focus our attention on the wonders and realities of the universe about us, the less taste we shall have for destruction. -- Rachel Carson",
        "user": "UPG7XEAUF",
        "ts": "1571345644.005000",
        "team": "TN9LC1S6M",
        "user_team": "TN9LC1S6M",
        "source_team": "TN9LC1S6M",
        "user_profile": {
            "avatar_hash": "g4d5041393a1",
            "image_72": "https:\/\/secure.gravatar.com\/avatar\/4d5041393a1435ba36a1c589f23ea2ae.jpg?s=72&d=https%3A%2F%2Fa.slack-edge.com%2Fdf10d%2Fimg%2Favatars%2Fava_0022-72.png",
            "first_name": "",
            "real_name": "Julia Mossbridge",
            "display_name": "Julia Mossbridge",
            "team": "TN9LC1S6M",
            "name": "jmossbridge",
            "is_restricted": false,
            "is_ultra_restricted": false
        }
    },
    {
        "client_msg_id": "b9278d68-b48b-461e-bf33-033911043789",
        "type": "message",
        "text": "“Fortunately science, like that nature to which it belongs, is neither limited by time nor by space. It belongs to the world, and is of no country and no age. The more we know, the more we feel our ignorance; the more we feel how much remains unknown.”\n\n“You’re afraid of making mistakes. Don’t be. Mistakes can be profited by. Man, when I was young I shoved my ignorance in people’s faces. They beat me with sticks. By the time I was forty my blunt instrument had been honed to a fine cutting point for me. If you hide your ignorance, no one will hit you and you’ll never learn.”\n\n“You are a child of the universe, no less than the trees and the stars; you have a right to be here. And whether or not it is clear to you, no doubt the universe is unfolding as it should.”\n\n“We do not inherit the Earth from our ancestors; we borrow it from our children.”\n\n“Do what you can, with what you have, where you are.”",
        "user": "UNG35QZFF",
        "ts": "1571345655.005200",
        "team": "TN9LC1S6M",
        "user_team": "TN9LC1S6M",
        "source_team": "TN9LC1S6M",
        "user_profile": {
            "avatar_hash": "90c831cac8ba",
            "image_72": "https:\/\/avatars.slack-edge.com\/2019-09-17\/764115434832_90c831cac8ba4f2fc73e_72.jpg",
            "first_name": "Cindy",
            "real_name": "Cindy Wu",
            "display_name": "cindy",
            "team": "TN9LC1S6M",
            "name": "cindy",
            "is_restricted": false,
            "is_ultra_restricted": false
        }
    },
    {
        "client_msg_id": "63dddd5d-e591-443d-8a95-785f5d5c62e7",
        "type": "message",
        "text": "I love these!!!!",
        "user": "UPG7XEAUF",
        "ts": "1571345689.005400",
        "team": "TN9LC1S6M",
        "user_team": "TN9LC1S6M",
        "source_team": "TN9LC1S6M",
        "user_profile": {
            "avatar_hash": "g4d5041393a1",
            "image_72": "https:\/\/secure.gravatar.com\/avatar\/4d5041393a1435ba36a1c589f23ea2ae.jpg?s=72&d=https%3A%2F%2Fa.slack-edge.com%2Fdf10d%2Fimg%2Favatars%2Fava_0022-72.png",
            "first_name": "",
            "real_name": "Julia Mossbridge",
            "display_name": "Julia Mossbridge",
            "team": "TN9LC1S6M",
            "name": "jmossbridge",
            "is_restricted": false,
            "is_ultra_restricted": false
        }
    },
    {
        "client_msg_id": "1a565eb4-4617-4825-9680-1f90c59c0d7c",
        "type": "message",
        "text": "not necessarily science related, but i’ve been really enjoying this bot <https:\/\/twitter.com\/str_voyage>",
        "user": "UNG35QZFF",
        "ts": "1571346693.005700",
        "team": "TN9LC1S6M",
        "user_team": "TN9LC1S6M",
        "source_team": "TN9LC1S6M",
        "user_profile": {
            "avatar_hash": "90c831cac8ba",
            "image_72": "https:\/\/avatars.slack-edge.com\/2019-09-17\/764115434832_90c831cac8ba4f2fc73e_72.jpg",
            "first_name": "Cindy",
            "real_name": "Cindy Wu",
            "display_name": "cindy",
            "team": "TN9LC1S6M",
            "name": "cindy",
            "is_restricted": false,
            "is_ultra_restricted": false
        },
        "attachments": [
            {
                "title": "a strange voyage (@str_voyage) | Twitter",
                "title_link": "https:\/\/twitter.com\/str_voyage",
                "text": "The latest Tweets from a strange voyage (@str_voyage). a bot forever voyaging. endless nautical story generator by @joebaxterwebb",
                "fallback": "a strange voyage (@str_voyage) | Twitter",
                "from_url": "https:\/\/twitter.com\/str_voyage",
                "service_icon": "https:\/\/abs.twimg.com\/icons\/apple-touch-icon-192x192.png",
                "service_name": "twitter.com",
                "id": 1,
                "original_url": "https:\/\/twitter.com\/str_voyage"
            }
        ]
    },
    {
        "client_msg_id": "0c457bc0-2377-41fd-9e64-f34e2a7899d1",
        "type": "message",
        "text": "“You will do foolish things, but do them with enthusiasm.” -Colette",
        "user": "UNG35QZFF",
        "ts": "1571347795.006000",
        "team": "TN9LC1S6M",
        "user_team": "TN9LC1S6M",
        "source_team": "TN9LC1S6M",
        "user_profile": {
            "avatar_hash": "90c831cac8ba",
            "image_72": "https:\/\/avatars.slack-edge.com\/2019-09-17\/764115434832_90c831cac8ba4f2fc73e_72.jpg",
            "first_name": "Cindy",
            "real_name": "Cindy Wu",
            "display_name": "cindy",
            "team": "TN9LC1S6M",
            "name": "cindy",
            "is_restricted": false,
            "is_ultra_restricted": false
        }
    }
]