[
    {
        "id": "CN4JHB1C3",
        "name": "random",
        "created": "1568789356",
        "creator": "UNG35QZFF",
        "is_archived": false,
        "is_general": false,
        "members": [
            "UN74A97FV",
            "UNB3ACN0K",
            "UNB6R8QP5",
            "UNB6RDSP5",
            "UNCQ6MBDZ",
            "UNFG0HU8J",
            "UNG35QZFF",
            "UNGJ0B58A",
            "UNJ63Q3C2",
            "UNJ95CKPG",
            "UNK56SRFD",
            "UNKMJ9X34",
            "UNLRYRVB5",
            "UNNV3R865",
            "UNPP3CW6Q",
            "UNPPANK60",
            "UNQ6C6H6X",
            "UNQRW3EPN",
            "UNS2AQC2D",
            "UNS38F4DB",
            "UNU9G7MC0",
            "UNV5785FC",
            "UNV65ATNE",
            "UNVFX3UKT",
            "UNVL542KU",
            "UNWG10HRA",
            "UNWP108SX",
            "UNXSH98CU",
            "UNY325M8Q",
            "UNYAUB54M",
            "UNZ2WJ1EE",
            "UNZ44PXUL",
            "UP04AQMQS",
            "UP06JD76K",
            "UP09VUQBC",
            "UP4T193KQ",
            "UP5M8NDLP",
            "UP5SUR54L",
            "UP6MCAL2U",
            "UP6NT17B3",
            "UP7Q268R3",
            "UP8BZ1Z61",
            "UP8FSA77S",
            "UPADU8B5L",
            "UPD7LQG94",
            "UPDPLEPGF",
            "UPE7TEAAJ",
            "UPG0SKDBJ",
            "UPG47FB4G",
            "UPG4QKDB7",
            "UPG7XEAUF",
            "UPH0K7LBF",
            "UPHUMFN87",
            "UPJ1RNSCX",
            "UPMAN24Q7",
            "UPMTCHV70",
            "UPUL66P0E"
        ],
        "topic": {
            "value": "Non-work banter and water cooler conversation",
            "creator": "UNG35QZFF",
            "last_set": "1568789356"
        },
        "purpose": {
            "value": "A place for non-work-related flimflam, faffing, hodge-podge or jibber-jabber you'd prefer to keep out of more focused work-related channels.",
            "creator": "UNG35QZFF",
            "last_set": "1568789356"
        }
    },
    {
        "id": "CN4K4877D",
        "name": "jelly-news",
        "created": "1568790811",
        "creator": "UNG35QZFF",
        "is_archived": false,
        "is_general": false,
        "members": [
            "UN74A97FV",
            "UNB3ACN0K",
            "UNB6R8QP5",
            "UNG35QZFF",
            "UNJ95CKPG",
            "UNPPANK60",
            "UNQRW3EPN",
            "UNV5785FC",
            "UNVFX3UKT",
            "UP04AQMQS",
            "UP6MCAL2U",
            "UP7Q268R3"
        ],
        "topic": {
            "value": "",
            "creator": "",
            "last_set": "0"
        },
        "purpose": {
            "value": "",
            "creator": "",
            "last_set": "0"
        }
    },
    {
        "id": "CN7G33R5G",
        "name": "steward-ownership",
        "created": "1569026323",
        "creator": "UNG35QZFF",
        "is_archived": false,
        "is_general": false,
        "members": [
            "UN74A97FV",
            "UNB6R8QP5",
            "UNG35QZFF",
            "UNJ95CKPG",
            "UNPPANK60",
            "UNQRW3EPN",
            "UNV5785FC",
            "UNY325M8Q",
            "UNZ44PXUL",
            "UP04AQMQS",
            "UP5SUR54L",
            "UP6MCAL2U",
            "UP7Q268R3",
            "UPD7LQG94",
            "UPG47FB4G",
            "UPG4QKDB7",
            "UPG7XEAUF",
            "UPJ1RNSCX"
        ],
        "topic": {
            "value": "",
            "creator": "",
            "last_set": "0"
        },
        "purpose": {
            "value": "",
            "creator": "",
            "last_set": "0"
        }
    },
    {
        "id": "CN9S1673L",
        "name": "rules",
        "created": "1569286521",
        "creator": "UNG35QZFF",
        "is_archived": false,
        "is_general": false,
        "members": [
            "UNG35QZFF",
            "UNJ95CKPG",
            "UNPPANK60",
            "UNQRW3EPN",
            "UNV5785FC",
            "UP04AQMQS",
            "UP6MCAL2U",
            "UP7Q268R3"
        ],
        "topic": {
            "value": "",
            "creator": "",
            "last_set": "0"
        },
        "purpose": {
            "value": "",
            "creator": "",
            "last_set": "0"
        }
    },
    {
        "id": "CNB5GQ5NX",
        "name": "info",
        "created": "1569286568",
        "creator": "UNG35QZFF",
        "is_archived": false,
        "is_general": false,
        "members": [
            "UNG35QZFF",
            "UNPPANK60",
            "UNQRW3EPN",
            "UNV5785FC",
            "UP04AQMQS",
            "UP6MCAL2U",
            "UP7Q268R3"
        ],
        "topic": {
            "value": "",
            "creator": "",
            "last_set": "0"
        },
        "purpose": {
            "value": "",
            "creator": "",
            "last_set": "0"
        }
    },
    {
        "id": "CNG313A6L",
        "name": "general",
        "created": "1568789356",
        "creator": "UNG35QZFF",
        "is_archived": false,
        "is_general": true,
        "members": [
            "UN74A97FV",
            "UNB3ACN0K",
            "UNB6R8QP5",
            "UNB6RDSP5",
            "UNCQ6MBDZ",
            "UNFG0HU8J",
            "UNG35QZFF",
            "UNGJ0B58A",
            "UNJ63Q3C2",
            "UNJ95CKPG",
            "UNK56SRFD",
            "UNKMJ9X34",
            "UNLRYRVB5",
            "UNNV3R865",
            "UNPP3CW6Q",
            "UNPPANK60",
            "UNQ6C6H6X",
            "UNQRW3EPN",
            "UNS2AQC2D",
            "UNS38F4DB",
            "UNU9G7MC0",
            "UNV5785FC",
            "UNV65ATNE",
            "UNVFX3UKT",
            "UNVL542KU",
            "UNWG10HRA",
            "UNWP108SX",
            "UNXSH98CU",
            "UNY325M8Q",
            "UNYAUB54M",
            "UNZ2WJ1EE",
            "UNZ44PXUL",
            "UP04AQMQS",
            "UP06JD76K",
            "UP09VUQBC",
            "UP4T193KQ",
            "UP5M8NDLP",
            "UP5SUR54L",
            "UP6MCAL2U",
            "UP6NT17B3",
            "UP7Q268R3",
            "UP8BZ1Z61",
            "UP8FSA77S",
            "UPADU8B5L",
            "UPD7LQG94",
            "UPDPLEPGF",
            "UPE7TEAAJ",
            "UPG0SKDBJ",
            "UPG47FB4G",
            "UPG4QKDB7",
            "UPG7XEAUF",
            "UPH0K7LBF",
            "UPHUMFN87",
            "UPJ1RNSCX",
            "UPMAN24Q7",
            "UPMTCHV70",
            "UPUL66P0E"
        ],
        "topic": {
            "value": "Company-wide announcements and work-based matters",
            "creator": "UNG35QZFF",
            "last_set": "1568789356"
        },
        "purpose": {
            "value": "This channel is for workspace-wide communication and announcements. All members are in this channel.",
            "creator": "UNG35QZFF",
            "last_set": "1568789356"
        }
    },
    {
        "id": "CNJ9570MC",
        "name": "honolulu-science-hack",
        "created": "1568789356",
        "creator": "UNG35QZFF",
        "is_archived": false,
        "is_general": false,
        "members": [
            "UN74A97FV",
            "UNB3ACN0K",
            "UNB6R8QP5",
            "UNB6RDSP5",
            "UNCQ6MBDZ",
            "UNFG0HU8J",
            "UNG35QZFF",
            "UNGJ0B58A",
            "UNJ63Q3C2",
            "UNJ95CKPG",
            "UNK56SRFD",
            "UNNV3R865",
            "UNPP3CW6Q",
            "UNPPANK60",
            "UNQRW3EPN",
            "UNS38F4DB",
            "UNU9G7MC0",
            "UNWG10HRA"
        ],
        "topic": {
            "value": "",
            "creator": "",
            "last_set": "0"
        },
        "purpose": {
            "value": "",
            "creator": "",
            "last_set": "0"
        }
    },
    {
        "id": "CNNGS9C00",
        "name": "introduce-yourself",
        "created": "1569278677",
        "creator": "UNG35QZFF",
        "is_archived": false,
        "is_general": false,
        "members": [
            "UNB3ACN0K",
            "UNB6R8QP5",
            "UNB6RDSP5",
            "UNCQ6MBDZ",
            "UNFG0HU8J",
            "UNG35QZFF",
            "UNGJ0B58A",
            "UNJ63Q3C2",
            "UNJ95CKPG",
            "UNKMJ9X34",
            "UNLRYRVB5",
            "UNNV3R865",
            "UNPPANK60",
            "UNQ6C6H6X",
            "UNQRW3EPN",
            "UNS2AQC2D",
            "UNS38F4DB",
            "UNU9G7MC0",
            "UNV5785FC",
            "UNV65ATNE",
            "UNVFX3UKT",
            "UNVL542KU",
            "UNWG10HRA",
            "UNWP108SX",
            "UNXSH98CU",
            "UNY325M8Q",
            "UNYAUB54M",
            "UNZ2WJ1EE",
            "UNZ44PXUL",
            "UP04AQMQS",
            "UP06JD76K",
            "UP09VUQBC",
            "UP4T193KQ",
            "UP5M8NDLP",
            "UP5SUR54L",
            "UP6MCAL2U",
            "UP6NT17B3",
            "UP7Q268R3",
            "UP8BZ1Z61",
            "UP8FSA77S",
            "UPADU8B5L",
            "UPD7LQG94",
            "UPDPLEPGF",
            "UPE7TEAAJ",
            "UPG0SKDBJ",
            "UPG47FB4G",
            "UPG4QKDB7",
            "UPG7XEAUF",
            "UPH0K7LBF",
            "UPHUMFN87",
            "UPJ1RNSCX",
            "UPMAN24Q7",
            "UPMTCHV70",
            "UPUL66P0E"
        ],
        "topic": {
            "value": "",
            "creator": "",
            "last_set": "0"
        },
        "purpose": {
            "value": "What would you like people to call you? What are your preferred pronouns? Where did you come from? How did you find your place in science?  Where are you going? Why does an fun, open, quality, and efficient system for science resonate with you?",
            "creator": "UNG35QZFF",
            "last_set": "1569279837"
        }
    },
    {
        "id": "CNU439JMA",
        "name": "dev",
        "created": "1569640404",
        "creator": "UNG35QZFF",
        "is_archived": false,
        "is_general": false,
        "members": [
            "UN74A97FV",
            "UNG35QZFF",
            "UNJ95CKPG",
            "UNPPANK60",
            "UNQRW3EPN",
            "UNV5785FC",
            "UP6MCAL2U",
            "UP7Q268R3"
        ],
        "topic": {
            "value": "",
            "creator": "",
            "last_set": "0"
        },
        "purpose": {
            "value": "",
            "creator": "",
            "last_set": "0"
        }
    },
    {
        "id": "CP0EF5FEJ",
        "name": "health-and-biology",
        "created": "1569966533",
        "creator": "UNB3ACN0K",
        "is_archived": false,
        "is_general": false,
        "members": [
            "UNB3ACN0K",
            "UNG35QZFF",
            "UNGJ0B58A",
            "UNJ95CKPG",
            "UNV5785FC",
            "UNVFX3UKT",
            "UNY325M8Q",
            "UP04AQMQS",
            "UP7Q268R3"
        ],
        "pins": [
            {
                "id": "1569973133.010900",
                "type": "C",
                "created": 1569973169,
                "user": "UNB3ACN0K",
                "owner": "UNY325M8Q"
            }
        ],
        "topic": {
            "value": "",
            "creator": "",
            "last_set": "0"
        },
        "purpose": {
            "value": "",
            "creator": "",
            "last_set": "0"
        }
    },
    {
        "id": "CPAH5T3V4",
        "name": "yesao",
        "created": "1570693607",
        "creator": "UNG35QZFF",
        "is_archived": false,
        "is_general": false,
        "members": [
            "UNG35QZFF",
            "UNJ95CKPG",
            "UNWG10HRA",
            "UNWP108SX",
            "UP09VUQBC",
            "UPE7TEAAJ"
        ],
        "topic": {
            "value": "",
            "creator": "",
            "last_set": "0"
        },
        "purpose": {
            "value": "",
            "creator": "",
            "last_set": "0"
        }
    },
    {
        "id": "CPHMRMGAU",
        "name": "inspiring-science-quotes",
        "created": "1571345253",
        "creator": "UPG7XEAUF",
        "is_archived": false,
        "is_general": false,
        "members": [
            "UNG35QZFF",
            "UNJ95CKPG",
            "UPG7XEAUF"
        ],
        "topic": {
            "value": "",
            "creator": "",
            "last_set": "0"
        },
        "purpose": {
            "value": "Quotes that Jelly may eventually use to inspire users",
            "creator": "UPG7XEAUF",
            "last_set": "1571345254"
        }
    }
]