[
    {
        "user_id": "UNG35QZFF",
        "user_name": "cindy",
        "date": "1569553902",
        "change_type": "updated",
        "service_id": 777119957079,
        "service_type": "Twitter",
        "scope": "incoming-webhook",
        "channel": "CNJ9570MC"
    },
    {
        "user_id": "UNG35QZFF",
        "user_name": "cindy",
        "date": "1569553659",
        "change_type": "added",
        "service_id": 777119957079,
        "service_type": "Twitter",
        "scope": "incoming-webhook"
    },
    {
        "user_id": "UNG35QZFF",
        "user_name": "cindy",
        "date": "1569384886",
        "change_type": "updated",
        "service_id": 759508938530,
        "service_type": "MailChimp",
        "scope": "incoming-webhook",
        "channel": "private"
    },
    {
        "user_id": "UNG35QZFF",
        "user_name": "cindy",
        "date": "1569384875",
        "change_type": "added",
        "service_id": 759508938530,
        "service_type": "MailChimp",
        "scope": "incoming-webhook",
        "channel": "private"
    },
    {
        "user_id": "UNJ95CKPG",
        "user_name": "denny",
        "date": "1569291284",
        "change_type": "removed",
        "reason": "user_deactivated",
        "app_type": "Slack API Tester",
        "app_id": "A02",
        "scope": "MAX"
    },
    {
        "user_id": "UNJ95CKPG",
        "user_name": "denny",
        "date": "1569283221",
        "change_type": "expanded",
        "app_type": "JellyInviter",
        "app_id": "ANG3XTG6M",
        "scope": "admin,identify,incoming-webhook"
    },
    {
        "user_id": "UNJ95CKPG",
        "user_name": "denny",
        "date": "1569281938",
        "change_type": "expanded",
        "app_type": "Slack API Tester",
        "app_id": "A02",
        "scope": "identify,read,post,client,apps,admin"
    },
    {
        "user_id": "UNJ95CKPG",
        "user_name": "denny",
        "date": "1569281938",
        "change_type": "removed",
        "reason": "user_revoked_auth",
        "app_type": "Slack API Tester",
        "app_id": "A02",
        "scope": "identify,read,post,client,apps,admin"
    },
    {
        "user_id": "UNJ95CKPG",
        "user_name": "denny",
        "date": "1569281938",
        "change_type": "reissued",
        "app_type": "Slack API Tester",
        "app_id": "A02",
        "scope": "MAX"
    },
    {
        "user_id": "UNJ95CKPG",
        "user_name": "denny",
        "date": "1569281936",
        "change_type": "added",
        "app_type": "Slack API Tester",
        "app_id": "A02",
        "scope": "identify,read,post,client,apps,admin"
    },
    {
        "user_id": "UNJ95CKPG",
        "user_name": "denny",
        "date": "1569277606",
        "change_type": "added",
        "app_type": "JellyInviter",
        "app_id": "ANG3XTG6M",
        "scope": "admin,identify,incoming-webhook"
    },
    {
        "user_id": "UN4JSK003",
        "user_name": "dennyluan",
        "date": "1569276506",
        "change_type": "added",
        "app_type": "Slack API Tester",
        "app_id": "A02",
        "scope": "MAX"
    }
]