[
    {
        "client_msg_id": "4a5e21a5-714e-4f8c-88f6-c6261799b9c6",
        "type": "message",
        "text": "The dessert with a nervous condition",
        "user": "UNK56SRFD",
        "ts": "1571418218.006200",
        "team": "TN9LC1S6M",
        "user_team": "TN9LC1S6M",
        "source_team": "TN9LC1S6M",
        "user_profile": {
            "avatar_hash": "g8d0c2cd1337",
            "image_72": "https:\/\/secure.gravatar.com\/avatar\/8d0c2cd1337827f7d3f3bafc23baca0b.jpg?s=72&d=https%3A%2F%2Fa.slack-edge.com%2Fdf10d%2Fimg%2Favatars%2Fava_0001-72.png",
            "first_name": "",
            "real_name": "Elliot Roth",
            "display_name": "",
            "team": "TN9LC1S6M",
            "name": "elliot",
            "is_restricted": false,
            "is_ultra_restricted": false
        },
        "thread_ts": "1571343378.005600",
        "parent_user_id": "UNG35QZFF",
        "reactions": [
            {
                "name": "sweat_smile",
                "users": [
                    "UNG35QZFF"
                ],
                "count": 1
            }
        ]
    }
]