[
    {
        "client_msg_id": "292D8B4D-6FDF-450E-88BF-0FB97E30071B",
        "type": "message",
        "text": "Thought this was interesting and relevant: <https:\/\/www.nature.com\/articles\/d41586-019-02918-5>",
        "user": "UNQRW3EPN",
        "ts": "1569595502.000500",
        "team": "TN9LC1S6M",
        "user_team": "TN9LC1S6M",
        "source_team": "TN9LC1S6M",
        "user_profile": {
            "avatar_hash": "g45293e1c21b",
            "image_72": "https:\/\/secure.gravatar.com\/avatar\/45293e1c21bd09727dbc2ac098ab4cc4.jpg?s=72&d=https%3A%2F%2Fa.slack-edge.com%2Fdf10d%2Fimg%2Favatars%2Fava_0002-72.png",
            "first_name": "",
            "real_name": "Jeff Maxim",
            "display_name": "Jeff Maxim",
            "team": "TN9LC1S6M",
            "name": "frey.maxim",
            "is_restricted": false,
            "is_ultra_restricted": false
        },
        "attachments": [
            {
                "title": "Novelist Cormac McCarthy’s tips on how to write a great science paper",
                "title_link": "https:\/\/www.nature.com\/articles\/d41586-019-02918-5",
                "text": "The Pulitzer prizewinner shares his advice for pleasing readers, editors and yourself.",
                "fallback": "Novelist Cormac McCarthy’s tips on how to write a great science paper",
                "image_url": "https:\/\/media.nature.com\/lw1024\/magazine-assets\/d41586-019-02918-5\/d41586-019-02918-5_17121752.jpg",
                "from_url": "https:\/\/www.nature.com\/articles\/d41586-019-02918-5",
                "image_width": 444,
                "image_height": 250,
                "image_bytes": 125626,
                "service_icon": "https:\/\/www.nature.com\/static\/images\/favicons\/nature\/favicon-180x180.5789768d66.png",
                "service_name": "nature.com",
                "id": 1,
                "original_url": "https:\/\/www.nature.com\/articles\/d41586-019-02918-5"
            }
        ],
        "reactions": [
            {
                "name": "+1",
                "users": [
                    "UNB3ACN0K"
                ],
                "count": 1
            },
            {
                "name": "eyes",
                "users": [
                    "UNG35QZFF"
                ],
                "count": 1
            }
        ]
    }
]