[
    {
        "client_msg_id": "674a1700-5a1c-47db-85cd-1e721ab9e5aa",
        "type": "message",
        "text": "<https:\/\/mailchi.mp\/d93c463d5650\/the-secret-nerd-history-of-hawaii>",
        "user": "UNJ95CKPG",
        "ts": "1571825055.006900",
        "team": "TN9LC1S6M",
        "user_team": "TN9LC1S6M",
        "source_team": "TN9LC1S6M",
        "user_profile": {
            "avatar_hash": "3c827ecd0300",
            "image_72": "https:\/\/avatars.slack-edge.com\/2019-09-23\/759234742083_3c827ecd0300e7312f4f_72.png",
            "first_name": "Denny",
            "real_name": "Denny",
            "display_name": "denny",
            "team": "TN9LC1S6M",
            "name": "denny",
            "is_restricted": false,
            "is_ultra_restricted": false
        }
    },
    {
        "client_msg_id": "23da77ae-83e7-4b0e-9826-f6c5f8b8f592",
        "type": "message",
        "text": "AlohaNet!",
        "user": "UP7Q268R3",
        "ts": "1571843348.007100",
        "team": "TN9LC1S6M",
        "user_team": "TN9LC1S6M",
        "source_team": "TN9LC1S6M",
        "user_profile": {
            "avatar_hash": "g02734bb0afe",
            "image_72": "https:\/\/secure.gravatar.com\/avatar\/02734bb0afe24b614f37a54eada76538.jpg?s=72&d=https%3A%2F%2Fa.slack-edge.com%2Fdf10d%2Fimg%2Favatars%2Fava_0012-72.png",
            "first_name": "",
            "real_name": "Andrew Cantino",
            "display_name": "Andrew Cantino",
            "team": "TN9LC1S6M",
            "name": "andrew",
            "is_restricted": false,
            "is_ultra_restricted": false
        }
    },
    {
        "client_msg_id": "39d97d5c-ff85-4a9d-b6c8-1aca1177f8b0",
        "type": "message",
        "text": "Learned about that in networking class.",
        "user": "UP7Q268R3",
        "ts": "1571843354.007300",
        "team": "TN9LC1S6M",
        "user_team": "TN9LC1S6M",
        "source_team": "TN9LC1S6M",
        "user_profile": {
            "avatar_hash": "g02734bb0afe",
            "image_72": "https:\/\/secure.gravatar.com\/avatar\/02734bb0afe24b614f37a54eada76538.jpg?s=72&d=https%3A%2F%2Fa.slack-edge.com%2Fdf10d%2Fimg%2Favatars%2Fava_0012-72.png",
            "first_name": "",
            "real_name": "Andrew Cantino",
            "display_name": "Andrew Cantino",
            "team": "TN9LC1S6M",
            "name": "andrew",
            "is_restricted": false,
            "is_ultra_restricted": false
        }
    },
    {
        "client_msg_id": "f376afb2-549e-4c17-a067-8837ce248de6",
        "type": "message",
        "text": "<https:\/\/amp.theguardian.com\/environment\/2019\/oct\/24\/snorkelling-grandmothers-uncover-large-population-of-venomous-sea-snakes-in-noumea>",
        "user": "UP6MCAL2U",
        "ts": "1571898308.007700",
        "team": "TN9LC1S6M",
        "user_team": "TN9LC1S6M",
        "source_team": "TN9LC1S6M",
        "user_profile": {
            "avatar_hash": "gfdadf7053b7",
            "image_72": "https:\/\/secure.gravatar.com\/avatar\/fdadf7053b778c4d2c58efa64c0b408a.jpg?s=72&d=https%3A%2F%2Fa.slack-edge.com%2Fdf10d%2Fimg%2Favatars%2Fava_0024-72.png",
            "first_name": "Alex",
            "real_name": "Alex Krolick",
            "display_name": "",
            "team": "TN9LC1S6M",
            "name": "alexander.krolick",
            "is_restricted": false,
            "is_ultra_restricted": false
        },
        "attachments": [
            {
                "title": "Snorkelling grandmothers uncover large population of venomous sea snakes in Noumea | Marine life | The Guardian",
                "title_link": "https:\/\/amp.theguardian.com\/environment\/2019\/oct\/24\/snorkelling-grandmothers-uncover-large-population-of-venomous-sea-snakes-in-noumea",
                "text": "Women’s photography of greater sea snake, once believed to be an anomaly in the Baie des Citrons, help scientists understand the ecosystem",
                "fallback": "Snorkelling grandmothers uncover large population of venomous sea snakes in Noumea | Marine life | The Guardian",
                "from_url": "https:\/\/amp.theguardian.com\/environment\/2019\/oct\/24\/snorkelling-grandmothers-uncover-large-population-of-venomous-sea-snakes-in-noumea",
                "service_icon": "https:\/\/static.guim.co.uk\/images\/favicon-32x32.ico",
                "service_name": "amp.theguardian.com",
                "id": 1,
                "original_url": "https:\/\/amp.theguardian.com\/environment\/2019\/oct\/24\/snorkelling-grandmothers-uncover-large-population-of-venomous-sea-snakes-in-noumea"
            }
        ],
        "reactions": [
            {
                "name": "heart",
                "users": [
                    "UNG35QZFF"
                ],
                "count": 1
            }
        ]
    }
]