[
    {
        "client_msg_id": "6a3dddb9-4ed2-4aa8-a87a-9e75955a8fb8",
        "type": "message",
        "text": "Just wanted to dump some fun custom emoji to help spread the positivity:\n:ditto::excited::meow-coffee::meow-melt::meow-wow::wow:",
        "user": "UNZ2WJ1EE",
        "ts": "1571901551.008500",
        "team": "TN9LC1S6M",
        "user_team": "TN9LC1S6M",
        "source_team": "TN9LC1S6M",
        "user_profile": {
            "avatar_hash": "cbb69aba5f3f",
            "image_72": "https:\/\/avatars.slack-edge.com\/2019-10-14\/794970404869_cbb69aba5f3ff52d79b7_72.png",
            "first_name": "Kyle",
            "real_name": "Kyle Schiller",
            "display_name": "Kyle Schiller",
            "team": "TN9LC1S6M",
            "name": "kyleschiller",
            "is_restricted": false,
            "is_ultra_restricted": false
        },
        "reactions": [
            {
                "name": "heart_eyes",
                "users": [
                    "UNG35QZFF"
                ],
                "count": 1
            }
        ]
    },
    {
        "client_msg_id": "34653531-8535-4732-b4ba-8e58870a4d4f",
        "type": "message",
        "text": "<https:\/\/observablehq.com\/@stevekrouse\/future-of-coding-slack-search> this is pretty cool. for the future of coding slack someone made a observable page that lets you search through the slack history… i might try to remix this for our slack",
        "user": "UNG35QZFF",
        "ts": "1571939265.010000",
        "team": "TN9LC1S6M",
        "user_team": "TN9LC1S6M",
        "source_team": "TN9LC1S6M",
        "user_profile": {
            "avatar_hash": "90c831cac8ba",
            "image_72": "https:\/\/avatars.slack-edge.com\/2019-09-17\/764115434832_90c831cac8ba4f2fc73e_72.jpg",
            "first_name": "Cindy",
            "real_name": "Cindy Wu",
            "display_name": "cindy",
            "team": "TN9LC1S6M",
            "name": "cindy",
            "is_restricted": false,
            "is_ultra_restricted": false
        },
        "attachments": [
            {
                "title": "Future of Coding Slack Archive",
                "title_link": "https:\/\/observablehq.com\/@stevekrouse\/future-of-coding-slack-search",
                "text": "An Observable notebook by Steve Krouse.",
                "fallback": "Future of Coding Slack Archive",
                "image_url": "https:\/\/static.observableusercontent.com\/thumbnail\/954e7aac2f9445d2aef973a2b10147d723f0e4baa663c12a3f89058c481cfb60.jpg",
                "ts": 1560348326,
                "from_url": "https:\/\/observablehq.com\/@stevekrouse\/future-of-coding-slack-search",
                "image_width": 400,
                "image_height": 250,
                "image_bytes": 20139,
                "service_icon": "https:\/\/static.observablehq.com\/favicon-512.e85350a27dfadeea7c7c78c797c24419525df5579de174d86d258c40ae57473a.png",
                "service_name": "observablehq.com",
                "id": 1,
                "original_url": "https:\/\/observablehq.com\/@stevekrouse\/future-of-coding-slack-search"
            }
        ]
    },
    {
        "client_msg_id": "bc1268db-687a-4633-83fb-e5b6f7a118d6",
        "type": "message",
        "text": "Kubos is hiring a frontend engineer to work on Major Tom, our web-based ground control software. <https:\/\/apply.workable.com\/kubos\/j\/05021ACFEF\/>\n\nCome work on satellite ground control software using web technologies (Rails, React, GraphQL, Material UI, WebSockets)! :satellite_antenna::satellite:",
        "user": "UP7Q268R3",
        "ts": "1571943050.010600",
        "team": "TN9LC1S6M",
        "user_team": "TN9LC1S6M",
        "source_team": "TN9LC1S6M",
        "user_profile": {
            "avatar_hash": "g02734bb0afe",
            "image_72": "https:\/\/secure.gravatar.com\/avatar\/02734bb0afe24b614f37a54eada76538.jpg?s=72&d=https%3A%2F%2Fa.slack-edge.com%2Fdf10d%2Fimg%2Favatars%2Fava_0012-72.png",
            "first_name": "",
            "real_name": "Andrew Cantino",
            "display_name": "Andrew Cantino",
            "team": "TN9LC1S6M",
            "name": "andrew",
            "is_restricted": false,
            "is_ultra_restricted": false
        },
        "attachments": [
            {
                "title": "Front-end Developer - Kubos",
                "title_link": "https:\/\/apply.workable.com\/kubos\/j\/05021ACFEF\/",
                "text": "Kubos is a startup building the first end-to-end software platform for the $195 billion satellite industry. Our offerings include KubOS, our open-source, integrated flight software framework designed for rapid and modern satellite software develop...",
                "fallback": "Front-end Developer - Kubos",
                "image_url": "https:\/\/www.workable.com\/assets\/facebook-preview.png",
                "from_url": "https:\/\/apply.workable.com\/kubos\/j\/05021ACFEF\/",
                "image_width": 250,
                "image_height": 250,
                "image_bytes": 22751,
                "service_icon": "https:\/\/www.workable.com\/static\/apple-touch-icon-192x192.png",
                "service_name": "apply.workable.com",
                "id": 1,
                "original_url": "https:\/\/apply.workable.com\/kubos\/j\/05021ACFEF\/"
            }
        ],
        "reactions": [
            {
                "name": "crystal_ball",
                "users": [
                    "UNG35QZFF"
                ],
                "count": 1
            }
        ]
    },
    {
        "client_msg_id": "60ABAC14-91B1-4D3C-B43F-F43269852F00",
        "type": "message",
        "text": "(All remote!)",
        "user": "UP7Q268R3",
        "ts": "1571944875.011100",
        "team": "TN9LC1S6M",
        "user_team": "TN9LC1S6M",
        "source_team": "TN9LC1S6M",
        "user_profile": {
            "avatar_hash": "g02734bb0afe",
            "image_72": "https:\/\/secure.gravatar.com\/avatar\/02734bb0afe24b614f37a54eada76538.jpg?s=72&d=https%3A%2F%2Fa.slack-edge.com%2Fdf10d%2Fimg%2Favatars%2Fava_0012-72.png",
            "first_name": "",
            "real_name": "Andrew Cantino",
            "display_name": "Andrew Cantino",
            "team": "TN9LC1S6M",
            "name": "andrew",
            "is_restricted": false,
            "is_ultra_restricted": false
        }
    }
]