[
    {
        "client_msg_id": "458d5f87-18a2-40e4-adf8-dbdeef64c3e7",
        "type": "message",
        "text": "<https:\/\/twitter.com\/lucas_zanotto\/status\/1183039859470065665> cc <@UNG35QZFF>",
        "user": "UN74A97FV",
        "ts": "1570919150.000200",
        "team": "TN9LC1S6M",
        "user_team": "TN9LC1S6M",
        "source_team": "TN9LC1S6M",
        "user_profile": {
            "avatar_hash": "gece0186c6ef",
            "image_72": "https:\/\/secure.gravatar.com\/avatar\/ece0186c6ef6197201c058eb16af0684.jpg?s=72&d=https%3A%2F%2Fa.slack-edge.com%2Fdf10d%2Fimg%2Favatars%2Fava_0015-72.png",
            "first_name": "Skander",
            "real_name": "Skander",
            "display_name": "skander",
            "team": "TN9LC1S6M",
            "name": "skanderm",
            "is_restricted": false,
            "is_ultra_restricted": false
        },
        "attachments": [
            {
                "fallback": "<https:\/\/twitter.com\/lucas_zanotto|@lucas_zanotto>: I had a go at @greyscalegorilla ‘s new Modern Material collection by @chad_gsg . <https:\/\/pbs.twimg.com\/ext_tw_video_thumb\/1183039722890944514\/pu\/img\/dMY_xbOi14CvUXgW.jpg>",
                "ts": 1570893656,
                "author_name": "Lucas Zanotto",
                "author_link": "https:\/\/twitter.com\/lucas_zanotto\/status\/1183039859470065665",
                "author_icon": "https:\/\/pbs.twimg.com\/profile_images\/1109115753301794816\/78F9za6y_normal.png",
                "author_subname": "@lucas_zanotto",
                "text": "I had a go at @greyscalegorilla ‘s new Modern Material collection by @chad_gsg .",
                "service_name": "twitter",
                "service_url": "https:\/\/twitter.com\/",
                "from_url": "https:\/\/twitter.com\/lucas_zanotto\/status\/1183039859470065665",
                "thumb_url": "https:\/\/pbs.twimg.com\/ext_tw_video_thumb\/1183039722890944514\/pu\/img\/dMY_xbOi14CvUXgW.jpg",
                "thumb_width": 720,
                "thumb_height": 720,
                "video_html_width": 720,
                "video_html_height": 720,
                "video_html": "<video controls poster=\"https:\/\/pbs.twimg.com\/ext_tw_video_thumb\/1183039722890944514\/pu\/img\/dMY_xbOi14CvUXgW.jpg\" width=\"720\" height=\"720\"><source type=\"video\/mp4\" src=\"https:\/\/video.twimg.com\/ext_tw_video\/1183039722890944514\/pu\/vid\/720x720\/2ZlCGCdo0ggCW4lz.mp4?tag=10\"><\/video>",
                "id": 1,
                "original_url": "https:\/\/twitter.com\/lucas_zanotto\/status\/1183039859470065665",
                "footer": "Twitter",
                "footer_icon": "https:\/\/a.slack-edge.com\/80588\/img\/services\/twitter_pixel_snapped_32.png"
            }
        ],
        "thread_ts": "1570919150.000200",
        "reply_count": 4,
        "reply_users_count": 3,
        "latest_reply": "1571116285.002600",
        "reply_users": [
            "UNJ95CKPG",
            "UNG35QZFF",
            "UP6MCAL2U"
        ],
        "replies": [
            {
                "user": "UNJ95CKPG",
                "ts": "1571032302.000700"
            },
            {
                "user": "UNG35QZFF",
                "ts": "1571033243.001000"
            },
            {
                "user": "UP6MCAL2U",
                "ts": "1571036433.001200"
            },
            {
                "user": "UNG35QZFF",
                "ts": "1571116285.002600"
            }
        ],
        "subscribed": true,
        "last_read": "1571116285.002600",
        "reactions": [
            {
                "name": "heart_eyes",
                "users": [
                    "UNG35QZFF"
                ],
                "count": 1
            }
        ]
    }
]