[
    {
        "client_msg_id": "D6D85F58-72C3-4BA9-943A-34F76CF9AE43",
        "type": "message",
        "text": "<@UNG35QZFF> Thank you! These look interesting, definitely let me know if you find others you’re excited about :relaxed:",
        "user": "UNPPANK60",
        "ts": "1570650277.002200",
        "team": "TN9LC1S6M",
        "user_team": "TN9LC1S6M",
        "source_team": "TN9LC1S6M",
        "user_profile": {
            "avatar_hash": "g94afa607bcd",
            "image_72": "https:\/\/secure.gravatar.com\/avatar\/94afa607bcd0573bbeb3a5335a646bf0.jpg?s=72&d=https%3A%2F%2Fa.slack-edge.com%2Fdf10d%2Fimg%2Favatars%2Fava_0026-72.png",
            "first_name": "James",
            "real_name": "James Hill-Khurana",
            "display_name": "",
            "team": "TN9LC1S6M",
            "name": "jhillkhurana",
            "is_restricted": false,
            "is_ultra_restricted": false
        },
        "thread_ts": "1570650277.002200",
        "reply_count": 1,
        "reply_users_count": 1,
        "latest_reply": "1570650293.002300",
        "reply_users": [
            "UNG35QZFF"
        ],
        "replies": [
            {
                "user": "UNG35QZFF",
                "ts": "1570650293.002300"
            }
        ],
        "subscribed": true,
        "last_read": "1570650293.002300"
    },
    {
        "client_msg_id": "f87e40fc-bac7-45eb-bf04-bcc0afae953b",
        "type": "message",
        "text": "will do!",
        "user": "UNG35QZFF",
        "ts": "1570650293.002300",
        "team": "TN9LC1S6M",
        "user_team": "TN9LC1S6M",
        "source_team": "TN9LC1S6M",
        "user_profile": {
            "avatar_hash": "90c831cac8ba",
            "image_72": "https:\/\/avatars.slack-edge.com\/2019-09-17\/764115434832_90c831cac8ba4f2fc73e_72.jpg",
            "first_name": "Cindy",
            "real_name": "Cindy Wu",
            "display_name": "cindy",
            "team": "TN9LC1S6M",
            "name": "cindy",
            "is_restricted": false,
            "is_ultra_restricted": false
        },
        "thread_ts": "1570650277.002200",
        "parent_user_id": "UNPPANK60"
    }
]