[
    {
        "user": "UNS38F4DB",
        "type": "message",
        "subtype": "channel_join",
        "ts": "1569493534.001100",
        "text": "<@UNS38F4DB> has joined the channel"
    },
    {
        "type": "message",
        "text": "",
        "files": [
            {
                "id": "FNT2ES0E4",
                "created": 1569536664,
                "timestamp": 1569536664,
                "name": "image.png",
                "title": "image.png",
                "mimetype": "image\/png",
                "filetype": "png",
                "pretty_type": "PNG",
                "user": "UNJ95CKPG",
                "editable": false,
                "size": 5425182,
                "mode": "hosted",
                "is_external": false,
                "external_type": "",
                "is_public": true,
                "public_url_shared": false,
                "display_as_bot": false,
                "username": "",
                "url_private": "https:\/\/files.slack.com\/files-pri\/TN9LC1S6M-FNT2ES0E4\/image.png?t=xoxe-757692060225-808518148580-808990851829-cb70f89030c5a979dfbdab397746fcee",
                "url_private_download": "https:\/\/files.slack.com\/files-pri\/TN9LC1S6M-FNT2ES0E4\/download\/image.png?t=xoxe-757692060225-808518148580-808990851829-cb70f89030c5a979dfbdab397746fcee",
                "thumb_64": "https:\/\/files.slack.com\/files-tmb\/TN9LC1S6M-FNT2ES0E4-8629abbbcb\/image_64.png?t=xoxe-757692060225-808518148580-808990851829-cb70f89030c5a979dfbdab397746fcee",
                "thumb_80": "https:\/\/files.slack.com\/files-tmb\/TN9LC1S6M-FNT2ES0E4-8629abbbcb\/image_80.png?t=xoxe-757692060225-808518148580-808990851829-cb70f89030c5a979dfbdab397746fcee",
                "thumb_360": "https:\/\/files.slack.com\/files-tmb\/TN9LC1S6M-FNT2ES0E4-8629abbbcb\/image_360.png?t=xoxe-757692060225-808518148580-808990851829-cb70f89030c5a979dfbdab397746fcee",
                "thumb_360_w": 270,
                "thumb_360_h": 360,
                "thumb_480": "https:\/\/files.slack.com\/files-tmb\/TN9LC1S6M-FNT2ES0E4-8629abbbcb\/image_480.png?t=xoxe-757692060225-808518148580-808990851829-cb70f89030c5a979dfbdab397746fcee",
                "thumb_480_w": 360,
                "thumb_480_h": 480,
                "thumb_160": "https:\/\/files.slack.com\/files-tmb\/TN9LC1S6M-FNT2ES0E4-8629abbbcb\/image_160.png?t=xoxe-757692060225-808518148580-808990851829-cb70f89030c5a979dfbdab397746fcee",
                "thumb_720": "https:\/\/files.slack.com\/files-tmb\/TN9LC1S6M-FNT2ES0E4-8629abbbcb\/image_720.png?t=xoxe-757692060225-808518148580-808990851829-cb70f89030c5a979dfbdab397746fcee",
                "thumb_720_w": 540,
                "thumb_720_h": 720,
                "thumb_800": "https:\/\/files.slack.com\/files-tmb\/TN9LC1S6M-FNT2ES0E4-8629abbbcb\/image_800.png?t=xoxe-757692060225-808518148580-808990851829-cb70f89030c5a979dfbdab397746fcee",
                "thumb_800_w": 800,
                "thumb_800_h": 1067,
                "thumb_960": "https:\/\/files.slack.com\/files-tmb\/TN9LC1S6M-FNT2ES0E4-8629abbbcb\/image_960.png?t=xoxe-757692060225-808518148580-808990851829-cb70f89030c5a979dfbdab397746fcee",
                "thumb_960_w": 720,
                "thumb_960_h": 960,
                "thumb_1024": "https:\/\/files.slack.com\/files-tmb\/TN9LC1S6M-FNT2ES0E4-8629abbbcb\/image_1024.png?t=xoxe-757692060225-808518148580-808990851829-cb70f89030c5a979dfbdab397746fcee",
                "thumb_1024_w": 768,
                "thumb_1024_h": 1024,
                "image_exif_rotation": 1,
                "original_w": 1536,
                "original_h": 2048,
                "permalink": "https:\/\/jelly-community.slack.com\/files\/UNJ95CKPG\/FNT2ES0E4\/image.png",
                "permalink_public": "https:\/\/slack-files.com\/TN9LC1S6M-FNT2ES0E4-0a4cc31df8",
                "is_starred": false,
                "has_rich_preview": false
            }
        ],
        "upload": true,
        "user": "UNJ95CKPG",
        "display_as_bot": false,
        "ts": "1569536671.001400",
        "client_msg_id": "5f28585e-4ee6-4deb-a683-a5178a87b218"
    },
    {
        "user": "UNEFY63TL",
        "type": "message",
        "subtype": "channel_join",
        "ts": "1569560108.000200",
        "text": "<@UNEFY63TL> has joined the channel"
    },
    {
        "user": "UNFSARXC3",
        "type": "message",
        "subtype": "channel_join",
        "ts": "1569565667.000400",
        "text": "<@UNFSARXC3> has joined the channel"
    }
]