[
    {
        "user": "UNQBNM9RD",
        "type": "message",
        "subtype": "channel_join",
        "ts": "1569276571.000200",
        "text": "<@UNQBNM9RD> has joined the channel"
    },
    {
        "user": "UNB3ACN0K",
        "type": "message",
        "subtype": "channel_join",
        "ts": "1569279941.000400",
        "text": "<@UNB3ACN0K> has joined the channel"
    },
    {
        "user": "UNQQ455U6",
        "type": "message",
        "subtype": "channel_join",
        "ts": "1569282272.000600",
        "text": "<@UNQQ455U6> has joined the channel"
    },
    {
        "user": "UN9RWGMKL",
        "type": "message",
        "subtype": "channel_join",
        "ts": "1569286055.000800",
        "text": "<@UN9RWGMKL> has joined the channel"
    },
    {
        "user": "UNG74ENGZ",
        "type": "message",
        "subtype": "channel_join",
        "ts": "1569286637.001000",
        "text": "<@UNG74ENGZ> has joined the channel"
    },
    {
        "user": "UNG7J4S9X",
        "type": "message",
        "subtype": "channel_join",
        "ts": "1569287895.001200",
        "text": "<@UNG7J4S9X> has joined the channel"
    },
    {
        "user": "UNG7NLK6V",
        "type": "message",
        "subtype": "channel_join",
        "ts": "1569288334.001400",
        "text": "<@UNG7NLK6V> has joined the channel"
    },
    {
        "user": "UNB64GBTM",
        "type": "message",
        "subtype": "channel_join",
        "ts": "1569288603.001700",
        "text": "<@UNB64GBTM> has joined the channel"
    },
    {
        "user": "UNG7S3FMX",
        "type": "message",
        "subtype": "channel_join",
        "ts": "1569288656.001900",
        "text": "<@UNG7S3FMX> has joined the channel"
    },
    {
        "user": "UNB6R8QP5",
        "type": "message",
        "subtype": "channel_join",
        "ts": "1569290621.002100",
        "text": "<@UNB6R8QP5> has joined the channel"
    },
    {
        "user": "UNB6RDSP5",
        "type": "message",
        "subtype": "channel_join",
        "ts": "1569290639.002300",
        "text": "<@UNB6RDSP5> has joined the channel"
    },
    {
        "user": "UNG91CV2M",
        "type": "message",
        "subtype": "channel_join",
        "ts": "1569293075.003300",
        "text": "<@UNG91CV2M> has joined the channel"
    }
]