[
    {
        "user": "UNPP3CW6Q",
        "type": "message",
        "subtype": "channel_join",
        "ts": "1569380990.003600",
        "text": "<@UNPP3CW6Q> has joined the channel"
    },
    {
        "user": "UNPPANK60",
        "type": "message",
        "subtype": "channel_join",
        "ts": "1569381834.003800",
        "text": "<@UNPPANK60> has joined the channel"
    },
    {
        "user": "UNCQ6MBDZ",
        "type": "message",
        "subtype": "channel_join",
        "ts": "1569386230.004000",
        "text": "<@UNCQ6MBDZ> has joined the channel"
    }
]