[
    {
        "client_msg_id": "c0eab33a-cadf-4326-9851-ba803f242b39",
        "type": "message",
        "text": "ive been trying to follow more artists\/illustrators on twitter to make my feed better",
        "user": "UNJ95CKPG",
        "ts": "1571032302.000700",
        "team": "TN9LC1S6M",
        "user_team": "TN9LC1S6M",
        "source_team": "TN9LC1S6M",
        "user_profile": {
            "avatar_hash": "3c827ecd0300",
            "image_72": "https:\/\/avatars.slack-edge.com\/2019-09-23\/759234742083_3c827ecd0300e7312f4f_72.png",
            "first_name": "Denny",
            "real_name": "Denny",
            "display_name": "denny",
            "team": "TN9LC1S6M",
            "name": "denny",
            "is_restricted": false,
            "is_ultra_restricted": false
        },
        "thread_ts": "1570919150.000200",
        "parent_user_id": "UN74A97FV"
    },
    {
        "client_msg_id": "ad483c09-c127-4e21-b9f6-59120a4f52c1",
        "type": "message",
        "text": "artists and illustrators are the best part of twitter",
        "user": "UNG35QZFF",
        "ts": "1571033243.001000",
        "team": "TN9LC1S6M",
        "user_team": "TN9LC1S6M",
        "source_team": "TN9LC1S6M",
        "user_profile": {
            "avatar_hash": "90c831cac8ba",
            "image_72": "https:\/\/avatars.slack-edge.com\/2019-09-17\/764115434832_90c831cac8ba4f2fc73e_72.jpg",
            "first_name": "Cindy",
            "real_name": "Cindy Wu",
            "display_name": "cindy",
            "team": "TN9LC1S6M",
            "name": "cindy",
            "is_restricted": false,
            "is_ultra_restricted": false
        },
        "thread_ts": "1570919150.000200",
        "parent_user_id": "UN74A97FV"
    }
]