[
    {
        "client_msg_id": "b9f30e4d-d5ac-433d-8f9e-691238494f43",
        "type": "message",
        "text": "the animal telemetry network uses this workflow tool to keep track of their data <https:\/\/www.researchworkspace.com\/>",
        "user": "UNG35QZFF",
        "ts": "1570746507.003600",
        "team": "TN9LC1S6M",
        "user_team": "TN9LC1S6M",
        "source_team": "TN9LC1S6M",
        "user_profile": {
            "avatar_hash": "90c831cac8ba",
            "image_72": "https:\/\/avatars.slack-edge.com\/2019-09-17\/764115434832_90c831cac8ba4f2fc73e_72.jpg",
            "first_name": "Cindy",
            "real_name": "Cindy Wu",
            "display_name": "cindy",
            "team": "TN9LC1S6M",
            "name": "cindy",
            "is_restricted": false,
            "is_ultra_restricted": false
        },
        "attachments": [
            {
                "title": "Research Workspace",
                "title_link": "https:\/\/www.researchworkspace.com\/",
                "text": "Share, analyze, and preserve your team's scientific data.",
                "fallback": "Research Workspace",
                "image_url": "http:\/\/researchworkspace.com\/public\/images\/logo\/og-image.jpg",
                "image_width": 750,
                "image_height": 250,
                "from_url": "https:\/\/www.researchworkspace.com\/",
                "image_bytes": 18256,
                "service_icon": "https:\/\/www.researchworkspace.com\/public\/images\/favicon-trans.ico",
                "service_name": "researchworkspace.com",
                "id": 1,
                "original_url": "https:\/\/www.researchworkspace.com\/"
            }
        ]
    },
    {
        "client_msg_id": "91b5c3bc-984b-4643-a96f-17abb9dba09c",
        "type": "message",
        "text": "pretty neat to see that large organizations are using a workflow tool to collect and share data. they also create standards and easy ways to add metadata, so that when the data is ready to be published\/archived it is clean and understandable by the future humans that might try to use it",
        "user": "UNG35QZFF",
        "ts": "1570746612.005500",
        "team": "TN9LC1S6M",
        "user_team": "TN9LC1S6M",
        "source_team": "TN9LC1S6M",
        "user_profile": {
            "avatar_hash": "90c831cac8ba",
            "image_72": "https:\/\/avatars.slack-edge.com\/2019-09-17\/764115434832_90c831cac8ba4f2fc73e_72.jpg",
            "first_name": "Cindy",
            "real_name": "Cindy Wu",
            "display_name": "cindy",
            "team": "TN9LC1S6M",
            "name": "cindy",
            "is_restricted": false,
            "is_ultra_restricted": false
        },
        "reactions": [
            {
                "name": "+1",
                "users": [
                    "UNVFX3UKT"
                ],
                "count": 1
            }
        ]
    },
    {
        "client_msg_id": "1909de2d-b706-4feb-bdb8-774457cdda54",
        "type": "message",
        "text": "datacite looks really cool",
        "user": "UNJ95CKPG",
        "ts": "1570749280.005700",
        "team": "TN9LC1S6M",
        "user_team": "TN9LC1S6M",
        "source_team": "TN9LC1S6M",
        "user_profile": {
            "avatar_hash": "3c827ecd0300",
            "image_72": "https:\/\/avatars.slack-edge.com\/2019-09-23\/759234742083_3c827ecd0300e7312f4f_72.png",
            "first_name": "Denny",
            "real_name": "Denny",
            "display_name": "denny",
            "team": "TN9LC1S6M",
            "name": "denny",
            "is_restricted": false,
            "is_ultra_restricted": false
        },
        "reactions": [
            {
                "name": "eyes",
                "users": [
                    "UNG35QZFF"
                ],
                "count": 1
            }
        ]
    },
    {
        "client_msg_id": "00892248-5ff7-4cba-b044-00bd6d7895d7",
        "type": "message",
        "text": "basically the experiment tagging idea with their DOI issuer",
        "user": "UNJ95CKPG",
        "ts": "1570749288.006000",
        "team": "TN9LC1S6M",
        "user_team": "TN9LC1S6M",
        "source_team": "TN9LC1S6M",
        "user_profile": {
            "avatar_hash": "3c827ecd0300",
            "image_72": "https:\/\/avatars.slack-edge.com\/2019-09-23\/759234742083_3c827ecd0300e7312f4f_72.png",
            "first_name": "Denny",
            "real_name": "Denny",
            "display_name": "denny",
            "team": "TN9LC1S6M",
            "name": "denny",
            "is_restricted": false,
            "is_ultra_restricted": false
        }
    },
    {
        "client_msg_id": "1f8c4feb-7e89-4c8b-8be0-91852a9815b3",
        "type": "message",
        "text": "<https:\/\/datacite.org\/dois.html>",
        "user": "UNJ95CKPG",
        "ts": "1570749289.006200",
        "team": "TN9LC1S6M",
        "user_team": "TN9LC1S6M",
        "source_team": "TN9LC1S6M",
        "user_profile": {
            "avatar_hash": "3c827ecd0300",
            "image_72": "https:\/\/avatars.slack-edge.com\/2019-09-23\/759234742083_3c827ecd0300e7312f4f_72.png",
            "first_name": "Denny",
            "real_name": "Denny",
            "display_name": "denny",
            "team": "TN9LC1S6M",
            "name": "denny",
            "is_restricted": false,
            "is_ultra_restricted": false
        },
        "attachments": [
            {
                "title": "DataCite - Assign DOIs",
                "title_link": "https:\/\/datacite.org\/dois.html",
                "text": "DataCite -",
                "fallback": "DataCite - Assign DOIs",
                "from_url": "https:\/\/datacite.org\/dois.html",
                "service_name": "datacite.org",
                "id": 1,
                "original_url": "https:\/\/datacite.org\/dois.html"
            }
        ]
    },
    {
        "client_msg_id": "a97eb455-c920-4aeb-b712-85315a8d29ea",
        "type": "message",
        "text": "datacite's been around since 2009, im curious about their adoption: <https:\/\/datacite.org\/documents\/datacite_annual_review_2018_final.pdf>",
        "user": "UNJ95CKPG",
        "ts": "1570749316.006700",
        "team": "TN9LC1S6M",
        "user_team": "TN9LC1S6M",
        "source_team": "TN9LC1S6M",
        "user_profile": {
            "avatar_hash": "3c827ecd0300",
            "image_72": "https:\/\/avatars.slack-edge.com\/2019-09-23\/759234742083_3c827ecd0300e7312f4f_72.png",
            "first_name": "Denny",
            "real_name": "Denny",
            "display_name": "denny",
            "team": "TN9LC1S6M",
            "name": "denny",
            "is_restricted": false,
            "is_ultra_restricted": false
        }
    },
    {
        "client_msg_id": "7f080947-37e6-48e4-88de-411de92a41c1",
        "type": "message",
        "text": "patrick starfish meme: 'what if we had crossref, but free on blockchain'",
        "user": "UNJ95CKPG",
        "ts": "1570750836.007300",
        "team": "TN9LC1S6M",
        "user_team": "TN9LC1S6M",
        "source_team": "TN9LC1S6M",
        "user_profile": {
            "avatar_hash": "3c827ecd0300",
            "image_72": "https:\/\/avatars.slack-edge.com\/2019-09-23\/759234742083_3c827ecd0300e7312f4f_72.png",
            "first_name": "Denny",
            "real_name": "Denny",
            "display_name": "denny",
            "team": "TN9LC1S6M",
            "name": "denny",
            "is_restricted": false,
            "is_ultra_restricted": false
        },
        "reactions": [
            {
                "name": "thinking_face",
                "users": [
                    "UNG35QZFF"
                ],
                "count": 1
            }
        ]
    },
    {
        "type": "message",
        "text": "",
        "files": [
            {
                "id": "FP9J7VCKS",
                "created": 1570750869,
                "timestamp": 1570750869,
                "name": "image.png",
                "title": "image.png",
                "mimetype": "image\/png",
                "filetype": "png",
                "pretty_type": "PNG",
                "user": "UNJ95CKPG",
                "editable": false,
                "size": 194034,
                "mode": "hosted",
                "is_external": false,
                "external_type": "",
                "is_public": true,
                "public_url_shared": false,
                "display_as_bot": false,
                "username": "",
                "url_private": "https:\/\/files.slack.com\/files-pri\/TN9LC1S6M-FP9J7VCKS\/image.png?t=xoxe-757692060225-808518148580-808990851829-cb70f89030c5a979dfbdab397746fcee",
                "url_private_download": "https:\/\/files.slack.com\/files-pri\/TN9LC1S6M-FP9J7VCKS\/download\/image.png?t=xoxe-757692060225-808518148580-808990851829-cb70f89030c5a979dfbdab397746fcee",
                "thumb_64": "https:\/\/files.slack.com\/files-tmb\/TN9LC1S6M-FP9J7VCKS-9d3c594867\/image_64.png?t=xoxe-757692060225-808518148580-808990851829-cb70f89030c5a979dfbdab397746fcee",
                "thumb_80": "https:\/\/files.slack.com\/files-tmb\/TN9LC1S6M-FP9J7VCKS-9d3c594867\/image_80.png?t=xoxe-757692060225-808518148580-808990851829-cb70f89030c5a979dfbdab397746fcee",
                "thumb_360": "https:\/\/files.slack.com\/files-tmb\/TN9LC1S6M-FP9J7VCKS-9d3c594867\/image_360.png?t=xoxe-757692060225-808518148580-808990851829-cb70f89030c5a979dfbdab397746fcee",
                "thumb_360_w": 360,
                "thumb_360_h": 162,
                "thumb_480": "https:\/\/files.slack.com\/files-tmb\/TN9LC1S6M-FP9J7VCKS-9d3c594867\/image_480.png?t=xoxe-757692060225-808518148580-808990851829-cb70f89030c5a979dfbdab397746fcee",
                "thumb_480_w": 480,
                "thumb_480_h": 216,
                "thumb_160": "https:\/\/files.slack.com\/files-tmb\/TN9LC1S6M-FP9J7VCKS-9d3c594867\/image_160.png?t=xoxe-757692060225-808518148580-808990851829-cb70f89030c5a979dfbdab397746fcee",
                "thumb_720": "https:\/\/files.slack.com\/files-tmb\/TN9LC1S6M-FP9J7VCKS-9d3c594867\/image_720.png?t=xoxe-757692060225-808518148580-808990851829-cb70f89030c5a979dfbdab397746fcee",
                "thumb_720_w": 720,
                "thumb_720_h": 324,
                "thumb_800": "https:\/\/files.slack.com\/files-tmb\/TN9LC1S6M-FP9J7VCKS-9d3c594867\/image_800.png?t=xoxe-757692060225-808518148580-808990851829-cb70f89030c5a979dfbdab397746fcee",
                "thumb_800_w": 800,
                "thumb_800_h": 360,
                "thumb_960": "https:\/\/files.slack.com\/files-tmb\/TN9LC1S6M-FP9J7VCKS-9d3c594867\/image_960.png?t=xoxe-757692060225-808518148580-808990851829-cb70f89030c5a979dfbdab397746fcee",
                "thumb_960_w": 960,
                "thumb_960_h": 432,
                "thumb_1024": "https:\/\/files.slack.com\/files-tmb\/TN9LC1S6M-FP9J7VCKS-9d3c594867\/image_1024.png?t=xoxe-757692060225-808518148580-808990851829-cb70f89030c5a979dfbdab397746fcee",
                "thumb_1024_w": 1024,
                "thumb_1024_h": 461,
                "image_exif_rotation": 1,
                "original_w": 2058,
                "original_h": 926,
                "thumb_tiny": "AwAVADC8ykscOw+lJ5bf89HqT+KlouKxF5bf89HpfLP\/AD0epKCOO9O4WRGIz\/z0alVCGB3scdqcBx3oUfWlcLC4560YPrS0UDEx70YpaKAExQBS0UAf\/9k=",
                "permalink": "https:\/\/jelly-community.slack.com\/files\/UNJ95CKPG\/FP9J7VCKS\/image.png",
                "permalink_public": "https:\/\/slack-files.com\/TN9LC1S6M-FP9J7VCKS-6f6aaff248",
                "is_starred": false,
                "has_rich_preview": false
            }
        ],
        "upload": true,
        "user": "UNJ95CKPG",
        "display_as_bot": false,
        "ts": "1570750873.007400",
        "client_msg_id": "2781678b-8a42-4eaa-a6de-adc55ee1adb8"
    },
    {
        "client_msg_id": "a27f7f6b-3017-454a-b216-3181d272234f",
        "type": "message",
        "text": "<https:\/\/twobithistory.org\/2018\/05\/27\/semantic-web.html>",
        "user": "UNJ95CKPG",
        "ts": "1570751768.007900",
        "team": "TN9LC1S6M",
        "user_team": "TN9LC1S6M",
        "source_team": "TN9LC1S6M",
        "user_profile": {
            "avatar_hash": "3c827ecd0300",
            "image_72": "https:\/\/avatars.slack-edge.com\/2019-09-23\/759234742083_3c827ecd0300e7312f4f_72.png",
            "first_name": "Denny",
            "real_name": "Denny",
            "display_name": "denny",
            "team": "TN9LC1S6M",
            "name": "denny",
            "is_restricted": false,
            "is_ultra_restricted": false
        },
        "attachments": [
            {
                "title": "Whatever Happened to the Semantic Web?",
                "title_link": "https:\/\/twobithistory.org\/2018\/05\/27\/semantic-web.html",
                "text": "In 2001, Tim Berners-Lee, inventor of the World Wide Web, published an article in Scientific American.",
                "fallback": "Whatever Happened to the Semantic Web?",
                "thumb_url": "https:\/\/twobithistory.org\/images\/logo.png",
                "from_url": "https:\/\/twobithistory.org\/2018\/05\/27\/semantic-web.html",
                "thumb_width": 128,
                "thumb_height": 128,
                "service_icon": "https:\/\/twobithistory.org\/favicon.ico",
                "service_name": "twobithistory.org",
                "id": 1,
                "original_url": "https:\/\/twobithistory.org\/2018\/05\/27\/semantic-web.html"
            }
        ]
    },
    {
        "client_msg_id": "4d84d6d8-d64e-4f30-9f1c-ef6a1348a73c",
        "type": "message",
        "text": "<https:\/\/schub.io\/blog\/2018\/02\/01\/activitypub-one-protocol-to-rule-them-all.html>",
        "user": "UNJ95CKPG",
        "ts": "1570751779.008200",
        "team": "TN9LC1S6M",
        "user_team": "TN9LC1S6M",
        "source_team": "TN9LC1S6M",
        "user_profile": {
            "avatar_hash": "3c827ecd0300",
            "image_72": "https:\/\/avatars.slack-edge.com\/2019-09-23\/759234742083_3c827ecd0300e7312f4f_72.png",
            "first_name": "Denny",
            "real_name": "Denny",
            "display_name": "denny",
            "team": "TN9LC1S6M",
            "name": "denny",
            "is_restricted": false,
            "is_ultra_restricted": false
        },
        "attachments": [
            {
                "title": "ActivityPub - one protocol to rule them all? - Dennis Schubert",
                "title_link": "https:\/\/schub.io\/blog\/2018\/02\/01\/activitypub-one-protocol-to-rule-them-all.html",
                "text": "Random thoughts, articles and projects by Dennis Schubert.",
                "fallback": "ActivityPub - one protocol to rule them all? - Dennis Schubert",
                "image_url": "https:\/\/schub.io\/statics\/opengraph_fallback.png",
                "from_url": "https:\/\/schub.io\/blog\/2018\/02\/01\/activitypub-one-protocol-to-rule-them-all.html",
                "image_width": 476,
                "image_height": 250,
                "image_bytes": 159752,
                "service_icon": "https:\/\/schub.io\/statics\/favicon.ico",
                "service_name": "schub.io",
                "id": 1,
                "original_url": "https:\/\/schub.io\/blog\/2018\/02\/01\/activitypub-one-protocol-to-rule-them-all.html"
            }
        ]
    }
]