[
    {
        "client_msg_id": "5cc5092a-1761-43bd-bd2f-49bdb59eb823",
        "type": "message",
        "text": "<@UNPPANK60> another project i really like is <https:\/\/scite.ai\/>",
        "user": "UNG35QZFF",
        "ts": "1570598366.000400",
        "team": "TN9LC1S6M",
        "user_team": "TN9LC1S6M",
        "source_team": "TN9LC1S6M",
        "user_profile": {
            "avatar_hash": "90c831cac8ba",
            "image_72": "https:\/\/avatars.slack-edge.com\/2019-09-17\/764115434832_90c831cac8ba4f2fc73e_72.jpg",
            "first_name": "Cindy",
            "real_name": "Cindy Wu",
            "display_name": "cindy",
            "team": "TN9LC1S6M",
            "name": "cindy",
            "is_restricted": false,
            "is_ultra_restricted": false
        },
        "attachments": [
            {
                "title": "scite_",
                "title_link": "https:\/\/scite.ai\/",
                "text": "scite combines natural language processing with a network of experts to evaluate the veracity of scientific work",
                "fallback": "scite_",
                "image_url": "https:\/\/scite-production.azureedge.net\/assets\/images\/scite-blue.jpg",
                "from_url": "https:\/\/scite.ai\/",
                "image_width": 442,
                "image_height": 250,
                "image_bytes": 24077,
                "service_name": "scite.ai",
                "id": 1,
                "original_url": "https:\/\/scite.ai\/"
            }
        ],
        "thread_ts": "1570598366.000400",
        "reply_count": 1,
        "reply_users_count": 1,
        "latest_reply": "1570598405.000600",
        "reply_users": [
            "UNG35QZFF"
        ],
        "replies": [
            {
                "user": "UNG35QZFF",
                "ts": "1570598405.000600"
            }
        ],
        "subscribed": true,
        "last_read": "1570598405.000600"
    },
    {
        "client_msg_id": "9ed46495-530c-4538-8f62-603f5728d32c",
        "type": "message",
        "text": "they just got awarded an NSF grant <https:\/\/medium.com\/scite\/the-national-science-foundation-awards-scite-competitive-r-d-grant-to-build-tool-to-identify-and-28704bcbaa00>",
        "user": "UNG35QZFF",
        "ts": "1570598405.000600",
        "team": "TN9LC1S6M",
        "user_team": "TN9LC1S6M",
        "source_team": "TN9LC1S6M",
        "user_profile": {
            "avatar_hash": "90c831cac8ba",
            "image_72": "https:\/\/avatars.slack-edge.com\/2019-09-17\/764115434832_90c831cac8ba4f2fc73e_72.jpg",
            "first_name": "Cindy",
            "real_name": "Cindy Wu",
            "display_name": "cindy",
            "team": "TN9LC1S6M",
            "name": "cindy",
            "is_restricted": false,
            "is_ultra_restricted": false
        },
        "attachments": [
            {
                "service_name": "Medium",
                "title": "The National Science Foundation Awards scite Competitive R&amp;D Grant to Build Tool to Identify and Promote Reliable Research",
                "title_link": "https:\/\/medium.com\/scite\/the-national-science-foundation-awards-scite-competitive-r-d-grant-to-build-tool-to-identify-and-28704bcbaa00",
                "text": "Small Business Innovation Research Program Provides Seed Funding for R&amp;D",
                "fallback": "Medium: The National Science Foundation Awards scite Competitive R&amp;D Grant to Build Tool to Identify and Promote Reliable Research",
                "image_url": "https:\/\/miro.medium.com\/max\/418\/1*SlFyDp23xr0UCB-dOx3pgw.png",
                "fields": [
                    {
                        "title": "Reading time",
                        "value": "3 min read",
                        "short": true
                    }
                ],
                "ts": 1563808376,
                "from_url": "https:\/\/medium.com\/scite\/the-national-science-foundation-awards-scite-competitive-r-d-grant-to-build-tool-to-identify-and-28704bcbaa00",
                "image_width": 250,
                "image_height": 250,
                "image_bytes": 149357,
                "service_icon": "https:\/\/cdn-images-1.medium.com\/fit\/c\/152\/152\/1*8I-HPL0bfoIzGied-dzOvA.png",
                "id": 1,
                "original_url": "https:\/\/medium.com\/scite\/the-national-science-foundation-awards-scite-competitive-r-d-grant-to-build-tool-to-identify-and-28704bcbaa00"
            }
        ],
        "thread_ts": "1570598366.000400",
        "parent_user_id": "UNG35QZFF"
    },
    {
        "client_msg_id": "31073b26-fe32-4ea3-acf0-8c2d126be297",
        "type": "message",
        "text": "i also keep a now outdated list of science tech startups here <https:\/\/experiment.com\/public\/UJvcXw>",
        "user": "UNG35QZFF",
        "ts": "1570598478.001200",
        "team": "TN9LC1S6M",
        "user_team": "TN9LC1S6M",
        "source_team": "TN9LC1S6M",
        "user_profile": {
            "avatar_hash": "90c831cac8ba",
            "image_72": "https:\/\/avatars.slack-edge.com\/2019-09-17\/764115434832_90c831cac8ba4f2fc73e_72.jpg",
            "first_name": "Cindy",
            "real_name": "Cindy Wu",
            "display_name": "cindy",
            "team": "TN9LC1S6M",
            "name": "cindy",
            "is_restricted": false,
            "is_ultra_restricted": false
        },
        "attachments": [
            {
                "service_name": "Experiment - Moving Science Forward",
                "title": "Science Tech Startups",
                "title_link": "https:\/\/experiment.com\/public\/UJvcXw",
                "text": "Because I keep getting asked for this list, here is an incomplete list of science tech startups. Additions of science tech startups to this list are welcome cindy@e...",
                "fallback": "Experiment - Moving Science Forward: Science Tech Startups",
                "image_url": "https:\/\/d1sg0ksu7mr16v.cloudfront.net\/admin_uploads\/fb-200-c.png",
                "image_width": 476,
                "image_height": 250,
                "from_url": "https:\/\/experiment.com\/public\/UJvcXw",
                "image_bytes": 222099,
                "service_icon": "https:\/\/experiment.com\/favicon.ico",
                "id": 1,
                "original_url": "https:\/\/experiment.com\/public\/UJvcXw"
            }
        ],
        "reactions": [
            {
                "name": "+1",
                "users": [
                    "UNS2AQC2D"
                ],
                "count": 1
            }
        ]
    }
]