[
    {
        "user": "UNQRW3EPN",
        "type": "message",
        "subtype": "channel_join",
        "ts": "1569438941.000200",
        "text": "<@UNQRW3EPN> has joined the channel"
    },
    {
        "client_msg_id": "4f3d456b-855c-43e0-9601-693dc3adc824",
        "type": "message",
        "text": "can we talk about how amazing octopuses are for a sec? here's one changing colors while dreaming: <https:\/\/www.youtube.com\/watch?time_continue=11&amp;v=0vKCLJZbytU>",
        "user": "UNB6R8QP5",
        "ts": "1569448181.000700",
        "team": "TN9LC1S6M",
        "user_team": "TN9LC1S6M",
        "source_team": "TN9LC1S6M",
        "user_profile": {
            "avatar_hash": "g646bcfc1178",
            "image_72": "https:\/\/secure.gravatar.com\/avatar\/646bcfc117871a691cb1deeca3686725.jpg?s=72&d=https%3A%2F%2Fa.slack-edge.com%2Fdf10d%2Fimg%2Favatars%2Fava_0003-72.png",
            "first_name": "",
            "real_name": "riceballthief",
            "display_name": "riceballthief",
            "team": "TN9LC1S6M",
            "name": "riceballthief",
            "is_restricted": false,
            "is_ultra_restricted": false
        },
        "attachments": [
            {
                "service_name": "YouTube",
                "service_url": "https:\/\/www.youtube.com\/",
                "title": "Octopus Dreaming",
                "title_link": "https:\/\/www.youtube.com\/watch?time_continue=11&amp;v=0vKCLJZbytU",
                "author_name": "Nature on PBS",
                "author_link": "https:\/\/www.youtube.com\/user\/NaturePBS",
                "thumb_url": "https:\/\/i.ytimg.com\/vi\/0vKCLJZbytU\/hqdefault.jpg",
                "thumb_width": 480,
                "thumb_height": 360,
                "fallback": "YouTube Video: Octopus Dreaming",
                "video_html": "<iframe width=\"400\" height=\"225\" src=\"https:\/\/www.youtube.com\/embed\/0vKCLJZbytU?feature=oembed&autoplay=1&iv_load_policy=3\" frameborder=\"0\" allow=\"accelerometer; autoplay; encrypted-media; gyroscope; picture-in-picture\" allowfullscreen><\/iframe>",
                "video_html_width": 400,
                "video_html_height": 225,
                "from_url": "https:\/\/www.youtube.com\/watch?time_continue=11&amp;v=0vKCLJZbytU",
                "service_icon": "https:\/\/a.slack-edge.com\/80588\/img\/unfurl_icons\/youtube.png",
                "id": 1,
                "original_url": "https:\/\/www.youtube.com\/watch?time_continue=11&amp;v=0vKCLJZbytU"
            }
        ],
        "reactions": [
            {
                "name": "octopus",
                "users": [
                    "UNG35QZFF",
                    "UN74A97FV",
                    "UNJ95CKPG",
                    "UNVFX3UKT"
                ],
                "count": 4
            }
        ]
    }
]