[
    {
        "client_msg_id": "fa62774e-024d-4f34-a32c-88bb93380104",
        "type": "message",
        "text": "<https:\/\/www.analogue.co\/pocket\/>",
        "user": "UNJ95CKPG",
        "ts": "1571255978.003700",
        "team": "TN9LC1S6M",
        "user_team": "TN9LC1S6M",
        "source_team": "TN9LC1S6M",
        "user_profile": {
            "avatar_hash": "3c827ecd0300",
            "image_72": "https:\/\/avatars.slack-edge.com\/2019-09-23\/759234742083_3c827ecd0300e7312f4f_72.png",
            "first_name": "Denny",
            "real_name": "Denny",
            "display_name": "denny",
            "team": "TN9LC1S6M",
            "name": "denny",
            "is_restricted": false,
            "is_ultra_restricted": false
        },
        "attachments": [
            {
                "title": "Analogue.",
                "title_link": "https:\/\/www.analogue.co\/pocket\/",
                "text": "Analogue.",
                "fallback": "Analogue.",
                "image_url": "https:\/\/www.analogue.co\/assets\/social.jpg",
                "from_url": "https:\/\/www.analogue.co\/pocket\/",
                "image_width": 476,
                "image_height": 250,
                "image_bytes": 32074,
                "service_icon": "https:\/\/www.analogue.co\/assets\/favicon-16x16.png",
                "service_name": "analogue.co",
                "id": 1,
                "original_url": "https:\/\/www.analogue.co\/pocket\/"
            }
        ],
        "reactions": [
            {
                "name": "heart_eyes",
                "users": [
                    "UNPPANK60",
                    "UN74A97FV"
                ],
                "count": 2
            }
        ]
    },
    {
        "client_msg_id": "5ac7e403-d0e2-453d-a635-6d1550db5758",
        "type": "message",
        "text": ":heart_eyes:“Out of the box, Pocket is compatible with the 2,780+ Game Boy, Game Boy Color &amp; Game Boy Advance game cartridge library.”",
        "user": "UNG35QZFF",
        "ts": "1571256028.004100",
        "team": "TN9LC1S6M",
        "user_team": "TN9LC1S6M",
        "source_team": "TN9LC1S6M",
        "user_profile": {
            "avatar_hash": "90c831cac8ba",
            "image_72": "https:\/\/avatars.slack-edge.com\/2019-09-17\/764115434832_90c831cac8ba4f2fc73e_72.jpg",
            "first_name": "Cindy",
            "real_name": "Cindy Wu",
            "display_name": "cindy",
            "team": "TN9LC1S6M",
            "name": "cindy",
            "is_restricted": false,
            "is_ultra_restricted": false
        }
    },
    {
        "client_msg_id": "76838b5c-3b63-4063-a01d-cb60756aa7d6",
        "type": "message",
        "text": "but is it compatible with gameshark? :face_with_raised_eyebrow:",
        "user": "UNG35QZFF",
        "ts": "1571256042.004400",
        "team": "TN9LC1S6M",
        "user_team": "TN9LC1S6M",
        "source_team": "TN9LC1S6M",
        "user_profile": {
            "avatar_hash": "90c831cac8ba",
            "image_72": "https:\/\/avatars.slack-edge.com\/2019-09-17\/764115434832_90c831cac8ba4f2fc73e_72.jpg",
            "first_name": "Cindy",
            "real_name": "Cindy Wu",
            "display_name": "cindy",
            "team": "TN9LC1S6M",
            "name": "cindy",
            "is_restricted": false,
            "is_ultra_restricted": false
        },
        "reactions": [
            {
                "name": "thinking_face",
                "users": [
                    "UN74A97FV"
                ],
                "count": 1
            }
        ]
    },
    {
        "client_msg_id": "f1fdbca9-c754-4081-b589-c87c18054c3b",
        "type": "message",
        "text": "neogeo in a gameboy :thinking_face:",
        "user": "UNJ95CKPG",
        "ts": "1571256109.004800",
        "team": "TN9LC1S6M",
        "user_team": "TN9LC1S6M",
        "source_team": "TN9LC1S6M",
        "user_profile": {
            "avatar_hash": "3c827ecd0300",
            "image_72": "https:\/\/avatars.slack-edge.com\/2019-09-23\/759234742083_3c827ecd0300e7312f4f_72.png",
            "first_name": "Denny",
            "real_name": "Denny",
            "display_name": "denny",
            "team": "TN9LC1S6M",
            "name": "denny",
            "is_restricted": false,
            "is_ultra_restricted": false
        }
    }
]