[
    {
        "client_msg_id": "3975CFCC-6332-45F1-B05B-94168E1CF91C",
        "type": "message",
        "text": "What are the most interesting projects to enable more \/ better science that you’ve all seen?",
        "user": "UNPPANK60",
        "ts": "1570503968.003400",
        "team": "TN9LC1S6M",
        "user_team": "TN9LC1S6M",
        "source_team": "TN9LC1S6M",
        "user_profile": {
            "avatar_hash": "g94afa607bcd",
            "image_72": "https:\/\/secure.gravatar.com\/avatar\/94afa607bcd0573bbeb3a5335a646bf0.jpg?s=72&d=https%3A%2F%2Fa.slack-edge.com%2Fdf10d%2Fimg%2Favatars%2Fava_0026-72.png",
            "first_name": "James",
            "real_name": "James Hill-Khurana",
            "display_name": "",
            "team": "TN9LC1S6M",
            "name": "jhillkhurana",
            "is_restricted": false,
            "is_ultra_restricted": false
        }
    },
    {
        "client_msg_id": "45329501-4faf-4e4c-960a-257ddd2481ad",
        "type": "message",
        "text": "<http:\/\/sci-hub.tw|sci-hub.tw> is the project that has arguably had the most impact in the last few years though def illegal",
        "user": "UNG35QZFF",
        "ts": "1570504110.004700",
        "team": "TN9LC1S6M",
        "user_team": "TN9LC1S6M",
        "source_team": "TN9LC1S6M",
        "user_profile": {
            "avatar_hash": "90c831cac8ba",
            "image_72": "https:\/\/avatars.slack-edge.com\/2019-09-17\/764115434832_90c831cac8ba4f2fc73e_72.jpg",
            "first_name": "Cindy",
            "real_name": "Cindy Wu",
            "display_name": "cindy",
            "team": "TN9LC1S6M",
            "name": "cindy",
            "is_restricted": false,
            "is_ultra_restricted": false
        },
        "edited": {
            "user": "UNG35QZFF",
            "ts": "1570504476.000000"
        }
    },
    {
        "client_msg_id": "b0b4398a-4695-4769-ba35-cca44795239f",
        "type": "message",
        "text": "i really like small projects like <https:\/\/www.arxiv-vanity.com\/> that are just built by a few dedicated humans",
        "user": "UNG35QZFF",
        "ts": "1570504144.005100",
        "team": "TN9LC1S6M",
        "user_team": "TN9LC1S6M",
        "source_team": "TN9LC1S6M",
        "user_profile": {
            "avatar_hash": "90c831cac8ba",
            "image_72": "https:\/\/avatars.slack-edge.com\/2019-09-17\/764115434832_90c831cac8ba4f2fc73e_72.jpg",
            "first_name": "Cindy",
            "real_name": "Cindy Wu",
            "display_name": "cindy",
            "team": "TN9LC1S6M",
            "name": "cindy",
            "is_restricted": false,
            "is_ultra_restricted": false
        },
        "attachments": [
            {
                "title": "arXiv Vanity – Read academic papers from arXiv as web pages",
                "title_link": "https:\/\/www.arxiv-vanity.com\/",
                "text": "Renders papers from arXiv as responsive web pages so you don't have to squint at a PDF.",
                "fallback": "arXiv Vanity – Read academic papers from arXiv as web pages",
                "from_url": "https:\/\/www.arxiv-vanity.com\/",
                "service_icon": "https:\/\/www.arxiv-vanity.com\/static\/favicon.969f47677bd5.ico",
                "service_name": "arxiv-vanity.com",
                "id": 1,
                "original_url": "https:\/\/www.arxiv-vanity.com\/"
            }
        ],
        "thread_ts": "1570504144.005100",
        "reply_count": 2,
        "reply_users_count": 2,
        "latest_reply": "1570509319.006000",
        "reply_users": [
            "UNPPANK60",
            "UNJ95CKPG"
        ],
        "replies": [
            {
                "user": "UNPPANK60",
                "ts": "1570504271.005600"
            },
            {
                "user": "UNJ95CKPG",
                "ts": "1570509319.006000"
            }
        ],
        "subscribed": true,
        "last_read": "1570509319.006000"
    },
    {
        "client_msg_id": "64BAC3DE-D0B8-43E2-9F65-93269372EC6B",
        "type": "message",
        "text": "Ooh, this looks great, thank you for sharing ",
        "user": "UNPPANK60",
        "ts": "1570504271.005600",
        "team": "TN9LC1S6M",
        "user_team": "TN9LC1S6M",
        "source_team": "TN9LC1S6M",
        "user_profile": {
            "avatar_hash": "g94afa607bcd",
            "image_72": "https:\/\/secure.gravatar.com\/avatar\/94afa607bcd0573bbeb3a5335a646bf0.jpg?s=72&d=https%3A%2F%2Fa.slack-edge.com%2Fdf10d%2Fimg%2Favatars%2Fava_0026-72.png",
            "first_name": "James",
            "real_name": "James Hill-Khurana",
            "display_name": "",
            "team": "TN9LC1S6M",
            "name": "jhillkhurana",
            "is_restricted": false,
            "is_ultra_restricted": false
        },
        "thread_ts": "1570504144.005100",
        "parent_user_id": "UNG35QZFF",
        "reactions": [
            {
                "name": "slightly_smiling_face",
                "users": [
                    "UNG35QZFF"
                ],
                "count": 1
            }
        ]
    },
    {
        "client_msg_id": "0f04a98a-1051-4d31-8d19-3deed4f82857",
        "type": "message",
        "text": "<@UNPPANK60> here's a list we've compiled of other cool things: <https:\/\/www.notion.so\/jellyapp\/05e5328cad5142a7af41f9b4f9d17732?v=bba20e14f60e49f0a0e4ba8fcd782b0d>",
        "user": "UNJ95CKPG",
        "ts": "1570509319.006000",
        "team": "TN9LC1S6M",
        "user_team": "TN9LC1S6M",
        "source_team": "TN9LC1S6M",
        "user_profile": {
            "avatar_hash": "3c827ecd0300",
            "image_72": "https:\/\/avatars.slack-edge.com\/2019-09-23\/759234742083_3c827ecd0300e7312f4f_72.png",
            "first_name": "Denny",
            "real_name": "Denny",
            "display_name": "denny",
            "team": "TN9LC1S6M",
            "name": "denny",
            "is_restricted": false,
            "is_ultra_restricted": false
        },
        "attachments": [
            {
                "service_name": "Jelly on Notion",
                "title": "List Of Examples",
                "title_link": "https:\/\/www.notion.so\/jellyapp\/05e5328cad5142a7af41f9b4f9d17732?v=bba20e14f60e49f0a0e4ba8fcd782b0d",
                "text": "A new tool for teams &amp; individuals that blends everyday work apps into one.",
                "fallback": "Jelly on Notion: List Of Examples",
                "from_url": "https:\/\/www.notion.so\/jellyapp\/05e5328cad5142a7af41f9b4f9d17732?v=bba20e14f60e49f0a0e4ba8fcd782b0d",
                "service_icon": "https:\/\/www.notion.so\/images\/favicon.ico",
                "id": 1,
                "original_url": "https:\/\/www.notion.so\/jellyapp\/05e5328cad5142a7af41f9b4f9d17732?v=bba20e14f60e49f0a0e4ba8fcd782b0d"
            }
        ],
        "thread_ts": "1570504144.005100",
        "parent_user_id": "UNG35QZFF"
    },
    {
        "client_msg_id": "72567ae8-6f08-41e2-a789-0f17ca1a8939",
        "type": "message",
        "text": "I learned about the Whiteley Center at Friday Harbor Labs today. You can apply to be a visiting scholar and live on the island near the research center and work on your own project. My friend said she used the time there to focus on writing her paper and loved it. As a scholar you also get the opportunity to present your work to the scientists there. <https:\/\/fhl.uw.edu\/facilities-resources\/whiteley-center\/applying-for-the-whiteley-center\/> I am thinking about how Denny and I could participate. Sounds super cool!",
        "user": "UNG35QZFF",
        "ts": "1570509829.008700",
        "team": "TN9LC1S6M",
        "user_team": "TN9LC1S6M",
        "source_team": "TN9LC1S6M",
        "user_profile": {
            "avatar_hash": "90c831cac8ba",
            "image_72": "https:\/\/avatars.slack-edge.com\/2019-09-17\/764115434832_90c831cac8ba4f2fc73e_72.jpg",
            "first_name": "Cindy",
            "real_name": "Cindy Wu",
            "display_name": "cindy",
            "team": "TN9LC1S6M",
            "name": "cindy",
            "is_restricted": false,
            "is_ultra_restricted": false
        },
        "thread_ts": "1570509829.008700",
        "reply_count": 2,
        "reply_users_count": 1,
        "latest_reply": "1570509902.009200",
        "reply_users": [
            "UNG35QZFF"
        ],
        "replies": [
            {
                "user": "UNG35QZFF",
                "ts": "1570509854.008800"
            },
            {
                "user": "UNG35QZFF",
                "ts": "1570509902.009200"
            }
        ],
        "subscribed": true,
        "last_read": "1570509902.009200",
        "reactions": [
            {
                "name": "+1",
                "users": [
                    "UNVFX3UKT",
                    "UNPPANK60",
                    "UNK56SRFD",
                    "UNNV3R865"
                ],
                "count": 4
            }
        ]
    },
    {
        "type": "message",
        "text": "for those not familiar with the pacific northwest, Friday Harbor Labs is here",
        "files": [
            {
                "id": "FP72E4WHM",
                "created": 1570509850,
                "timestamp": 1570509850,
                "name": "image.png",
                "title": "image.png",
                "mimetype": "image\/png",
                "filetype": "png",
                "pretty_type": "PNG",
                "user": "UNG35QZFF",
                "editable": false,
                "size": 635955,
                "mode": "hosted",
                "is_external": false,
                "external_type": "",
                "is_public": true,
                "public_url_shared": false,
                "display_as_bot": false,
                "username": "",
                "url_private": "https:\/\/files.slack.com\/files-pri\/TN9LC1S6M-FP72E4WHM\/image.png?t=xoxe-757692060225-808518148580-808990851829-cb70f89030c5a979dfbdab397746fcee",
                "url_private_download": "https:\/\/files.slack.com\/files-pri\/TN9LC1S6M-FP72E4WHM\/download\/image.png?t=xoxe-757692060225-808518148580-808990851829-cb70f89030c5a979dfbdab397746fcee",
                "thumb_64": "https:\/\/files.slack.com\/files-tmb\/TN9LC1S6M-FP72E4WHM-5accc0e449\/image_64.png?t=xoxe-757692060225-808518148580-808990851829-cb70f89030c5a979dfbdab397746fcee",
                "thumb_80": "https:\/\/files.slack.com\/files-tmb\/TN9LC1S6M-FP72E4WHM-5accc0e449\/image_80.png?t=xoxe-757692060225-808518148580-808990851829-cb70f89030c5a979dfbdab397746fcee",
                "thumb_360": "https:\/\/files.slack.com\/files-tmb\/TN9LC1S6M-FP72E4WHM-5accc0e449\/image_360.png?t=xoxe-757692060225-808518148580-808990851829-cb70f89030c5a979dfbdab397746fcee",
                "thumb_360_w": 360,
                "thumb_360_h": 356,
                "thumb_480": "https:\/\/files.slack.com\/files-tmb\/TN9LC1S6M-FP72E4WHM-5accc0e449\/image_480.png?t=xoxe-757692060225-808518148580-808990851829-cb70f89030c5a979dfbdab397746fcee",
                "thumb_480_w": 480,
                "thumb_480_h": 474,
                "thumb_160": "https:\/\/files.slack.com\/files-tmb\/TN9LC1S6M-FP72E4WHM-5accc0e449\/image_160.png?t=xoxe-757692060225-808518148580-808990851829-cb70f89030c5a979dfbdab397746fcee",
                "thumb_720": "https:\/\/files.slack.com\/files-tmb\/TN9LC1S6M-FP72E4WHM-5accc0e449\/image_720.png?t=xoxe-757692060225-808518148580-808990851829-cb70f89030c5a979dfbdab397746fcee",
                "thumb_720_w": 720,
                "thumb_720_h": 711,
                "thumb_800": "https:\/\/files.slack.com\/files-tmb\/TN9LC1S6M-FP72E4WHM-5accc0e449\/image_800.png?t=xoxe-757692060225-808518148580-808990851829-cb70f89030c5a979dfbdab397746fcee",
                "thumb_800_w": 800,
                "thumb_800_h": 790,
                "image_exif_rotation": 1,
                "original_w": 921,
                "original_h": 910,
                "thumb_tiny": "AwAvADDQGemKKardjSn1psQoGO9LTCwxjNOH60hhzRQRnvQaAI6UUlFWyBTz7H6U4+tGOc9qMfL9ahlCjBFHU+lIox2p1IZFRRRWpmSL92g9aRfu0YwRzWbL6DqQHilFJzmgZ\/\/Z",
                "permalink": "https:\/\/jelly-community.slack.com\/files\/UNG35QZFF\/FP72E4WHM\/image.png",
                "permalink_public": "https:\/\/slack-files.com\/TN9LC1S6M-FP72E4WHM-05556af9e6",
                "is_starred": false,
                "has_rich_preview": false
            }
        ],
        "upload": true,
        "user": "UNG35QZFF",
        "display_as_bot": false,
        "ts": "1570509854.008800",
        "client_msg_id": "9e83f126-5cd7-4ee5-a18d-9989919d1cd8",
        "thread_ts": "1570509829.008700",
        "parent_user_id": "UNG35QZFF"
    },
    {
        "client_msg_id": "02148e4f-cf12-4dff-b640-d8c0576c37fc",
        "type": "message",
        "text": "Artists are also welcome!",
        "user": "UNG35QZFF",
        "ts": "1570509902.009200",
        "team": "TN9LC1S6M",
        "user_team": "TN9LC1S6M",
        "source_team": "TN9LC1S6M",
        "user_profile": {
            "avatar_hash": "90c831cac8ba",
            "image_72": "https:\/\/avatars.slack-edge.com\/2019-09-17\/764115434832_90c831cac8ba4f2fc73e_72.jpg",
            "first_name": "Cindy",
            "real_name": "Cindy Wu",
            "display_name": "cindy",
            "team": "TN9LC1S6M",
            "name": "cindy",
            "is_restricted": false,
            "is_ultra_restricted": false
        },
        "thread_ts": "1570509829.008700",
        "parent_user_id": "UNG35QZFF"
    }
]