[
    {
        "type": "message",
        "subtype": "thread_broadcast",
        "text": "I like the weird little bots\n\n<https:\/\/mobile.twitter.com\/dreamhaver\/>\n<https:\/\/mobile.twitter.com\/str_voyage>",
        "user": "UP6MCAL2U",
        "ts": "1571036433.001200",
        "thread_ts": "1570919150.000200",
        "root": {
            "client_msg_id": "458d5f87-18a2-40e4-adf8-dbdeef64c3e7",
            "type": "message",
            "text": "<https:\/\/twitter.com\/lucas_zanotto\/status\/1183039859470065665> cc <@UNG35QZFF>",
            "user": "UN74A97FV",
            "ts": "1570919150.000200",
            "team": "TN9LC1S6M",
            "attachments": [
                {
                    "fallback": "<https:\/\/twitter.com\/lucas_zanotto|@lucas_zanotto>: I had a go at @greyscalegorilla ‘s new Modern Material collection by @chad_gsg . <https:\/\/pbs.twimg.com\/ext_tw_video_thumb\/1183039722890944514\/pu\/img\/dMY_xbOi14CvUXgW.jpg>",
                    "ts": 1570893656,
                    "author_name": "Lucas Zanotto",
                    "author_link": "https:\/\/twitter.com\/lucas_zanotto\/status\/1183039859470065665",
                    "author_icon": "https:\/\/pbs.twimg.com\/profile_images\/1109115753301794816\/78F9za6y_normal.png",
                    "author_subname": "@lucas_zanotto",
                    "text": "I had a go at @greyscalegorilla ‘s new Modern Material collection by @chad_gsg .",
                    "service_name": "twitter",
                    "service_url": "https:\/\/twitter.com\/",
                    "from_url": "https:\/\/twitter.com\/lucas_zanotto\/status\/1183039859470065665",
                    "thumb_url": "https:\/\/pbs.twimg.com\/ext_tw_video_thumb\/1183039722890944514\/pu\/img\/dMY_xbOi14CvUXgW.jpg",
                    "thumb_width": 720,
                    "thumb_height": 720,
                    "video_html_width": 720,
                    "video_html_height": 720,
                    "video_html": "<video controls poster=\"https:\/\/pbs.twimg.com\/ext_tw_video_thumb\/1183039722890944514\/pu\/img\/dMY_xbOi14CvUXgW.jpg\" width=\"720\" height=\"720\"><source type=\"video\/mp4\" src=\"https:\/\/video.twimg.com\/ext_tw_video\/1183039722890944514\/pu\/vid\/720x720\/2ZlCGCdo0ggCW4lz.mp4?tag=10\"><\/video>",
                    "id": 1,
                    "original_url": "https:\/\/twitter.com\/lucas_zanotto\/status\/1183039859470065665",
                    "footer": "Twitter",
                    "footer_icon": "https:\/\/a.slack-edge.com\/80588\/img\/services\/twitter_pixel_snapped_32.png"
                }
            ],
            "thread_ts": "1570919150.000200",
            "reply_count": 4,
            "reply_users_count": 3,
            "latest_reply": "1571116285.002600",
            "reply_users": [
                "UNJ95CKPG",
                "UNG35QZFF",
                "UP6MCAL2U"
            ],
            "replies": [
                {
                    "user": "UNJ95CKPG",
                    "ts": "1571032302.000700"
                },
                {
                    "user": "UNG35QZFF",
                    "ts": "1571033243.001000"
                },
                {
                    "user": "UP6MCAL2U",
                    "ts": "1571036433.001200"
                },
                {
                    "user": "UNG35QZFF",
                    "ts": "1571116285.002600"
                }
            ],
            "subscribed": true,
            "last_read": "1571116285.002600"
        },
        "client_msg_id": "31ee1a37-48cd-4234-82db-4ab7f85d736c",
        "reactions": [
            {
                "name": "gem",
                "users": [
                    "UNG35QZFF"
                ],
                "count": 1
            }
        ]
    },
    {
        "client_msg_id": "c475b4d3-c569-4529-be00-55eefeadfa64",
        "type": "message",
        "text": "Fun analogy \n\n<https:\/\/massivesci.com\/articles\/chaos-in-the-brickyard-comic-matteo-farinella\/?utm_source=drip&amp;utm_medium=email&amp;utm_campaign=Massive+Science+Newsletter&amp;utm_content=Welcome+to+Massive+Science>",
        "user": "UNVFX3UKT",
        "ts": "1571058469.002000",
        "team": "TN9LC1S6M",
        "user_team": "TN9LC1S6M",
        "source_team": "TN9LC1S6M",
        "user_profile": {
            "avatar_hash": "217cde18d5d5",
            "image_72": "https:\/\/avatars.slack-edge.com\/2019-10-04\/786032189079_217cde18d5d56898ba92_72.jpg",
            "first_name": "",
            "real_name": "Gavin",
            "display_name": "Gavin",
            "team": "TN9LC1S6M",
            "name": "gavin.taylor.01",
            "is_restricted": false,
            "is_ultra_restricted": false
        },
        "attachments": [
            {
                "service_name": "Massive Science",
                "title": "Scientific knowledge is drowning in a flood of research",
                "title_link": "https:\/\/massivesci.com\/articles\/chaos-in-the-brickyard-comic-matteo-farinella\/?utm_source=drip&utm_medium=email&utm_campaign=Massive+Science+Newsletter&utm_content=Welcome+to+Massive+Science",
                "text": "A comic about the problems with the -omics, illustrated by Matteo Farinella",
                "fallback": "Massive Science: Scientific knowledge is drowning in a flood of research",
                "image_url": "https:\/\/images.takeshape.io\/fd194db7-7b25-4b5a-8cc7-da7f31fab475\/dev\/3ed7bf09-c9cf-4de0-91c1-53fae2689437\/ChaosInTheBrickyard_COVER.jpg?auto=compress%2Cformat&crop=faces&fit=crop&fm=jpg&h=630&q=75&w=1200",
                "image_width": 476,
                "image_height": 250,
                "from_url": "https:\/\/massivesci.com\/articles\/chaos-in-the-brickyard-comic-matteo-farinella\/?utm_source=drip&utm_medium=email&utm_campaign=Massive+Science+Newsletter&utm_content=Welcome+to+Massive+Science",
                "image_bytes": 138865,
                "service_icon": "https:\/\/massivesci.com\/assets\/icons\/apple-touch-icon.png",
                "id": 1,
                "original_url": "https:\/\/massivesci.com\/articles\/chaos-in-the-brickyard-comic-matteo-farinella\/?utm_source=drip&amp;utm_medium=email&amp;utm_campaign=Massive+Science+Newsletter&amp;utm_content=Welcome+to+Massive+Science"
            }
        ],
        "reactions": [
            {
                "name": "eyes",
                "users": [
                    "UNG35QZFF"
                ],
                "count": 1
            }
        ]
    },
    {
        "client_msg_id": "c639657e-9e3b-40c1-9f1f-8afe4b532cee",
        "type": "message",
        "text": "these are so good",
        "user": "UNG35QZFF",
        "ts": "1571116285.002600",
        "team": "TN9LC1S6M",
        "user_team": "TN9LC1S6M",
        "source_team": "TN9LC1S6M",
        "user_profile": {
            "avatar_hash": "90c831cac8ba",
            "image_72": "https:\/\/avatars.slack-edge.com\/2019-09-17\/764115434832_90c831cac8ba4f2fc73e_72.jpg",
            "first_name": "Cindy",
            "real_name": "Cindy Wu",
            "display_name": "cindy",
            "team": "TN9LC1S6M",
            "name": "cindy",
            "is_restricted": false,
            "is_ultra_restricted": false
        },
        "thread_ts": "1570919150.000200",
        "parent_user_id": "UN74A97FV"
    }
]