[
    {
        "client_msg_id": "3073c5c3-2ddb-4164-b78d-9f347ad1706e",
        "type": "message",
        "text": "<https:\/\/www.youtube.com\/channel\/UCivA7_KLKWo43tFcCkFvydw>",
        "user": "UN74A97FV",
        "ts": "1570797837.008700",
        "team": "TN9LC1S6M",
        "user_team": "TN9LC1S6M",
        "source_team": "TN9LC1S6M",
        "user_profile": {
            "avatar_hash": "gece0186c6ef",
            "image_72": "https:\/\/secure.gravatar.com\/avatar\/ece0186c6ef6197201c058eb16af0684.jpg?s=72&d=https%3A%2F%2Fa.slack-edge.com%2Fdf10d%2Fimg%2Favatars%2Fava_0015-72.png",
            "first_name": "Skander",
            "real_name": "Skander",
            "display_name": "skander",
            "team": "TN9LC1S6M",
            "name": "skanderm",
            "is_restricted": false,
            "is_ultra_restricted": false
        },
        "attachments": [
            {
                "service_name": "YouTube",
                "title": "Applied Science",
                "title_link": "https:\/\/www.youtube.com\/channel\/UCivA7_KLKWo43tFcCkFvydw",
                "text": "Subscribe to see interesting applications of science and technology. You'll see how an electron microscope was built in a home shop, how an X-ray backscatter...",
                "fallback": "YouTube: Applied Science",
                "thumb_url": "https:\/\/yt3.ggpht.com\/a\/AGF-l78VhZyHKgYVRuZQL0XGo3VrUYB_Py0rEGab9w=s900-c-k-c0xffffffff-no-rj-mo",
                "from_url": "https:\/\/www.youtube.com\/channel\/UCivA7_KLKWo43tFcCkFvydw",
                "thumb_width": 900,
                "thumb_height": 900,
                "service_icon": "https:\/\/s.ytimg.com\/yts\/img\/favicon-vfl8qSV2F.ico",
                "id": 1,
                "original_url": "https:\/\/www.youtube.com\/channel\/UCivA7_KLKWo43tFcCkFvydw"
            }
        ]
    }
]