[
    {
        "type": "message",
        "text": "",
        "files": [
            {
                "id": "FPB7N3J0H",
                "created": 1571343372,
                "timestamp": 1571343372,
                "name": "original_f71a080c5cf7884f733db3dfc11feff3.gif",
                "title": "original_f71a080c5cf7884f733db3dfc11feff3.gif",
                "mimetype": "image\/gif",
                "filetype": "gif",
                "pretty_type": "GIF",
                "user": "UNG35QZFF",
                "editable": false,
                "size": 632341,
                "mode": "hosted",
                "is_external": false,
                "external_type": "",
                "is_public": true,
                "public_url_shared": false,
                "display_as_bot": false,
                "username": "",
                "url_private": "https:\/\/files.slack.com\/files-pri\/TN9LC1S6M-FPB7N3J0H\/original_f71a080c5cf7884f733db3dfc11feff3.gif?t=xoxe-757692060225-808518148580-808990851829-cb70f89030c5a979dfbdab397746fcee",
                "url_private_download": "https:\/\/files.slack.com\/files-pri\/TN9LC1S6M-FPB7N3J0H\/download\/original_f71a080c5cf7884f733db3dfc11feff3.gif?t=xoxe-757692060225-808518148580-808990851829-cb70f89030c5a979dfbdab397746fcee",
                "thumb_64": "https:\/\/files.slack.com\/files-tmb\/TN9LC1S6M-FPB7N3J0H-c41bb4cc7f\/original_f71a080c5cf7884f733db3dfc11feff3_64.png?t=xoxe-757692060225-808518148580-808990851829-cb70f89030c5a979dfbdab397746fcee",
                "thumb_80": "https:\/\/files.slack.com\/files-tmb\/TN9LC1S6M-FPB7N3J0H-c41bb4cc7f\/original_f71a080c5cf7884f733db3dfc11feff3_80.png?t=xoxe-757692060225-808518148580-808990851829-cb70f89030c5a979dfbdab397746fcee",
                "thumb_360": "https:\/\/files.slack.com\/files-tmb\/TN9LC1S6M-FPB7N3J0H-c41bb4cc7f\/original_f71a080c5cf7884f733db3dfc11feff3_360.png?t=xoxe-757692060225-808518148580-808990851829-cb70f89030c5a979dfbdab397746fcee",
                "thumb_360_w": 360,
                "thumb_360_h": 270,
                "thumb_480": "https:\/\/files.slack.com\/files-tmb\/TN9LC1S6M-FPB7N3J0H-c41bb4cc7f\/original_f71a080c5cf7884f733db3dfc11feff3_480.png?t=xoxe-757692060225-808518148580-808990851829-cb70f89030c5a979dfbdab397746fcee",
                "thumb_480_w": 480,
                "thumb_480_h": 360,
                "thumb_160": "https:\/\/files.slack.com\/files-tmb\/TN9LC1S6M-FPB7N3J0H-c41bb4cc7f\/original_f71a080c5cf7884f733db3dfc11feff3_160.png?t=xoxe-757692060225-808518148580-808990851829-cb70f89030c5a979dfbdab397746fcee",
                "thumb_360_gif": "https:\/\/files.slack.com\/files-tmb\/TN9LC1S6M-FPB7N3J0H-c41bb4cc7f\/original_f71a080c5cf7884f733db3dfc11feff3_360.gif?t=xoxe-757692060225-808518148580-808990851829-cb70f89030c5a979dfbdab397746fcee",
                "thumb_480_gif": "https:\/\/files.slack.com\/files-tmb\/TN9LC1S6M-FPB7N3J0H-c41bb4cc7f\/original_f71a080c5cf7884f733db3dfc11feff3_480.gif?t=xoxe-757692060225-808518148580-808990851829-cb70f89030c5a979dfbdab397746fcee",
                "image_exif_rotation": 1,
                "original_w": 500,
                "original_h": 375,
                "deanimate_gif": "https:\/\/files.slack.com\/files-tmb\/TN9LC1S6M-FPB7N3J0H-c41bb4cc7f\/original_f71a080c5cf7884f733db3dfc11feff3_deanimate_gif.png?t=xoxe-757692060225-808518148580-808990851829-cb70f89030c5a979dfbdab397746fcee",
                "thumb_tiny": "AwAkADDRzRmmZqO65tn+maAHPdRJ1bJ9BzTY7yN2wcr6ZrPVgeCozTZOeBwPYVNzb2asbOaM1FDIJYgw\/H607NUYiLjdg025BeNkXqRSsDnIpCNw64NAIyidvBp3PQ8GrU9sztuTG7+dEVq4bc7c\/Wpsbc6sOs2b7PgYHJ5NWETByTub1NCpt96kC4FUZMMUhUU6kNMkbtFOCikpwpDFAxS0UUAf\/9k=",
                "permalink": "https:\/\/jelly-community.slack.com\/files\/UNG35QZFF\/FPB7N3J0H\/original_f71a080c5cf7884f733db3dfc11feff3.gif",
                "permalink_public": "https:\/\/slack-files.com\/TN9LC1S6M-FPB7N3J0H-421fdc5461",
                "is_starred": false,
                "has_rich_preview": false
            }
        ],
        "upload": true,
        "user": "UNG35QZFF",
        "display_as_bot": false,
        "ts": "1571343378.005600",
        "client_msg_id": "693a5b0f-6e3f-4416-a183-9983ddf23d31",
        "thread_ts": "1571343378.005600",
        "reply_count": 1,
        "reply_users_count": 1,
        "latest_reply": "1571418218.006200",
        "reply_users": [
            "UNK56SRFD"
        ],
        "replies": [
            {
                "user": "UNK56SRFD",
                "ts": "1571418218.006200"
            }
        ],
        "subscribed": true,
        "last_read": "1571418218.006200",
        "reactions": [
            {
                "name": "jelly",
                "users": [
                    "UN74A97FV",
                    "UNPPANK60",
                    "UNLRYRVB5"
                ],
                "count": 3
            }
        ]
    }
]