[
    {
        "type": "message",
        "text": "",
        "files": [
            {
                "id": "FPE4KM5MJ",
                "created": 1571174288,
                "timestamp": 1571174288,
                "name": "File.jpg",
                "title": "File from iOS",
                "mimetype": "image\/jpeg",
                "filetype": "jpg",
                "pretty_type": "JPEG",
                "user": "UN74A97FV",
                "editable": false,
                "size": 191262,
                "mode": "hosted",
                "is_external": false,
                "external_type": "",
                "is_public": true,
                "public_url_shared": false,
                "display_as_bot": false,
                "username": "",
                "url_private": "https:\/\/files.slack.com\/files-pri\/TN9LC1S6M-FPE4KM5MJ\/file.jpg?t=xoxe-757692060225-808518148580-808990851829-cb70f89030c5a979dfbdab397746fcee",
                "url_private_download": "https:\/\/files.slack.com\/files-pri\/TN9LC1S6M-FPE4KM5MJ\/download\/file.jpg?t=xoxe-757692060225-808518148580-808990851829-cb70f89030c5a979dfbdab397746fcee",
                "thumb_64": "https:\/\/files.slack.com\/files-tmb\/TN9LC1S6M-FPE4KM5MJ-c2f15e5e5f\/file_64.jpg?t=xoxe-757692060225-808518148580-808990851829-cb70f89030c5a979dfbdab397746fcee",
                "thumb_80": "https:\/\/files.slack.com\/files-tmb\/TN9LC1S6M-FPE4KM5MJ-c2f15e5e5f\/file_80.jpg?t=xoxe-757692060225-808518148580-808990851829-cb70f89030c5a979dfbdab397746fcee",
                "thumb_360": "https:\/\/files.slack.com\/files-tmb\/TN9LC1S6M-FPE4KM5MJ-c2f15e5e5f\/file_360.jpg?t=xoxe-757692060225-808518148580-808990851829-cb70f89030c5a979dfbdab397746fcee",
                "thumb_360_w": 360,
                "thumb_360_h": 202,
                "thumb_480": "https:\/\/files.slack.com\/files-tmb\/TN9LC1S6M-FPE4KM5MJ-c2f15e5e5f\/file_480.jpg?t=xoxe-757692060225-808518148580-808990851829-cb70f89030c5a979dfbdab397746fcee",
                "thumb_480_w": 480,
                "thumb_480_h": 270,
                "thumb_160": "https:\/\/files.slack.com\/files-tmb\/TN9LC1S6M-FPE4KM5MJ-c2f15e5e5f\/file_160.jpg?t=xoxe-757692060225-808518148580-808990851829-cb70f89030c5a979dfbdab397746fcee",
                "thumb_720": "https:\/\/files.slack.com\/files-tmb\/TN9LC1S6M-FPE4KM5MJ-c2f15e5e5f\/file_720.jpg?t=xoxe-757692060225-808518148580-808990851829-cb70f89030c5a979dfbdab397746fcee",
                "thumb_720_w": 720,
                "thumb_720_h": 405,
                "thumb_800": "https:\/\/files.slack.com\/files-tmb\/TN9LC1S6M-FPE4KM5MJ-c2f15e5e5f\/file_800.jpg?t=xoxe-757692060225-808518148580-808990851829-cb70f89030c5a979dfbdab397746fcee",
                "thumb_800_w": 800,
                "thumb_800_h": 450,
                "thumb_960": "https:\/\/files.slack.com\/files-tmb\/TN9LC1S6M-FPE4KM5MJ-c2f15e5e5f\/file_960.jpg?t=xoxe-757692060225-808518148580-808990851829-cb70f89030c5a979dfbdab397746fcee",
                "thumb_960_w": 960,
                "thumb_960_h": 540,
                "thumb_1024": "https:\/\/files.slack.com\/files-tmb\/TN9LC1S6M-FPE4KM5MJ-c2f15e5e5f\/file_1024.jpg?t=xoxe-757692060225-808518148580-808990851829-cb70f89030c5a979dfbdab397746fcee",
                "thumb_1024_w": 1024,
                "thumb_1024_h": 576,
                "image_exif_rotation": 1,
                "original_w": 1334,
                "original_h": 750,
                "thumb_tiny": "AwAaADDQckEYppY56058HGc\/hTflPrQAbj68Ubj60fL70oK+hNACbj6mnISc5pMrjpTkxngYoAYxyBSd6enSlzQAza1G1sdKdk+tGTnrQA3afTNOQEHmkyfU05Sc0Af\/2Q==",
                "permalink": "https:\/\/jelly-community.slack.com\/files\/UN74A97FV\/FPE4KM5MJ\/file.jpg",
                "permalink_public": "https:\/\/slack-files.com\/TN9LC1S6M-FPE4KM5MJ-ed92be9f58",
                "is_starred": false,
                "has_rich_preview": false
            }
        ],
        "upload": true,
        "user": "UN74A97FV",
        "display_as_bot": false,
        "ts": "1571174292.002900",
        "reactions": [
            {
                "name": "eyes",
                "users": [
                    "UNG35QZFF",
                    "UPD7LQG94"
                ],
                "count": 2
            }
        ]
    }
]