[
    {
        "user": "UNK56SRFD",
        "type": "message",
        "subtype": "channel_join",
        "ts": "1569875404.000400",
        "text": "<@UNK56SRFD> has joined the channel"
    },
    {
        "user": "UNJ63Q3C2",
        "type": "message",
        "subtype": "channel_join",
        "ts": "1569899956.000600",
        "text": "<@UNJ63Q3C2> has joined the channel"
    },
    {
        "user": "UNWG10HRA",
        "type": "message",
        "subtype": "channel_join",
        "ts": "1569902755.000800",
        "text": "<@UNWG10HRA> has joined the channel"
    }
]