[
    {
        "client_msg_id": "6b8ef6ef-35e2-4fd4-8a35-85864cc66f8f",
        "type": "message",
        "text": "I like the jelly labs logo with the spot-light type things moving around",
        "user": "UNQRW3EPN",
        "ts": "1569520308.000900",
        "team": "TN9LC1S6M",
        "user_team": "TN9LC1S6M",
        "source_team": "TN9LC1S6M",
        "user_profile": {
            "avatar_hash": "g45293e1c21b",
            "image_72": "https:\/\/secure.gravatar.com\/avatar\/45293e1c21bd09727dbc2ac098ab4cc4.jpg?s=72&d=https%3A%2F%2Fa.slack-edge.com%2Fdf10d%2Fimg%2Favatars%2Fava_0002-72.png",
            "first_name": "",
            "real_name": "Jeff Maxim",
            "display_name": "Jeff Maxim",
            "team": "TN9LC1S6M",
            "name": "frey.maxim",
            "is_restricted": false,
            "is_ultra_restricted": false
        },
        "reactions": [
            {
                "name": "slightly_smiling_face",
                "users": [
                    "UNG35QZFF"
                ],
                "count": 1
            }
        ]
    },
    {
        "user": "UNJ95CKPG",
        "type": "message",
        "subtype": "channel_join",
        "ts": "1569533720.001200",
        "text": "<@UNJ95CKPG> has joined the channel"
    }
]