[
    {
        "client_msg_id": "4cfc9a61-5e38-4268-a802-249820699f25",
        "type": "message",
        "text": "we’re doing a blog post this week on “our process”",
        "user": "UNG35QZFF",
        "ts": "1571205814.000700",
        "team": "TN9LC1S6M",
        "user_team": "TN9LC1S6M",
        "source_team": "TN9LC1S6M",
        "user_profile": {
            "avatar_hash": "90c831cac8ba",
            "image_72": "https:\/\/avatars.slack-edge.com\/2019-09-17\/764115434832_90c831cac8ba4f2fc73e_72.jpg",
            "first_name": "Cindy",
            "real_name": "Cindy Wu",
            "display_name": "cindy",
            "team": "TN9LC1S6M",
            "name": "cindy",
            "is_restricted": false,
            "is_ultra_restricted": false
        },
        "reactions": [
            {
                "name": "+1",
                "users": [
                    "UNVFX3UKT",
                    "UNB3ACN0K"
                ],
                "count": 2
            }
        ]
    }
]