[
    {
        "user": "UP6MCAL2U",
        "type": "message",
        "subtype": "channel_join",
        "ts": "1570598408.000200",
        "text": "<@UP6MCAL2U> has joined the channel"
    },
    {
        "client_msg_id": "c1a1b098-1ec5-4eea-b78f-bd67bf7d319a",
        "type": "message",
        "text": "taking another week off of writing blog posts, so no new blog post this week",
        "user": "UNG35QZFF",
        "ts": "1570604145.000500",
        "team": "TN9LC1S6M",
        "user_team": "TN9LC1S6M",
        "source_team": "TN9LC1S6M",
        "user_profile": {
            "avatar_hash": "90c831cac8ba",
            "image_72": "https:\/\/avatars.slack-edge.com\/2019-09-17\/764115434832_90c831cac8ba4f2fc73e_72.jpg",
            "first_name": "Cindy",
            "real_name": "Cindy Wu",
            "display_name": "cindy",
            "team": "TN9LC1S6M",
            "name": "cindy",
            "is_restricted": false,
            "is_ultra_restricted": false
        }
    }
]