[
    {
        "client_msg_id": "2d2b0744-028d-4d8d-b847-47de873d1b0e",
        "type": "message",
        "text": "we have a live site <http:\/\/jellypbc.com\/>",
        "user": "UNG35QZFF",
        "ts": "1568920103.000200",
        "team": "TN9LC1S6M",
        "user_team": "TN9LC1S6M",
        "source_team": "TN9LC1S6M",
        "user_profile": {
            "avatar_hash": "90c831cac8ba",
            "image_72": "https:\/\/avatars.slack-edge.com\/2019-09-17\/764115434832_90c831cac8ba4f2fc73e_72.jpg",
            "first_name": "Cindy",
            "real_name": "Cindy Wu",
            "display_name": "cindy",
            "team": "TN9LC1S6M",
            "name": "cindy",
            "is_restricted": false,
            "is_ultra_restricted": false
        },
        "attachments": [
            {
                "service_name": "jellypbc.com",
                "title": "Jelly Science",
                "title_link": "http:\/\/jellypbc.com\/",
                "text": "jelly",
                "fallback": "jellypbc.com: Jelly Science",
                "from_url": "http:\/\/jellypbc.com\/",
                "service_icon": "http:\/\/jellypbc.com\/assets\/favicon-49aae905fcfaa6f700e2158d67066ae6839c62354fc8f5b8def5431736acf299.png",
                "id": 1,
                "original_url": "http:\/\/jellypbc.com\/"
            }
        ]
    }
]