[
    {
        "client_msg_id": "783978c2-5f5a-4d12-9710-c30f4822774c",
        "type": "message",
        "text": "<https:\/\/jellypbc.com\/posts\/2019-09-27-the-problem>",
        "user": "UNG35QZFF",
        "ts": "1569721889.000200",
        "team": "TN9LC1S6M",
        "user_team": "TN9LC1S6M",
        "source_team": "TN9LC1S6M",
        "user_profile": {
            "avatar_hash": "90c831cac8ba",
            "image_72": "https:\/\/avatars.slack-edge.com\/2019-09-17\/764115434832_90c831cac8ba4f2fc73e_72.jpg",
            "first_name": "Cindy",
            "real_name": "Cindy Wu",
            "display_name": "cindy",
            "team": "TN9LC1S6M",
            "name": "cindy",
            "is_restricted": false,
            "is_ultra_restricted": false
        },
        "attachments": [
            {
                "service_name": "jellypbc.com",
                "title": "The Problem",
                "title_link": "https:\/\/jellypbc.com\/posts\/2019-09-27-the-problem",
                "text": "For a long time, we've b...",
                "fallback": "jellypbc.com: The Problem",
                "image_url": "https:\/\/jellypbc.com\/assets\/socialcard-a494ed3ec8af8e6138a640f47d86089393ae46f1cc8cf80db7c1f3a082ddba99.png",
                "from_url": "https:\/\/jellypbc.com\/posts\/2019-09-27-the-problem",
                "image_width": 500,
                "image_height": 250,
                "image_bytes": 17593,
                "service_icon": "https:\/\/jellypbc.com\/assets\/favicon-7e40f9a85b50d02d8c2e884d7e1b36727953b1c341bc4e17e9aaa923cfe3754f.png",
                "id": 1,
                "original_url": "https:\/\/jellypbc.com\/posts\/2019-09-27-the-problem"
            }
        ]
    }
]