[
    {
        "client_msg_id": "442af372-87ab-4fe4-989f-8002fe6a17f6",
        "type": "message",
        "text": "we’re taking a week off of writing blog posts, so no new blog post this week",
        "user": "UNG35QZFF",
        "ts": "1569988142.000400",
        "team": "TN9LC1S6M",
        "user_team": "TN9LC1S6M",
        "source_team": "TN9LC1S6M",
        "user_profile": {
            "avatar_hash": "90c831cac8ba",
            "image_72": "https:\/\/avatars.slack-edge.com\/2019-09-17\/764115434832_90c831cac8ba4f2fc73e_72.jpg",
            "first_name": "Cindy",
            "real_name": "Cindy Wu",
            "display_name": "cindy",
            "team": "TN9LC1S6M",
            "name": "cindy",
            "is_restricted": false,
            "is_ultra_restricted": false
        }
    }
]