[
    {
        "client_msg_id": "4019a314-8d7f-4288-88dc-d8ac6967603d",
        "type": "message",
        "text": "First post! <http:\/\/jellypbc.com\/posts\/hello-world>",
        "user": "UNG35QZFF",
        "ts": "1569280533.000300",
        "team": "TN9LC1S6M",
        "user_team": "TN9LC1S6M",
        "source_team": "TN9LC1S6M",
        "user_profile": {
            "avatar_hash": "90c831cac8ba",
            "image_72": "https:\/\/avatars.slack-edge.com\/2019-09-17\/764115434832_90c831cac8ba4f2fc73e_72.jpg",
            "first_name": "Cindy",
            "real_name": "Cindy Wu",
            "display_name": "cindy",
            "team": "TN9LC1S6M",
            "name": "cindy",
            "is_restricted": false,
            "is_ultra_restricted": false
        },
        "attachments": [
            {
                "service_name": "jellypbc.com",
                "title": "Hello world!",
                "title_link": "http:\/\/jellypbc.com\/posts\/hello-world",
                "text": "We are very excited to s...",
                "fallback": "jellypbc.com: Hello world!",
                "image_url": "http:\/\/jellypbc.com\/assets\/socialcard-a494ed3ec8af8e6138a640f47d86089393ae46f1cc8cf80db7c1f3a082ddba99.png",
                "from_url": "http:\/\/jellypbc.com\/posts\/hello-world",
                "image_width": 500,
                "image_height": 250,
                "image_bytes": 17593,
                "service_icon": "http:\/\/jellypbc.com\/assets\/favicon-7e40f9a85b50d02d8c2e884d7e1b36727953b1c341bc4e17e9aaa923cfe3754f.png",
                "id": 1,
                "original_url": "http:\/\/jellypbc.com\/posts\/hello-world"
            }
        ],
        "reactions": [
            {
                "name": "tada",
                "users": [
                    "UN74A97FV"
                ],
                "count": 1
            }
        ]
    },
    {
        "user": "UN74A97FV",
        "type": "message",
        "subtype": "channel_join",
        "ts": "1569296304.000600",
        "text": "<@UN74A97FV> has joined the channel"
    }
]