[
    {
        "user": "UP09VUQBC",
        "type": "message",
        "subtype": "channel_join",
        "ts": "1571090185.000200",
        "text": "<@UP09VUQBC> has joined the channel",
        "inviter": "UNG35QZFF"
    },
    {
        "client_msg_id": "8a740645-5557-4de9-a96c-9911bd621c83",
        "type": "message",
        "text": "^ this is the real Jo :laughing:",
        "user": "UNG35QZFF",
        "ts": "1571090208.000500",
        "team": "TN9LC1S6M",
        "user_team": "TN9LC1S6M",
        "source_team": "TN9LC1S6M",
        "user_profile": {
            "avatar_hash": "90c831cac8ba",
            "image_72": "https:\/\/avatars.slack-edge.com\/2019-09-17\/764115434832_90c831cac8ba4f2fc73e_72.jpg",
            "first_name": "Cindy",
            "real_name": "Cindy Wu",
            "display_name": "cindy",
            "team": "TN9LC1S6M",
            "name": "cindy",
            "is_restricted": false,
            "is_ultra_restricted": false
        }
    },
    {
        "client_msg_id": "31347452-d812-483d-855a-da69cc09db80",
        "type": "message",
        "text": "Hi real Jo!",
        "user": "UNWG10HRA",
        "ts": "1571118671.000200",
        "team": "TN9LC1S6M",
        "user_team": "TN9LC1S6M",
        "source_team": "TN9LC1S6M",
        "user_profile": {
            "avatar_hash": "ee171c7f1b5f",
            "image_72": "https:\/\/avatars.slack-edge.com\/2019-10-10\/790008745108_ee171c7f1b5fa98f406b_72.png",
            "first_name": "Eric",
            "real_name": "Eric Wu",
            "display_name": "Eric Wu",
            "team": "TN9LC1S6M",
            "name": "eric.lee.wu",
            "is_restricted": false,
            "is_ultra_restricted": false
        }
    }
]