[
    {
        "user": "UP09VUQBC",
        "type": "message",
        "subtype": "channel_join",
        "ts": "1571758063.000100",
        "text": "<@UP09VUQBC> has joined the channel"
    },
    {
        "client_msg_id": "5e5a4cfa-895f-4d92-a65a-20ef82592ddb",
        "type": "message",
        "text": "Hello, the real Jo finally made it.",
        "user": "UP09VUQBC",
        "ts": "1571758133.000400",
        "team": "TN9LC1S6M",
        "user_team": "TN9LC1S6M",
        "source_team": "TN9LC1S6M",
        "user_profile": {
            "avatar_hash": "ga1177a2063c",
            "image_72": "https:\/\/secure.gravatar.com\/avatar\/a1177a2063cf5075a2b54ffcbd7d6ea4.jpg?s=72&d=https%3A%2F%2Fa.slack-edge.com%2Fdf10d%2Fimg%2Favatars%2Fava_0012-72.png",
            "first_name": "",
            "real_name": "Jo Pauls",
            "display_name": "Jo Pauls",
            "team": "TN9LC1S6M",
            "name": "jo.philipp.pauls",
            "is_restricted": false,
            "is_ultra_restricted": false
        }
    },
    {
        "client_msg_id": "8dea08c0-10d1-4a8f-bbc0-6d3dd7be9b29",
        "type": "message",
        "text": "hello hello jo! welcome!",
        "user": "UNG35QZFF",
        "ts": "1571765920.000200",
        "team": "TN9LC1S6M",
        "user_team": "TN9LC1S6M",
        "source_team": "TN9LC1S6M",
        "user_profile": {
            "avatar_hash": "90c831cac8ba",
            "image_72": "https:\/\/avatars.slack-edge.com\/2019-09-17\/764115434832_90c831cac8ba4f2fc73e_72.jpg",
            "first_name": "Cindy",
            "real_name": "Cindy Wu",
            "display_name": "cindy",
            "team": "TN9LC1S6M",
            "name": "cindy",
            "is_restricted": false,
            "is_ultra_restricted": false
        }
    }
]