[
    {
        "client_msg_id": "eaa619be-059c-4358-b590-1bc411d2491d",
        "type": "message",
        "text": "<@UNWP108SX> <@UNWG10HRA> should I invite Jo Pauls in this private channel?",
        "user": "UNG35QZFF",
        "ts": "1571033197.000400",
        "team": "TN9LC1S6M",
        "user_team": "TN9LC1S6M",
        "source_team": "TN9LC1S6M",
        "user_profile": {
            "avatar_hash": "90c831cac8ba",
            "image_72": "https:\/\/avatars.slack-edge.com\/2019-09-17\/764115434832_90c831cac8ba4f2fc73e_72.jpg",
            "first_name": "Cindy",
            "real_name": "Cindy Wu",
            "display_name": "cindy",
            "team": "TN9LC1S6M",
            "name": "cindy",
            "is_restricted": false,
            "is_ultra_restricted": false
        }
    },
    {
        "client_msg_id": "795C3C8B-A882-42C4-B6A7-5027615C62D5",
        "type": "message",
        "text": "Sure! For me all the merrier ",
        "user": "UNWG10HRA",
        "ts": "1571033725.000500",
        "team": "TN9LC1S6M",
        "user_team": "TN9LC1S6M",
        "source_team": "TN9LC1S6M",
        "user_profile": {
            "avatar_hash": "ee171c7f1b5f",
            "image_72": "https:\/\/avatars.slack-edge.com\/2019-10-10\/790008745108_ee171c7f1b5fa98f406b_72.png",
            "first_name": "Eric",
            "real_name": "Eric Wu",
            "display_name": "Eric Wu",
            "team": "TN9LC1S6M",
            "name": "eric.lee.wu",
            "is_restricted": false,
            "is_ultra_restricted": false
        }
    },
    {
        "user": "UPE7TEAAJ",
        "type": "message",
        "subtype": "channel_join",
        "ts": "1571033744.000700",
        "text": "<@UPE7TEAAJ> has joined the channel",
        "inviter": "UNG35QZFF",
        "reactions": [
            {
                "name": "wave",
                "users": [
                    "UNG35QZFF"
                ],
                "count": 1
            }
        ]
    },
    {
        "client_msg_id": "08ED8C71-0D12-4FBC-84F7-CDB19B3B0D77",
        "type": "message",
        "text": "Hi Jo",
        "user": "UNWG10HRA",
        "ts": "1571034409.001400",
        "team": "TN9LC1S6M",
        "user_team": "TN9LC1S6M",
        "source_team": "TN9LC1S6M",
        "user_profile": {
            "avatar_hash": "ee171c7f1b5f",
            "image_72": "https:\/\/avatars.slack-edge.com\/2019-10-10\/790008745108_ee171c7f1b5fa98f406b_72.png",
            "first_name": "Eric",
            "real_name": "Eric Wu",
            "display_name": "Eric Wu",
            "team": "TN9LC1S6M",
            "name": "eric.lee.wu",
            "is_restricted": false,
            "is_ultra_restricted": false
        }
    },
    {
        "client_msg_id": "3f3d69bc-ecc1-44c0-b5fb-9fdc74b5422f",
        "type": "message",
        "text": "i think he might not be signed up yet :sweat_smile:",
        "user": "UNG35QZFF",
        "ts": "1571034430.001700",
        "team": "TN9LC1S6M",
        "user_team": "TN9LC1S6M",
        "source_team": "TN9LC1S6M",
        "user_profile": {
            "avatar_hash": "90c831cac8ba",
            "image_72": "https:\/\/avatars.slack-edge.com\/2019-09-17\/764115434832_90c831cac8ba4f2fc73e_72.jpg",
            "first_name": "Cindy",
            "real_name": "Cindy Wu",
            "display_name": "cindy",
            "team": "TN9LC1S6M",
            "name": "cindy",
            "is_restricted": false,
            "is_ultra_restricted": false
        }
    },
    {
        "client_msg_id": "5fececd0-7955-4ee5-aa3e-3efb7e549da2",
        "type": "message",
        "text": "haha... oh well I might go nudge him a little bit and try again...",
        "user": "UNWG10HRA",
        "ts": "1571034546.002100",
        "team": "TN9LC1S6M",
        "user_team": "TN9LC1S6M",
        "source_team": "TN9LC1S6M",
        "user_profile": {
            "avatar_hash": "ee171c7f1b5f",
            "image_72": "https:\/\/avatars.slack-edge.com\/2019-10-10\/790008745108_ee171c7f1b5fa98f406b_72.png",
            "first_name": "Eric",
            "real_name": "Eric Wu",
            "display_name": "Eric Wu",
            "team": "TN9LC1S6M",
            "name": "eric.lee.wu",
            "is_restricted": false,
            "is_ultra_restricted": false
        },
        "reactions": [
            {
                "name": "slightly_smiling_face",
                "users": [
                    "UNG35QZFF"
                ],
                "count": 1
            }
        ]
    }
]