[
    {
        "user": "UNG35QZFF",
        "type": "message",
        "subtype": "channel_join",
        "ts": "1570693608.000200",
        "text": "<@UNG35QZFF> has joined the channel"
    },
    {
        "user": "UNWP108SX",
        "type": "message",
        "subtype": "channel_join",
        "ts": "1570693616.000400",
        "text": "<@UNWP108SX> has joined the channel",
        "inviter": "UNG35QZFF"
    },
    {
        "user": "UNWG10HRA",
        "type": "message",
        "subtype": "channel_join",
        "ts": "1570693616.000600",
        "text": "<@UNWG10HRA> has joined the channel",
        "inviter": "UNG35QZFF"
    },
    {
        "client_msg_id": "93b17b89-cec2-4ee9-9552-79de849da721",
        "type": "message",
        "text": "made a private space to discuss yESAO things if it sticks it sticks, if it doesn’t it doesn’t :slightly_smiling_face:",
        "user": "UNG35QZFF",
        "ts": "1570693643.001100",
        "team": "TN9LC1S6M",
        "user_team": "TN9LC1S6M",
        "source_team": "TN9LC1S6M",
        "user_profile": {
            "avatar_hash": "90c831cac8ba",
            "image_72": "https:\/\/avatars.slack-edge.com\/2019-09-17\/764115434832_90c831cac8ba4f2fc73e_72.jpg",
            "first_name": "Cindy",
            "real_name": "Cindy Wu",
            "display_name": "cindy",
            "team": "TN9LC1S6M",
            "name": "cindy",
            "is_restricted": false,
            "is_ultra_restricted": false
        }
    },
    {
        "client_msg_id": "0e5972b1-0c3c-48b9-8275-ab7b51d4e1ad",
        "type": "message",
        "text": "just <@UNWG10HRA> and <@UNWP108SX> and me in here right now 🥳",
        "user": "UNG35QZFF",
        "ts": "1570693683.001700",
        "team": "TN9LC1S6M",
        "user_team": "TN9LC1S6M",
        "source_team": "TN9LC1S6M",
        "user_profile": {
            "avatar_hash": "90c831cac8ba",
            "image_72": "https:\/\/avatars.slack-edge.com\/2019-09-17\/764115434832_90c831cac8ba4f2fc73e_72.jpg",
            "first_name": "Cindy",
            "real_name": "Cindy Wu",
            "display_name": "cindy",
            "team": "TN9LC1S6M",
            "name": "cindy",
            "is_restricted": false,
            "is_ultra_restricted": false
        }
    },
    {
        "client_msg_id": "6a67c1c1-8244-425a-8f1e-af70a13351a1",
        "type": "message",
        "text": "Hi! Thank you!",
        "user": "UNWP108SX",
        "ts": "1570693780.002400",
        "team": "TN9LC1S6M",
        "user_team": "TN9LC1S6M",
        "source_team": "TN9LC1S6M",
        "user_profile": {
            "avatar_hash": "8d5293632e13",
            "image_72": "https:\/\/avatars.slack-edge.com\/2019-10-10\/790382013120_8d5293632e130f66be86_72.png",
            "first_name": "",
            "real_name": "Martin Maw",
            "display_name": "Martin Maw",
            "team": "TN9LC1S6M",
            "name": "martin.maw",
            "is_restricted": false,
            "is_ultra_restricted": false
        },
        "reactions": [
            {
                "name": "wave",
                "users": [
                    "UNWG10HRA"
                ],
                "count": 1
            }
        ]
    },
    {
        "user": "UNJ95CKPG",
        "type": "message",
        "subtype": "channel_join",
        "ts": "1570693796.002600",
        "text": "<@UNJ95CKPG> has joined the channel",
        "inviter": "UNG35QZFF"
    },
    {
        "client_msg_id": "17ab78a7-7e08-4e3a-8a90-1b17310f33e6",
        "type": "message",
        "text": "+ my co-founder <@UNJ95CKPG>. denny, martin and eric are both core team members of the young european society for artifical organs (yESAO). i spoke with them separately about how we could potentially build for their members to collaborate  including a directory for members to find each other by interests\/expertise. just bouncing ideas around right now!",
        "user": "UNG35QZFF",
        "ts": "1570694075.005700",
        "team": "TN9LC1S6M",
        "user_team": "TN9LC1S6M",
        "source_team": "TN9LC1S6M",
        "user_profile": {
            "avatar_hash": "90c831cac8ba",
            "image_72": "https:\/\/avatars.slack-edge.com\/2019-09-17\/764115434832_90c831cac8ba4f2fc73e_72.jpg",
            "first_name": "Cindy",
            "real_name": "Cindy Wu",
            "display_name": "cindy",
            "team": "TN9LC1S6M",
            "name": "cindy",
            "is_restricted": false,
            "is_ultra_restricted": false
        }
    },
    {
        "client_msg_id": "f1954485-aef5-491d-ae98-252f668b5700",
        "type": "message",
        "text": "denny is my co-founder at jelly. we also founded <http:\/\/experiment.com|experiment.com> together.",
        "user": "UNG35QZFF",
        "ts": "1570694102.006200",
        "team": "TN9LC1S6M",
        "user_team": "TN9LC1S6M",
        "source_team": "TN9LC1S6M",
        "user_profile": {
            "avatar_hash": "90c831cac8ba",
            "image_72": "https:\/\/avatars.slack-edge.com\/2019-09-17\/764115434832_90c831cac8ba4f2fc73e_72.jpg",
            "first_name": "Cindy",
            "real_name": "Cindy Wu",
            "display_name": "cindy",
            "team": "TN9LC1S6M",
            "name": "cindy",
            "is_restricted": false,
            "is_ultra_restricted": false
        }
    },
    {
        "client_msg_id": "A26D7EFC-531D-46BF-9EB2-B3FB928C69AA",
        "type": "message",
        "text": "Hi Denny! ",
        "user": "UNWG10HRA",
        "ts": "1570698961.006300",
        "team": "TN9LC1S6M",
        "user_team": "TN9LC1S6M",
        "source_team": "TN9LC1S6M",
        "user_profile": {
            "avatar_hash": "ee171c7f1b5f",
            "image_72": "https:\/\/avatars.slack-edge.com\/2019-10-10\/790008745108_ee171c7f1b5fa98f406b_72.png",
            "first_name": "Eric",
            "real_name": "Eric Wu",
            "display_name": "Eric Wu",
            "team": "TN9LC1S6M",
            "name": "eric.lee.wu",
            "is_restricted": false,
            "is_ultra_restricted": false
        }
    },
    {
        "client_msg_id": "D7A24835-7E9E-4D41-874F-DA8EDA097028",
        "type": "message",
        "text": "Denny, Cindy, thanks for thinking of us ",
        "user": "UNWG10HRA",
        "ts": "1570698984.006400",
        "team": "TN9LC1S6M",
        "user_team": "TN9LC1S6M",
        "source_team": "TN9LC1S6M",
        "user_profile": {
            "avatar_hash": "ee171c7f1b5f",
            "image_72": "https:\/\/avatars.slack-edge.com\/2019-10-10\/790008745108_ee171c7f1b5fa98f406b_72.png",
            "first_name": "Eric",
            "real_name": "Eric Wu",
            "display_name": "Eric Wu",
            "team": "TN9LC1S6M",
            "name": "eric.lee.wu",
            "is_restricted": false,
            "is_ultra_restricted": false
        },
        "reactions": [
            {
                "name": "slightly_smiling_face",
                "users": [
                    "UNG35QZFF"
                ],
                "count": 1
            }
        ]
    },
    {
        "client_msg_id": "38ea546c-df15-49f5-a5f0-f4d5a56a942a",
        "type": "message",
        "text": "hi eric!",
        "user": "UNJ95CKPG",
        "ts": "1570749019.000200",
        "team": "TN9LC1S6M",
        "user_team": "TN9LC1S6M",
        "source_team": "TN9LC1S6M",
        "user_profile": {
            "avatar_hash": "3c827ecd0300",
            "image_72": "https:\/\/avatars.slack-edge.com\/2019-09-23\/759234742083_3c827ecd0300e7312f4f_72.png",
            "first_name": "Denny",
            "real_name": "Denny",
            "display_name": "denny",
            "team": "TN9LC1S6M",
            "name": "denny",
            "is_restricted": false,
            "is_ultra_restricted": false
        }
    }
]