[
    {
        "user": "UNG35QZFF",
        "type": "message",
        "subtype": "channel_join",
        "ts": "1569286521.000200",
        "text": "<@UNG35QZFF> has joined the channel"
    },
    {
        "client_msg_id": "50b6c7f1-3c9b-407a-acc3-bc60c2af6076",
        "type": "message",
        "text": "Rules apply across the entire workspace, including messages and attachments you send, your name, as well as your profile picture. By using this workspace, we expect you not only follow this workspace’s rules, but also Slack’s Terms of Service (<https:\/\/slack.com\/legal>), and Slack’s Community Guidelines (<https:\/\/api.slack.com\/docs\/community-code-of-conduct>). Any violations of such, as well as the following rules, may result in disciplinary action.\n\n1. Remember to be respectful of others. Hate speech, racism, sexual slurs, and disrespect will not be tolerated.\n2. Please keep the workspace safe for work. Do not post NSFW or NSFL content. This includes your avatar, nickname, and your own messages.\n3. Avoid spamming! This includes repetitive sending of messages, memes, emojis, images, ASCII images, embeds, and unsolicited DM’s to other users.\n4. Please be observant of the channels and their intended use.\n5. Don’t behave in a toxic manner. This includes but is not limited to; instigating drama, or back-seat modding. If there is a disagreement with a user that is uncivil, work to diffuse it or ping a moderator <@UNG35QZFF> or <@UNJ95CKPG>).\n6. These rules are not indicative of a full list, and moderators will act at their own discretion.",
        "user": "UNG35QZFF",
        "ts": "1569286957.000600",
        "team": "TN9LC1S6M",
        "user_team": "TN9LC1S6M",
        "source_team": "TN9LC1S6M",
        "user_profile": {
            "avatar_hash": "90c831cac8ba",
            "image_72": "https:\/\/avatars.slack-edge.com\/2019-09-17\/764115434832_90c831cac8ba4f2fc73e_72.jpg",
            "first_name": "Cindy",
            "real_name": "Cindy Wu",
            "display_name": "cindy",
            "team": "TN9LC1S6M",
            "name": "cindy",
            "is_restricted": false,
            "is_ultra_restricted": false
        },
        "edited": {
            "user": "UNG35QZFF",
            "ts": "1569286973.000000"
        }
    },
    {
        "user": "UNJ95CKPG",
        "type": "message",
        "subtype": "channel_join",
        "ts": "1569286964.000900",
        "text": "<@UNJ95CKPG> has joined the channel",
        "inviter": "UNG35QZFF"
    },
    {
        "client_msg_id": "b1561b7e-4c0e-4b73-8855-989695b760df",
        "type": "message",
        "text": "Version history of rules will be stored here <https:\/\/gitlab.com\/cindyw\/jelly\/wikis\/Jelly-Community-Slack-Rules>",
        "user": "UNG35QZFF",
        "ts": "1569291138.001400",
        "team": "TN9LC1S6M",
        "user_team": "TN9LC1S6M",
        "source_team": "TN9LC1S6M",
        "user_profile": {
            "avatar_hash": "90c831cac8ba",
            "image_72": "https:\/\/avatars.slack-edge.com\/2019-09-17\/764115434832_90c831cac8ba4f2fc73e_72.jpg",
            "first_name": "Cindy",
            "real_name": "Cindy Wu",
            "display_name": "cindy",
            "team": "TN9LC1S6M",
            "name": "cindy",
            "is_restricted": false,
            "is_ultra_restricted": false
        },
        "attachments": [
            {
                "service_name": "GitLab",
                "title": "Jelly Community Slack Rules · Wiki · Cindy Wu \/ jelly",
                "title_link": "https:\/\/gitlab.com\/cindyw\/jelly\/wikis\/Jelly-Community-Slack-Rules",
                "text": "<http:\/\/GitLab.com|GitLab.com>",
                "fallback": "GitLab: Jelly Community Slack Rules · Wiki · Cindy Wu \/ jelly",
                "thumb_url": "https:\/\/assets.gitlab-static.net\/assets\/gitlab_logo-7ae504fe4f68fdebb3c2034e36621930cd36ea87924c11ff65dbcb8ed50dca58.png",
                "from_url": "https:\/\/gitlab.com\/cindyw\/jelly\/wikis\/Jelly-Community-Slack-Rules",
                "thumb_width": 128,
                "thumb_height": 128,
                "service_icon": "https:\/\/assets.gitlab-static.net\/assets\/touch-icon-iphone-5a9cee0e8a51212e70b90c87c12f382c428870c0ff67d1eb034d884b78d2dae7.png",
                "id": 1,
                "original_url": "https:\/\/gitlab.com\/cindyw\/jelly\/wikis\/Jelly-Community-Slack-Rules"
            }
        ]
    }
]