[
    {
        "client_msg_id": "f2651670-e0c2-4abd-9c57-2a704353307a",
        "type": "message",
        "text": "I actually just applied to join IGDORE last week. I’ve been following them for a little while after coming across them and the Ronin Institute in a Nature editorial. I liked IGDORE’s description of themselves more than Ronin, in particular, their commitment to open science. (I also thought I would be more likely to apply for EU grant money than from the US).\n\nThis is a good overview:\n<https:\/\/medium.com\/@IGDORE\/new-academia-a-safe-harbour-for-researchers-who-love-science-c4baa87c1ebe>",
        "user": "UNVFX3UKT",
        "ts": "1570297497.000100",
        "team": "TN9LC1S6M",
        "user_team": "TN9LC1S6M",
        "source_team": "TN9LC1S6M",
        "user_profile": {
            "avatar_hash": "217cde18d5d5",
            "image_72": "https:\/\/avatars.slack-edge.com\/2019-10-04\/786032189079_217cde18d5d56898ba92_72.jpg",
            "first_name": "",
            "real_name": "Gavin",
            "display_name": "Gavin",
            "team": "TN9LC1S6M",
            "name": "gavin.taylor.01",
            "is_restricted": false,
            "is_ultra_restricted": false
        },
        "attachments": [
            {
                "service_name": "Medium",
                "title": "‘New academia’ — a safe harbour for researchers who love science",
                "title_link": "https:\/\/medium.com\/@IGDORE\/new-academia-a-safe-harbour-for-researchers-who-love-science-c4baa87c1ebe",
                "text": "By Dr. Rebecca Willén, founder of IGDORE",
                "fallback": "Medium: ‘New academia’ — a safe harbour for researchers who love science",
                "image_url": "https:\/\/miro.medium.com\/max\/1200\/1*8QMEBwMi9FYwhebKBMGSMw.jpeg",
                "fields": [
                    {
                        "title": "Reading time",
                        "value": "8 min read",
                        "short": true
                    }
                ],
                "ts": 1531338692,
                "from_url": "https:\/\/medium.com\/@IGDORE\/new-academia-a-safe-harbour-for-researchers-who-love-science-c4baa87c1ebe",
                "image_width": 393,
                "image_height": 250,
                "image_bytes": 248534,
                "service_icon": "https:\/\/cdn-images-1.medium.com\/fit\/c\/152\/152\/1*8I-HPL0bfoIzGied-dzOvA.png",
                "id": 1,
                "original_url": "https:\/\/medium.com\/@IGDORE\/new-academia-a-safe-harbour-for-researchers-who-love-science-c4baa87c1ebe"
            }
        ],
        "thread_ts": "1570202517.001000",
        "parent_user_id": "UNVFX3UKT"
    }
]