[
    {
        "user": "UNVFX3UKT",
        "type": "message",
        "subtype": "channel_join",
        "ts": "1570202458.000200",
        "text": "<@UNVFX3UKT> has joined the channel"
    },
    {
        "client_msg_id": "4cd16635-1abe-4328-aaca-fa0b67171f8c",
        "type": "message",
        "text": "Hi all, replied this to the thread in general but then found the IRB discussion, so copied it here:\n\nIGDORE is also planning to create an IRB for indpendent researchers.\n(you might have to create an account to view the post in their forum)\n\n<https:\/\/forum.igdore.org\/t\/igdore-project-starting-our-own-irb\/296>",
        "user": "UNVFX3UKT",
        "ts": "1570202517.001000",
        "team": "TN9LC1S6M",
        "user_team": "TN9LC1S6M",
        "source_team": "TN9LC1S6M",
        "user_profile": {
            "avatar_hash": "217cde18d5d5",
            "image_72": "https:\/\/avatars.slack-edge.com\/2019-10-04\/786032189079_217cde18d5d56898ba92_72.jpg",
            "first_name": "",
            "real_name": "Gavin",
            "display_name": "Gavin",
            "team": "TN9LC1S6M",
            "name": "gavin.taylor.01",
            "is_restricted": false,
            "is_ultra_restricted": false
        },
        "attachments": [
            {
                "title": "On Science &amp; Academia",
                "title_link": "https:\/\/forum.igdore.org\/t\/igdore-project-starting-our-own-irb\/296",
                "text": "A place for researchers, students, and the science-interested public, to discuss good science; bad science; statistics; openness; academia.",
                "fallback": "On Science &amp; Academia",
                "thumb_url": "https:\/\/aws1.discourse-cdn.com\/standard17\/uploads\/igdore1\/original\/1X\/6a148adef499024600a95584d6200233fd143419.png",
                "from_url": "https:\/\/forum.igdore.org\/t\/igdore-project-starting-our-own-irb\/296",
                "thumb_width": 512,
                "thumb_height": 512,
                "service_icon": "https:\/\/aws1.discourse-cdn.com\/standard17\/uploads\/igdore1\/optimized\/1X\/6a148adef499024600a95584d6200233fd143419_2_180x180.png",
                "service_name": "forum.igdore.org",
                "id": 1,
                "original_url": "https:\/\/forum.igdore.org\/t\/igdore-project-starting-our-own-irb\/296"
            }
        ],
        "thread_ts": "1570202517.001000",
        "reply_count": 2,
        "reply_users_count": 2,
        "latest_reply": "1570297497.000100",
        "reply_users": [
            "UNG35QZFF",
            "UNVFX3UKT"
        ],
        "replies": [
            {
                "user": "UNG35QZFF",
                "ts": "1570217918.000100"
            },
            {
                "user": "UNVFX3UKT",
                "ts": "1570297497.000100"
            }
        ],
        "subscribed": true,
        "last_read": "1570357653.000200",
        "reactions": [
            {
                "name": "eyes",
                "users": [
                    "UNB3ACN0K"
                ],
                "count": 1
            }
        ]
    },
    {
        "client_msg_id": "45eaa6be-9e66-42b3-999b-b712ac3e898c",
        "type": "message",
        "text": "very neat! thanks for sharing. this is the first time i’m hearing about IGDORE.",
        "user": "UNG35QZFF",
        "ts": "1570217918.000100",
        "team": "TN9LC1S6M",
        "user_team": "TN9LC1S6M",
        "source_team": "TN9LC1S6M",
        "user_profile": {
            "avatar_hash": "90c831cac8ba",
            "image_72": "https:\/\/avatars.slack-edge.com\/2019-09-17\/764115434832_90c831cac8ba4f2fc73e_72.jpg",
            "first_name": "Cindy",
            "real_name": "Cindy Wu",
            "display_name": "cindy",
            "team": "TN9LC1S6M",
            "name": "cindy",
            "is_restricted": false,
            "is_ultra_restricted": false
        },
        "thread_ts": "1570202517.001000",
        "parent_user_id": "UNVFX3UKT"
    }
]