[
    {
        "user": "UNB3ACN0K",
        "type": "message",
        "subtype": "channel_join",
        "ts": "1569966533.000200",
        "text": "<@UNB3ACN0K> has joined the channel"
    },
    {
        "user": "UNG35QZFF",
        "type": "message",
        "subtype": "channel_join",
        "ts": "1569966533.000400",
        "text": "<@UNG35QZFF> has joined the channel",
        "inviter": "UNB3ACN0K"
    },
    {
        "user": "UNGJ0B58A",
        "type": "message",
        "subtype": "channel_join",
        "ts": "1569966533.000600",
        "text": "<@UNGJ0B58A> has joined the channel",
        "inviter": "UNB3ACN0K"
    },
    {
        "client_msg_id": "e8dd3231-374b-4d7d-8e3d-710611688dde",
        "type": "message",
        "text": "hello hello!",
        "user": "UNG35QZFF",
        "ts": "1569967143.000800",
        "team": "TN9LC1S6M",
        "user_team": "TN9LC1S6M",
        "source_team": "TN9LC1S6M",
        "user_profile": {
            "avatar_hash": "90c831cac8ba",
            "image_72": "https:\/\/avatars.slack-edge.com\/2019-09-17\/764115434832_90c831cac8ba4f2fc73e_72.jpg",
            "first_name": "Cindy",
            "real_name": "Cindy Wu",
            "display_name": "cindy",
            "team": "TN9LC1S6M",
            "name": "cindy",
            "is_restricted": false,
            "is_ultra_restricted": false
        }
    },
    {
        "type": "message",
        "text": "",
        "files": [
            {
                "id": "FNLPWAC4T",
                "created": 1569967175,
                "timestamp": 1569967175,
                "name": "image.png",
                "title": "image.png",
                "mimetype": "image\/png",
                "filetype": "png",
                "pretty_type": "PNG",
                "user": "UNG35QZFF",
                "editable": false,
                "size": 115225,
                "mode": "hosted",
                "is_external": false,
                "external_type": "",
                "is_public": true,
                "public_url_shared": false,
                "display_as_bot": false,
                "username": "",
                "url_private": "https:\/\/files.slack.com\/files-pri\/TN9LC1S6M-FNLPWAC4T\/image.png?t=xoxe-757692060225-808518148580-808990851829-cb70f89030c5a979dfbdab397746fcee",
                "url_private_download": "https:\/\/files.slack.com\/files-pri\/TN9LC1S6M-FNLPWAC4T\/download\/image.png?t=xoxe-757692060225-808518148580-808990851829-cb70f89030c5a979dfbdab397746fcee",
                "thumb_64": "https:\/\/files.slack.com\/files-tmb\/TN9LC1S6M-FNLPWAC4T-dc570810ec\/image_64.png?t=xoxe-757692060225-808518148580-808990851829-cb70f89030c5a979dfbdab397746fcee",
                "thumb_80": "https:\/\/files.slack.com\/files-tmb\/TN9LC1S6M-FNLPWAC4T-dc570810ec\/image_80.png?t=xoxe-757692060225-808518148580-808990851829-cb70f89030c5a979dfbdab397746fcee",
                "thumb_360": "https:\/\/files.slack.com\/files-tmb\/TN9LC1S6M-FNLPWAC4T-dc570810ec\/image_360.png?t=xoxe-757692060225-808518148580-808990851829-cb70f89030c5a979dfbdab397746fcee",
                "thumb_360_w": 249,
                "thumb_360_h": 360,
                "thumb_480": "https:\/\/files.slack.com\/files-tmb\/TN9LC1S6M-FNLPWAC4T-dc570810ec\/image_480.png?t=xoxe-757692060225-808518148580-808990851829-cb70f89030c5a979dfbdab397746fcee",
                "thumb_480_w": 332,
                "thumb_480_h": 480,
                "thumb_160": "https:\/\/files.slack.com\/files-tmb\/TN9LC1S6M-FNLPWAC4T-dc570810ec\/image_160.png?t=xoxe-757692060225-808518148580-808990851829-cb70f89030c5a979dfbdab397746fcee",
                "image_exif_rotation": 1,
                "original_w": 440,
                "original_h": 637,
                "permalink": "https:\/\/jelly-community.slack.com\/files\/UNG35QZFF\/FNLPWAC4T\/image.png",
                "permalink_public": "https:\/\/slack-files.com\/TN9LC1S6M-FNLPWAC4T-614ffe25be",
                "is_starred": false,
                "has_rich_preview": false
            }
        ],
        "upload": true,
        "user": "UNG35QZFF",
        "display_as_bot": false,
        "ts": "1569967178.000900",
        "client_msg_id": "1d189ad3-911c-41a4-9c07-c2f308990f97"
    },
    {
        "user": "UNJ95CKPG",
        "type": "message",
        "subtype": "channel_join",
        "ts": "1569969445.001300",
        "text": "<@UNJ95CKPG> has joined the channel"
    },
    {
        "client_msg_id": "f6079d05-6149-4513-a31a-7c0442fe3a42",
        "type": "message",
        "text": "Continuing IRB discussion here!",
        "user": "UNB3ACN0K",
        "ts": "1569970848.001600",
        "team": "TN9LC1S6M",
        "user_team": "TN9LC1S6M",
        "source_team": "TN9LC1S6M",
        "user_profile": {
            "avatar_hash": "22c5c1201ad6",
            "image_72": "https:\/\/avatars.slack-edge.com\/2019-09-23\/757895371826_22c5c1201ad643cd29f8_72.png",
            "first_name": "Andrea",
            "real_name": "Andrea Mazzocchi",
            "display_name": "Andrea Mazzocchi",
            "team": "TN9LC1S6M",
            "name": "amazzocchi13",
            "is_restricted": false,
            "is_ultra_restricted": false
        }
    },
    {
        "client_msg_id": "613cefad-5cfe-4ff7-a545-0218ca78f9ba",
        "type": "message",
        "text": "<@UNY325M8Q> might have some insights here. he has 10 years managing clinical trials in academia and pharma. He’s now making a platform to democratize patient access to clinical trials. Tom, we started a conversation about how we can make IRB accessible to scientists outside of academia.\n\nFrom my end, we have often turned away scientists on Experiment because they didn’t have IRB. There has been this idea for a “universal IRB” for a while now, but never came to fruition.\n\n<@UNGJ0B58A> is a high school student and scientist at bronx high school of science who figured out how to get IRB for her independent project. Though, it has been challenging for other students at her school to get access to IRB.\n\n<@UNB3ACN0K> is looking to leave academia after her PhD and concerned about losing access to patient info (usually accessible via IRB)\n\nBack in 2012, Elizabeth Iorns (<http:\/\/scienceexchange.com|scienceexchange.com>) and Jessica Richman (<http:\/\/ubiome.com|ubiome.com>) and I had a conversation about making a universal IRB… but nothing ever came of it. I also haven’t seen any attempts at this. To be fair, I haven’t done a deep dive.",
        "user": "UNG35QZFF",
        "ts": "1569971367.007100",
        "team": "TN9LC1S6M",
        "user_team": "TN9LC1S6M",
        "source_team": "TN9LC1S6M",
        "user_profile": {
            "avatar_hash": "90c831cac8ba",
            "image_72": "https:\/\/avatars.slack-edge.com\/2019-09-17\/764115434832_90c831cac8ba4f2fc73e_72.jpg",
            "first_name": "Cindy",
            "real_name": "Cindy Wu",
            "display_name": "cindy",
            "team": "TN9LC1S6M",
            "name": "cindy",
            "is_restricted": false,
            "is_ultra_restricted": false
        }
    },
    {
        "user": "UNY325M8Q",
        "type": "message",
        "subtype": "channel_join",
        "ts": "1569971371.007300",
        "text": "<@UNY325M8Q> has joined the channel",
        "inviter": "UNG35QZFF"
    },
    {
        "client_msg_id": "d73c0776-407c-4513-b7b0-676c97c3e2b5",
        "type": "message",
        "text": "I'm interested to hear more about the concept of universal IRB - my university which is linked with a hospital has access to a universal IRB, the Tumor and Tissue Core which allows us as researchers to access any materials that have been consented under the universal IRB. Even though we are all interested in IRBs and accessing data, I think the challenge may start when you consider how many different types of data there are. For myself, I'm interested in accessing tissue slides - a real trick if you aren't in with the hospital. Challenges are great though and this one is SO important for democratizing science.",
        "user": "UNB3ACN0K",
        "ts": "1569971775.010400",
        "team": "TN9LC1S6M",
        "user_team": "TN9LC1S6M",
        "source_team": "TN9LC1S6M",
        "user_profile": {
            "avatar_hash": "22c5c1201ad6",
            "image_72": "https:\/\/avatars.slack-edge.com\/2019-09-23\/757895371826_22c5c1201ad643cd29f8_72.png",
            "first_name": "Andrea",
            "real_name": "Andrea Mazzocchi",
            "display_name": "Andrea Mazzocchi",
            "team": "TN9LC1S6M",
            "name": "amazzocchi13",
            "is_restricted": false,
            "is_ultra_restricted": false
        },
        "reactions": [
            {
                "name": "eyes",
                "users": [
                    "UNG35QZFF"
                ],
                "count": 1
            }
        ]
    },
    {
        "type": "message",
        "text": "Thanks, <@UNG35QZFF>! <@UNGJ0B58A>, <@UNB3ACN0K> - Attached is a publication from a few years back about how to do human subjects research without direct access to an institutional IRB. Essentially, options are to a) partner with institutional IRB (practical if you have academic collaborators), b) create your own IRB (great for bigger company, less-so ofr start-ups), or c) use a commercial IRB (list here: <http:\/\/www.circare.org\/info\/commercialirb.htm>) .\n\nI'm planning to create my own IRB, although will likely need to wait until next year using a (yet unconfirmed) NIH grant I'm applying for.  Let's stay connected if that's helpful with your timeline\/needs.\n\nFor immediate need, it can be quite easy to use a university's IRB if you have a contact - happy to provide strategy here if helpful. Alternatively, Commercial is actually a good option and the easiest route of all, but of course costs money.",
        "files": [
            {
                "id": "FNKHQASUA",
                "created": 1569973132,
                "timestamp": 1569973132,
                "name": "2008_Rice-how-to-do-researcher-wo-institutional-IRB.pdf",
                "title": "2008_Rice-how-to-do-researcher-wo-institutional-IRB.pdf",
                "mimetype": "application\/pdf",
                "filetype": "pdf",
                "pretty_type": "PDF",
                "user": "UNY325M8Q",
                "editable": false,
                "size": 50347,
                "mode": "hosted",
                "is_external": false,
                "external_type": "",
                "is_public": true,
                "public_url_shared": false,
                "display_as_bot": false,
                "username": "",
                "url_private": "https:\/\/files.slack.com\/files-pri\/TN9LC1S6M-FNKHQASUA\/2008_rice-how-to-do-researcher-wo-institutional-irb.pdf?t=xoxe-757692060225-808518148580-808990851829-cb70f89030c5a979dfbdab397746fcee",
                "url_private_download": "https:\/\/files.slack.com\/files-pri\/TN9LC1S6M-FNKHQASUA\/download\/2008_rice-how-to-do-researcher-wo-institutional-irb.pdf?t=xoxe-757692060225-808518148580-808990851829-cb70f89030c5a979dfbdab397746fcee",
                "thumb_pdf": "https:\/\/files.slack.com\/files-tmb\/TN9LC1S6M-FNKHQASUA-49065f9afc\/2008_rice-how-to-do-researcher-wo-institutional-irb_thumb_pdf.png?t=xoxe-757692060225-808518148580-808990851829-cb70f89030c5a979dfbdab397746fcee",
                "thumb_pdf_w": 921,
                "thumb_pdf_h": 1224,
                "permalink": "https:\/\/jelly-community.slack.com\/files\/UNY325M8Q\/FNKHQASUA\/2008_rice-how-to-do-researcher-wo-institutional-irb.pdf",
                "permalink_public": "https:\/\/slack-files.com\/TN9LC1S6M-FNKHQASUA-4541b9dbe6",
                "is_starred": false,
                "has_rich_preview": false
            }
        ],
        "upload": true,
        "user": "UNY325M8Q",
        "display_as_bot": false,
        "ts": "1569973133.010900",
        "client_msg_id": "f9afb2fa-d377-42bb-84d2-c2d90601d1f7",
        "thread_ts": "1569973133.010900",
        "reply_count": 1,
        "reply_users_count": 1,
        "latest_reply": "1569973188.011300",
        "reply_users": [
            "UNB3ACN0K"
        ],
        "replies": [
            {
                "user": "UNB3ACN0K",
                "ts": "1569973188.011300"
            }
        ],
        "subscribed": true,
        "last_read": "1569973188.011300",
        "reactions": [
            {
                "name": "eyes",
                "users": [
                    "UNG35QZFF"
                ],
                "count": 1
            }
        ]
    },
    {
        "client_msg_id": "581fd432-2d27-452a-8a03-a56ced687d60",
        "type": "message",
        "text": "This is a great share - thank you!",
        "user": "UNB3ACN0K",
        "ts": "1569973188.011300",
        "team": "TN9LC1S6M",
        "user_team": "TN9LC1S6M",
        "source_team": "TN9LC1S6M",
        "user_profile": {
            "avatar_hash": "22c5c1201ad6",
            "image_72": "https:\/\/avatars.slack-edge.com\/2019-09-23\/757895371826_22c5c1201ad643cd29f8_72.png",
            "first_name": "Andrea",
            "real_name": "Andrea Mazzocchi",
            "display_name": "Andrea Mazzocchi",
            "team": "TN9LC1S6M",
            "name": "amazzocchi13",
            "is_restricted": false,
            "is_ultra_restricted": false
        },
        "thread_ts": "1569973133.010900",
        "parent_user_id": "UNY325M8Q"
    }
]