[
    {
        "user": "UNG35QZFF",
        "type": "message",
        "subtype": "channel_join",
        "ts": "1569286568.000200",
        "text": "<@UNG35QZFF> has joined the channel"
    },
    {
        "client_msg_id": "21c2fda4-b063-414e-a914-98bb5a552a50",
        "type": "message",
        "text": "Our website: <https:\/\/jellypbc.com>\n\nSlack: <http:\/\/jelly-community.slack.com>\n\nTwitter: <http:\/\/twitter.com\/jellypbc>\n\nNewsletter signup: <https:\/\/mailchi.mp\/942ff16d32c6\/jelly>",
        "user": "UNG35QZFF",
        "ts": "1569287420.001100",
        "team": "TN9LC1S6M",
        "user_team": "TN9LC1S6M",
        "source_team": "TN9LC1S6M",
        "user_profile": {
            "avatar_hash": "90c831cac8ba",
            "image_72": "https:\/\/avatars.slack-edge.com\/2019-09-17\/764115434832_90c831cac8ba4f2fc73e_72.jpg",
            "first_name": "Cindy",
            "real_name": "Cindy Wu",
            "display_name": "cindy",
            "team": "TN9LC1S6M",
            "name": "cindy",
            "is_restricted": false,
            "is_ultra_restricted": false
        },
        "edited": {
            "user": "UNG35QZFF",
            "ts": "1569287428.000000"
        }
    }
]